stockcode,descricao,categoria_acao,prioridade_na_categoria,perfil_frequencia,curva_abc,medidor_ruptura,primeira_venda,ultima_venda,dias_com_venda,periodo_silencio,ritmo_medio_dias,silencio_relativo,maior_intervalo_dias,piso_silencio_dias,faturamento_total,quantidade_total,receita_dia_vendido,taxa_semana,prob_silencio_por_acaso,share_top_cliente,dias_sem_comprar_top_cliente,sazonal_por_nome,acima_da_mediana,corte_faturamento
10002,INFLATABLE POLITICAL GLOBE,fora_do_escopo,,semanal,A,normal,2009-12-01,2010-12-09,187,0,2.01,0.00,12,14,6338.01,7976,33.89,118.31,1.0000,0.285,15,f,t,733.42
10002R,ROBOT PENCIL SHARPNER,fora_do_escopo,,ocasional,C,ruptura,2009-12-02,2010-01-25,3,318,27.00,11.78,38,,20.57,4,6.86,1.78,0.0000,,,f,f,733.42
10080,GROOVY CACTUS INFLATABLE,fora_do_escopo,,ocasional,C,normal,2009-12-02,2010-11-21,5,18,88.50,0.20,237,,10.20,12,2.04,0.16,0.8160,0.583,0,f,f,733.42
10120,DOGGY RUBBER,fora_do_escopo,,mensal,C,normal,2009-12-01,2010-12-08,42,1,9.07,0.11,67,28,105.57,487,2.51,1.94,0.8956,0.119,3,f,f,733.42
10123C,HEARTS WRAPPING TAPE,fora_do_escopo,,semanal,C,normal,2009-12-01,2010-12-03,54,6,6.92,0.87,27,14,253.76,649,4.70,4.75,0.4204,0.201,9,f,f,733.42
10123G,ARMY CAMO WRAPPING TAPE,fora_do_escopo,,ocasional,C,normal,2009-12-01,2010-11-29,15,10,25.93,0.39,226,,165.56,2251,11.04,2.98,0.6800,0.400,73,f,f,733.42
10124A,SPOTS ON RED BOOKCOVER TAPE,fora_do_escopo,,ocasional,C,normal,2010-03-19,2010-12-06,14,3,20.15,0.15,55,,19.32,46,1.38,0.48,0.8617,0.196,10,f,f,733.42
10124G,ARMY CAMO BOOKCOVER TAPE,fora_do_escopo,,ocasional,C,normal,2010-05-13,2010-12-02,7,7,33.83,0.21,71,,9.24,21,1.32,0.27,0.8131,0.227,4,f,f,733.42
10125,MINI FUNKY DESIGN TAPES,fora_do_escopo,,semanal,B,normal,2009-12-01,2010-12-08,64,1,5.90,0.17,38,14,763.36,855,11.93,14.14,0.8442,0.089,48,f,t,733.42
10133,COLOURING PENCILS BROWN TUBE,fora_do_escopo,,semanal,B,normal,2009-12-01,2010-12-09,83,0,4.55,0.00,23,14,863.37,1015,10.40,16.01,1.0000,0.135,6,f,t,733.42
10134,COLOURING PENCILS BROWN TUBE,fora_do_escopo,,mensal,C,ruptura,2009-12-03,2010-11-12,45,27,7.82,3.45,31,28,723.63,627,16.08,14.40,0.0316,0.293,6,f,f,733.42
10135,COLOURING PENCILS BROWN TUBE,fora_do_escopo,,semanal,B,normal,2009-12-01,2010-12-09,116,0,3.24,0.00,14,14,2435.21,2042,20.99,45.31,1.0000,0.305,289,f,t,733.42
10138,ASSORTED COLOUR JUMBO PEN,fora_do_escopo,,mensal,C,ruptura,2009-12-02,2010-04-20,18,233,8.18,28.50,33,28,111.22,261,6.18,5.29,0.0000,0.363,1,f,f,733.42
11001,ASSTD DESIGN RACING CAR PEN,fora_do_escopo,,semanal,A,normal,2009-12-01,2010-12-09,108,0,3.49,0.00,23,14,5120.53,3270,47.41,95.21,1.0000,0.328,15,f,t,733.42
15030,FAN BLACK FRAME,fora_do_escopo,,ocasional,C,atraso,2009-12-13,2010-10-31,14,39,24.77,1.57,50,,32.19,111,2.30,0.65,0.2071,0.270,137,f,f,733.42
15034,PAPER POCKET TRAVELING FAN,fora_do_escopo,,semanal,C,normal,2009-12-01,2010-12-09,100,0,3.77,0.00,23,14,594.19,3675,5.94,11.04,1.0000,0.175,6,f,f,733.42
15036,ASSORTED COLOURS SILK FAN,fora_do_escopo,,diario,A,normal,2009-12-01,2010-12-09,207,0,1.81,0.00,12,7,14471.71,20539,69.91,270.28,1.0000,0.081,59,f,t,733.42
15039,SANDALWOOD FAN,fora_do_escopo,,semanal,B,normal,2009-12-03,2010-12-07,119,2,3.13,0.64,25,14,2382.24,3028,20.02,44.81,0.5275,0.111,0,f,t,733.42
15044A,PINK PAPER PARASOL,monitorar,5,semanal,A,indicio,2009-12-07,2010-11-29,107,10,3.37,2.97,32,14,11771.83,4506,110.02,228.66,0.0513,0.758,50,f,t,733.42
15044B,BLUE PAPER PARASOL,fora_do_escopo,,semanal,A,normal,2009-12-01,2010-12-06,100,3,3.74,0.80,36,14,3709.11,1352,37.09,69.47,0.4481,0.344,50,f,t,733.42
15044C,PURPLE PAPER PARASOL,fora_do_escopo,,semanal,B,normal,2009-12-01,2010-12-06,112,3,3.33,0.90,22,14,2024.94,659,18.08,37.97,0.4066,0.126,2,f,t,733.42
15044D,RED PAPER PARASOL,fora_do_escopo,,semanal,A,normal,2009-12-01,2010-12-06,110,3,3.39,0.88,22,14,2745.80,953,24.96,51.48,0.4132,0.093,2,f,t,733.42
15056BL,EDWARDIAN PARASOL BLACK,fora_do_escopo,,diario,A,normal,2009-12-01,2010-12-09,240,0,1.56,0.00,13,7,32769.69,6841,136.54,612.42,1.0000,0.165,0,f,t,733.42
15056N,EDWARDIAN PARASOL NATURAL,fora_do_escopo,,diario,A,normal,2009-12-01,2010-12-09,248,0,1.51,0.00,17,7,36925.26,7469,148.89,690.17,1.0000,0.146,0,f,t,733.42
15056P,EDWARDIAN PARASOL PINK,fora_do_escopo,,semanal,A,normal,2009-12-01,2010-12-09,148,0,2.54,0.00,27,14,8346.74,1768,56.40,155.58,1.0000,0.216,0,f,t,733.42
15058A,BLUE POLKADOT GARDEN PARASOL,provavel_descontinuacao,103,semanal,B,ruptura,2010-01-24,2010-08-27,44,104,5.00,20.80,28,14,1485.24,276,33.76,47.26,0.0000,0.099,17,f,t,733.42
15058B,PINK POLKADOT GARDEN PARASOL,fora_do_escopo,,mensal,B,atraso,2010-01-13,2010-11-29,46,10,7.11,1.41,85,28,1442.40,210,31.36,30.87,0.2451,0.082,1,f,t,733.42
15058C,ICE CREAM DESIGN GARDEN PARASOL,monitorar,58,semanal,B,ruptura,2010-01-24,2010-11-10,46,29,6.44,4.50,51,14,1323.90,230,28.78,31.26,0.0111,0.090,8,f,t,733.42
15059A,ENGLISH ROSE EDWARDIAN PARASOL,fora_do_escopo,,diario,B,ruptura,2009-12-01,2009-12-03,3,371,1.00,371.00,1,7,1567.00,509,522.33,3656.33,0.0000,0.967,0,f,t,733.42
15060B,FAIRY CAKE DESIGN UMBRELLA,fora_do_escopo,,diario,A,normal,2009-12-03,2010-12-09,194,0,1.92,0.00,13,7,4767.97,989,24.58,89.50,1.0000,0.037,29,f,t,733.42
16008,SMALL FOLDING SCISSOR(POINTED EDGE),fora_do_escopo,,mensal,C,normal,2010-03-19,2010-12-09,15,0,18.93,0.00,98,28,62.75,251,4.18,1.55,1.0000,0.343,2,f,f,733.42
16010,FOLDING CAMPING SCISSOR W/KNIF & S,fora_do_escopo,,ocasional,C,normal,2010-01-17,2010-12-05,2,4,322.00,0.01,322,,1.68,14,0.84,0.02,0.9877,0.857,0,f,f,733.42
16011,ANIMAL STICKERS,fora_do_escopo,,semanal,C,normal,2009-12-04,2010-12-06,62,3,6.02,0.50,32,14,446.73,2133,7.21,8.38,0.6074,0.121,3,f,f,733.42
16012,FOOD/DRINK SPONGE STICKERS,fora_do_escopo,,mensal,C,normal,2009-12-02,2010-12-02,44,7,8.49,0.82,59,28,361.89,1729,8.22,6.78,0.4384,0.139,13,f,f,733.42
16014,SMALL CHINESE STYLE SCISSOR,fora_do_escopo,,mensal,A,normal,2009-12-03,2010-12-09,42,0,9.05,0.00,49,28,5503.64,17042,131.04,101.37,1.0000,0.465,41,f,t,733.42
16015,MEDIUM CHINESE STYLE SCISSOR,fora_do_escopo,,mensal,C,normal,2009-12-03,2010-12-09,38,0,10.03,0.00,45,28,421.90,911,11.10,7.75,1.0000,0.171,10,f,f,733.42
16016,LARGE CHINESE STYLE SCISSOR,fora_do_escopo,,mensal,B,normal,2009-12-03,2010-12-09,42,0,9.05,0.00,32,28,837.65,1065,19.94,15.43,1.0000,0.344,10,f,t,733.42
16020C,CLEAR STATIONERY BOX SET,fora_do_escopo,,mensal,C,atraso,2009-12-07,2010-11-08,21,31,16.80,1.85,92,28,64.60,76,3.08,1.28,0.1580,0.158,21,f,f,733.42
16033,MINI HIGHLIGHTER PENS,monitorar,64,mensal,B,indicio,2009-12-10,2010-11-21,42,18,8.44,2.13,30,28,1443.72,14281,34.37,28.51,0.1185,0.359,211,f,t,733.42
16043,POP ART PUSH DOWN RUBBER,fora_do_escopo,,ocasional,C,atraso,2009-12-16,2010-10-25,11,45,31.30,1.44,78,,168.54,2047,15.32,3.43,0.2375,0.342,73,f,f,733.42
16044,POP-ART FLUORESCENT PENS,fora_do_escopo,,ocasional,C,ruptura,2010-01-07,2010-02-18,3,294,21.00,14.00,28,,389.22,6193,129.74,43.25,0.0000,0.947,267,f,f,733.42
16045,POPART WOODEN PENCILS ASST,fora_do_escopo,,ocasional,C,normal,2010-01-07,2010-11-16,6,23,62.60,0.37,114,,49.44,412,8.24,0.92,0.6925,0.243,155,f,f,733.42
16046,TEATIME PEN CASE & PENS,fora_do_escopo,,mensal,B,normal,2009-12-04,2010-12-02,43,7,8.64,0.81,47,28,1169.95,9993,27.21,22.04,0.4449,0.315,73,f,t,733.42
16047,POP ART PEN CASE & PENS,monitorar,76,mensal,B,ruptura,2009-12-01,2010-10-24,28,46,12.11,3.80,64,28,1056.40,10614,37.73,21.81,0.0224,0.402,46,f,t,733.42
16048,TEATIME ROUND PENCIL SHARPENER,fora_do_escopo,,mensal,C,atraso,2009-12-07,2010-11-24,34,15,10.67,1.41,37,28,331.76,2001,9.76,6.40,0.2451,0.451,8,f,f,733.42
16049,TEATIME GEL PENS ASST,fora_do_escopo,,mensal,C,indicio,2009-12-04,2010-11-04,24,35,14.57,2.40,52,28,478.40,2665,19.93,9.58,0.0904,0.289,8,f,f,733.42
16050,TEATIME PENCIL WITH RUBBER,fora_do_escopo,,mensal,C,ruptura,2010-02-16,2010-04-19,7,234,10.33,22.65,24,28,46.45,151,6.64,4.50,0.0000,0.269,23,f,f,733.42
16051,TEATIME PENCIL W STAMP ASST,fora_do_escopo,,ocasional,C,ruptura,2009-12-10,2010-06-09,4,183,60.33,3.03,139,,84.69,941,21.17,2.46,0.0482,0.614,267,f,f,733.42
16052,TEATIME PUSH DOWN RUBBER,fora_do_escopo,,mensal,C,normal,2009-12-16,2010-12-07,22,2,16.95,0.12,64,28,167.70,371,7.62,3.15,0.8887,0.120,18,f,f,733.42
16053,POPART COL BALLPOINT PEN ASST,fora_do_escopo,,ocasional,C,normal,2010-01-07,2010-11-16,10,23,34.78,0.66,61,,185.73,4313,18.57,3.74,0.5162,0.323,73,f,f,733.42
16054,POPART RECT PENCIL SHARPENER ASST,fora_do_escopo,,ocasional,C,atraso,2010-01-07,2010-10-07,6,63,54.60,1.15,139,,18.48,44,3.08,0.39,0.3154,0.818,0,f,f,733.42
16119,FUNKY GIRL ADDRESS BOOK,fora_do_escopo,,semanal,C,ruptura,2009-12-10,2009-12-22,6,352,2.40,146.67,4,14,130.71,273,21.79,63.54,0.0000,0.419,8,f,f,733.42
16151A,FLOWERS HANDBAG blue and orange,fora_do_escopo,,diario,C,ruptura,2010-04-30,2010-05-02,2,221,2.00,110.50,2,7,11.25,3,5.63,19.69,0.0000,0.667,60,f,f,733.42
16156L,"WRAP, CAROUSEL",fora_do_escopo,,mensal,C,atraso,2010-01-10,2010-11-19,17,20,19.56,1.02,69,28,199.50,475,11.74,4.20,0.3597,0.105,0,f,f,733.42
16156N,"WRAP, FRIENDSHIP ON GREEN",fora_do_escopo,,semanal,C,ruptura,2009-12-01,2010-06-21,47,171,4.39,38.94,36,14,619.50,1475,13.18,21.01,0.0000,0.051,6,f,f,733.42
16156S,WRAP PINK FAIRY CAKES,fora_do_escopo,,semanal,A,normal,2009-12-01,2010-12-08,163,1,2.30,0.44,19,14,4269.62,10961,26.19,79.85,0.6470,0.155,2,f,t,733.42
16161C,WRAP SPEED DEMONS,fora_do_escopo,,ocasional,C,ruptura,2009-12-01,2009-12-22,2,352,21.00,16.76,21,,45.00,450,22.50,7.50,0.0000,0.778,80,f,f,733.42
16161E,WRAP BOUDOIR,fora_do_escopo,,mensal,C,ruptura,2009-12-07,2010-02-22,7,290,12.83,22.60,28,28,75.00,750,10.71,5.84,0.0000,0.667,80,f,f,733.42
16161G,WRAP BAD HAIR DAY,fora_do_escopo,,ocasional,C,normal,2010-01-19,2010-11-30,11,9,31.50,0.29,126,,27.50,275,2.50,0.56,0.7515,0.091,13,f,f,733.42
16161M,WRAP  PINK FLOCK,fora_do_escopo,,mensal,C,normal,2009-12-03,2010-12-02,37,7,10.11,0.69,53,28,439.00,1050,11.86,8.21,0.5004,0.072,53,f,f,733.42
16161P,WRAP ENGLISH ROSE,monitorar,30,semanal,B,indicio,2009-12-01,2010-12-02,123,7,3.00,2.33,73,14,2486.48,6072,20.22,47.17,0.0970,0.051,6,f,t,733.42
16161U,WRAP SUKI AND FRIENDS,fora_do_escopo,,semanal,B,normal,2009-12-01,2010-12-08,139,1,2.70,0.37,18,14,2418.42,6001,17.40,45.18,0.6901,0.158,14,f,t,733.42
16162L,THE KING GIFT BAG,fora_do_escopo,,mensal,C,ruptura,2009-12-09,2010-09-27,17,73,18.25,4.00,50,28,557.43,8081,32.79,12.58,0.0183,0.336,73,f,f,733.42
16162M,THE KING GIFT BAG 25x24x12cm,fora_do_escopo,,ocasional,C,normal,2010-06-14,2010-11-10,5,29,37.25,0.78,50,,25.20,60,5.04,0.95,0.4591,0.200,87,f,f,733.42
16168M,FUNKY MONKEY GIFT BAG MEDIUM,fora_do_escopo,,semanal,C,normal,2009-12-09,2010-12-08,55,1,6.74,0.15,48,14,351.89,1342,6.40,6.64,0.8621,0.131,23,f,f,733.42
16168S,FUNKY MONKEY GIFT BAG SMALL,fora_do_escopo,,mensal,C,ruptura,2009-12-10,2010-02-05,9,307,7.13,43.09,28,28,126.83,1283,14.09,13.84,0.0000,0.725,10,f,f,733.42
16169C,WRAP BLUE REINDEER,fora_do_escopo,,mensal,C,ruptura,2009-12-01,2010-11-04,32,35,10.90,3.21,269,28,567.00,1350,17.72,11.38,0.0404,0.074,55,t,f,733.42
16169D,WRAP WINTER FOREST,fora_do_escopo,,semanal,C,ruptura,2009-12-01,2009-12-13,5,361,3.00,120.33,5,14,105.00,250,21.00,49.00,0.0000,0.200,3,f,f,733.42
16169F,WRAP BLIZZARD,fora_do_escopo,,mensal,C,ruptura,2009-12-01,2010-10-17,26,53,12.80,4.14,213,28,409.50,975,15.75,8.61,0.0159,0.051,48,f,f,733.42
16169K,WRAP FOLK ART,fora_do_escopo,,mensal,C,normal,2009-12-04,2010-12-06,45,3,8.34,0.36,78,28,585.25,1900,13.01,10.91,0.6979,0.162,80,f,f,733.42
16169M,WRAP DAISY CARPET,fora_do_escopo,,mensal,C,ruptura,2009-12-03,2010-10-10,29,60,11.11,5.40,54,28,363.75,1400,12.54,7.90,0.0045,0.261,80,f,f,733.42
16169N,WRAP BLUE RUSSIAN FOLKART,fora_do_escopo,,mensal,C,normal,2009-12-01,2010-12-06,49,3,7.71,0.39,38,28,626.25,2025,12.78,11.61,0.6776,0.152,80,f,f,733.42
16169P,WRAP GREEN RUSSIAN FOLKART,fora_do_escopo,,mensal,C,ruptura,2009-12-04,2010-11-09,44,30,7.91,3.79,23,28,512.75,1700,11.65,10.32,0.0225,0.185,80,f,f,733.42
16201A,PASTEL PINK PHOTO ALBUM,fora_do_escopo,,ocasional,C,atraso,2009-12-02,2010-09-09,7,91,46.83,1.94,86,,213.37,101,30.48,4.56,0.1433,0.329,8,f,f,733.42
16201B,PASTEL BLUE PHOTO ALBUM,fora_do_escopo,,semanal,C,ruptura,2009-12-02,2009-12-10,4,364,2.67,136.50,3,14,81.10,34,20.28,53.22,0.0000,0.289,114,f,f,733.42
16202A,PASTEL PINK PHOTO ALBUM,fora_do_escopo,,mensal,C,atraso,2009-12-02,2010-11-19,19,20,19.56,1.02,80,28,292.50,656,15.39,5.51,0.3596,0.175,0,f,f,733.42
16202B,PASTEL BLUE PHOTO ALBUM,fora_do_escopo,,mensal,C,atraso,2009-12-02,2010-11-15,20,24,18.32,1.31,86,28,514.06,1010,25.70,9.82,0.2697,0.153,0,f,f,733.42
16202C,BEIGE PHOTO ALBUM,fora_do_escopo,,mensal,C,ruptura,2009-12-02,2010-05-06,12,217,14.09,15.40,35,28,230.59,97,19.22,9.55,0.0000,0.237,8,f,f,733.42
16202E,BLACK PHOTO ALBUM,fora_do_escopo,,ocasional,C,normal,2009-12-02,2010-11-14,11,25,34.70,0.72,142,,155.23,67,14.11,2.85,0.4865,0.301,25,f,f,733.42
16206B,RED PURSE WITH PINK HEART,fora_do_escopo,,ocasional,C,normal,2010-01-31,2010-11-28,13,11,25.08,0.44,94,,107.65,89,8.28,2.31,0.6450,0.279,21,f,f,733.42
16207A,PINK STRAWBERRY HANDBAG,fora_do_escopo,,mensal,C,ruptura,2009-12-01,2010-10-15,36,55,9.09,6.05,62,28,260.43,83,7.23,5.57,0.0023,0.079,32,f,f,733.42
16207B,PINK HEART RED HANDBAG,fora_do_escopo,,ocasional,C,atraso,2009-12-11,2010-11-12,14,27,25.85,1.04,180,,381.51,236,27.25,7.38,0.3518,0.393,8,f,f,733.42
16212,FUNKY GIRLZ ASST MAGNETIC MEMO PAD,fora_do_escopo,,mensal,C,indicio,2009-12-02,2010-11-12,35,27,10.15,2.66,50,28,292.86,375,8.37,5.77,0.0699,0.080,31,f,f,733.42
16216,LETTER SHAPE PENCIL SHARPENER,fora_do_escopo,,mensal,C,normal,2009-12-04,2010-11-29,37,10,10.00,1.00,42,28,137.64,825,3.72,2.60,0.3679,0.186,3,f,f,733.42
16218,CARTOON  PENCIL SHARPENERS,fora_do_escopo,,mensal,C,normal,2009-12-08,2010-12-07,32,2,11.74,0.17,57,28,171.21,811,5.35,3.19,0.8434,0.150,0,f,f,733.42
16219,HOUSE SHAPE PENCIL SHARPENER,fora_do_escopo,,mensal,C,normal,2009-12-06,2010-12-07,27,2,14.08,0.14,58,28,93.53,310,3.46,1.72,0.8676,0.108,0,f,f,733.42
16225,RATTLE SNAKE EGGS,fora_do_escopo,,semanal,C,normal,2009-12-01,2010-12-09,58,0,6.54,0.00,46,14,607.08,715,10.47,11.20,1.0000,0.180,8,f,f,733.42
16235,RECYCLED PENCIL WITH RABBIT ERASER,fora_do_escopo,,semanal,C,normal,2009-12-01,2010-12-09,108,0,3.49,0.00,19,14,659.31,2839,6.10,12.26,1.0000,0.057,30,f,f,733.42
16236,KITTY PENCIL ERASERS,fora_do_escopo,,semanal,C,normal,2009-12-02,2010-12-09,101,0,3.72,0.00,20,14,279.22,1228,2.76,5.20,1.0000,0.063,6,f,f,733.42
16237,SLEEPING CAT ERASERS,fora_do_escopo,,semanal,B,normal,2009-12-01,2010-12-09,174,0,2.16,0.00,13,14,1289.10,5944,7.41,24.05,1.0000,0.217,2,f,t,733.42
16238,PARTY TIME PENCIL ERASERS,fora_do_escopo,,semanal,C,normal,2009-12-01,2010-12-09,88,0,4.29,0.00,29,14,258.01,1127,2.93,4.79,1.0000,0.068,3,f,f,733.42
16239,BALLERINA HEART DECORATION.,fora_do_escopo,,semanal,C,ruptura,2009-12-02,2010-03-02,16,282,6.00,47.00,29,14,492.17,347,30.76,35.89,0.0000,0.731,8,f,f,733.42
16243B,BROWN COZY SQUARE PHOTO ALBUM,fora_do_escopo,,mensal,C,ruptura,2009-12-02,2010-03-11,6,273,19.80,13.79,42,28,441.77,212,73.63,26.03,0.0000,0.905,80,f,f,733.42
16244A,MAXWELL 2 TONE PINK 60 PAGE PHOTO A,fora_do_escopo,,semanal,C,ruptura,2009-12-02,2010-03-15,24,269,4.48,60.07,35,14,479.41,186,19.98,31.22,0.0000,0.354,80,f,f,733.42
16244B,MAXWELL 2 TONE BLUE 60 PAGE PHOTO A,provavel_descontinuacao,155,mensal,B,ruptura,2009-12-03,2010-08-05,24,126,10.65,11.83,91,28,757.17,338,31.55,20.73,0.0000,0.636,80,f,t,733.42
16245A,PINK MINI STATIONERY SET W CASE,fora_do_escopo,,ocasional,C,ruptura,2010-03-10,2010-07-12,6,150,24.80,6.05,36,,13.75,11,2.29,0.65,0.0024,0.273,14,f,f,733.42
16248B,BLUE HOLE PUNCH,fora_do_escopo,,ocasional,C,normal,2010-09-20,2010-11-21,4,18,20.67,0.87,28,,86.25,69,21.56,7.30,0.4185,0.696,57,f,f,733.42
16254,TRANSPARENT ACRYLIC TAPE DISPENSER,fora_do_escopo,,ocasional,C,normal,2010-01-11,2010-11-21,15,18,22.43,0.80,88,,263.08,901,17.54,5.47,0.4482,0.821,267,f,f,733.42
16256B,FLOWER PENCIL/RUBBER+5 MINI PENCILS,fora_do_escopo,,semanal,C,ruptura,2009-12-04,2010-06-10,34,182,5.70,31.95,23,14,232.35,524,6.83,8.40,0.0000,0.175,57,f,f,733.42
16256C,HEARTS PENCIL/RUBBER+5 MINI PENCILS,fora_do_escopo,,mensal,C,ruptura,2009-12-13,2010-05-23,10,200,17.89,11.18,52,28,70.98,169,7.10,2.78,0.0000,0.284,39,f,f,733.42
16258A,SWIRLY CIRCULAR RUBBERS IN BAG,fora_do_escopo,,mensal,C,normal,2009-12-11,2010-12-06,39,3,9.47,0.32,44,28,205.36,608,5.27,3.89,0.7286,0.167,8,f,f,733.42
16258B,DAISY ERASERS IN BAG,fora_do_escopo,,semanal,C,ruptura,2009-12-02,2009-12-22,10,352,2.22,158.40,4,14,221.48,1017,22.15,69.77,0.0000,0.451,80,f,f,733.42
16259,PIECE OF CAMO STATIONERY SET,fora_do_escopo,,mensal,C,atraso,2009-12-07,2010-11-23,23,16,15.95,1.00,60,28,439.53,2093,19.11,8.38,0.3668,0.155,11,f,f,733.42
17001,HEAVENS SCENT FRAGRANCE OILS ASSTD,fora_do_escopo,,mensal,C,normal,2009-12-04,2010-11-28,20,11,18.89,0.58,70,28,278.47,1139,13.92,5.16,0.5587,0.326,8,f,f,733.42
17003,BROCADE RING PURSE,fora_do_escopo,,semanal,A,normal,2009-12-01,2010-12-09,153,0,2.45,0.00,21,14,8922.80,48374,58.32,166.36,1.0000,0.506,2,f,t,733.42
17007B,S/3 POT POURI CUSHIONS BLUE COLOURS,fora_do_escopo,,ocasional,C,normal,2009-12-14,2010-12-06,5,3,89.25,0.03,146,,46.20,22,9.24,0.72,0.9669,0.545,3,f,f,733.42
17011A,ORIGAMI VANILLA INCENSE+FLOWER,fora_do_escopo,,ocasional,C,ruptura,2009-12-22,2010-08-20,12,111,21.91,5.07,50,,179.56,261,14.96,4.78,0.0063,0.348,113,f,f,733.42
17011B,ORIGAMI JASMINE INCENSE+FLOWER,fora_do_escopo,,ocasional,C,atraso,2010-05-30,2010-08-20,2,111,82.00,1.35,82,,11.10,19,5.55,0.47,0.2583,0.568,0,f,f,733.42
17011C,ORIGAMI LAVENDER INCENSE+FLOWER,fora_do_escopo,,diario,C,ruptura,2009-12-14,2009-12-16,2,358,2.00,179.00,2,7,221.40,335,110.70,387.45,0.0000,0.981,8,f,f,733.42
17011D,ORIGAMI ROSE INCENSE+FLOWER,fora_do_escopo,,ocasional,C,atraso,2009-12-15,2010-08-20,4,111,82.67,1.34,156,,135.70,209,33.93,2.87,0.2611,0.920,8,f,f,733.42
17011F,ORIGAMI SANDLEWOOD INCENSE+FLOWER,fora_do_escopo,,ocasional,C,normal,2009-12-16,2010-12-01,14,8,26.92,0.30,104,,274.05,305,19.58,5.09,0.7429,0.455,8,f,f,733.42
17012A,ORIGAMI VANILLA INCENSE/CANDLE SET,fora_do_escopo,,mensal,C,normal,2009-12-01,2010-12-09,28,0,13.81,0.00,70,28,442.78,408,15.81,8.01,1.0000,0.369,8,f,f,733.42
17012B,ORIGAMI JASMINE INCENSE/CANDLE SET,fora_do_escopo,,mensal,C,normal,2009-12-08,2010-12-09,40,0,9.38,0.00,85,28,289.17,203,7.23,5.39,1.0000,0.282,30,f,f,733.42
17012C,ORIGAMI LAVENDER INCENSE/CANDL SET,fora_do_escopo,,mensal,C,normal,2010-02-05,2010-12-07,31,2,10.17,0.20,52,28,481.15,441,15.52,10.69,0.8214,0.678,8,f,f,733.42
17012D,ORIGAMI ROSE INCENSE/CANDLE SET,fora_do_escopo,,mensal,C,normal,2010-03-12,2010-12-01,20,8,13.89,0.58,125,28,116.50,61,5.83,2.93,0.5623,0.175,10,f,f,733.42
17012E,ORIGAMI OPIUM INCENSE/CANDLE SET,fora_do_escopo,,mensal,C,normal,2009-12-16,2010-12-09,22,0,17.05,0.00,114,28,251.72,226,11.44,4.70,1.0000,0.648,8,f,f,733.42
17012F,ORIGAMI SANDLEWOOD INCENSE/CAND SET,fora_do_escopo,,mensal,C,normal,2010-03-03,2010-12-07,16,2,18.60,0.11,103,28,162.60,143,10.16,3.82,0.8981,0.502,30,f,f,733.42
17013B,ORIGAMI JASMINE INCENSE IN TUBE,fora_do_escopo,,semanal,C,ruptura,2009-12-09,2009-12-16,3,358,3.50,102.29,6,14,221.03,256,73.68,147.35,0.0000,0.747,2,f,f,733.42
17013C,ORIGAMI LAVENDER INCENSE IN TUBE,fora_do_escopo,,ocasional,C,ruptura,2009-12-16,2010-03-03,2,281,77.00,3.65,77,,89.46,213,44.73,4.07,0.0260,0.549,8,f,f,733.42
17013D,ORIGAMI ROSE INCENSE IN TUBE,fora_do_escopo,,ocasional,C,normal,2009-12-09,2010-12-08,19,1,20.22,0.05,60,,307.94,534,16.21,5.61,0.9518,0.262,8,f,f,733.42
17013F,ORIGAMI SANDLEWOOD INCENSE IN TUBE,fora_do_escopo,,ocasional,C,atraso,2009-12-21,2010-08-20,5,111,60.50,1.83,82,,26.70,62,5.34,0.62,0.1597,0.629,1,f,f,733.42
17014A,ORIGAMI VANILLA INCENSE CONES,fora_do_escopo,,ocasional,C,normal,2009-12-09,2010-12-01,8,8,51.00,0.16,204,,102.30,122,12.79,1.76,0.8548,0.365,8,f,f,733.42
17014C,ORIGAMI LAVENDER INCENSE CONES,fora_do_escopo,,semanal,C,ruptura,2009-12-05,2009-12-10,2,364,5.00,72.80,5,14,43.75,97,21.88,30.63,0.0000,0.922,9,f,f,733.42
17014D,ORIGAMI ROSE INCENSE CONES,fora_do_escopo,,ocasional,C,ruptura,2010-01-14,2010-08-20,8,111,31.14,3.56,80,,204.36,479,25.55,5.74,0.0283,0.395,8,f,f,733.42
17014E,ORIGAMI OPIUM INCENSE CONES,fora_do_escopo,,ocasional,C,ruptura,2010-05-10,2010-08-20,6,111,20.40,5.44,59,,36.60,95,6.10,2.09,0.0043,0.730,1,f,f,733.42
17014F,ORIGAMI SANDLEWOOD INCENSE CONES,fora_do_escopo,,ocasional,C,atraso,2010-01-21,2010-08-20,4,111,70.33,1.58,136,,23.70,61,5.93,0.59,0.2063,0.722,1,f,f,733.42
17021,NAMASTE SWAGAT INCENSE,fora_do_escopo,,mensal,C,normal,2010-01-22,2010-12-06,28,3,11.78,0.25,48,28,519.90,2009,18.57,11.04,0.7751,0.554,8,f,f,733.42
17027A,INCENSE BAZAAR CANNABIS,fora_do_escopo,,ocasional,C,ruptura,2010-02-04,2010-03-10,2,274,34.00,8.06,34,,84.84,228,42.42,8.73,0.0003,1.000,122,f,f,733.42
17033,"BROCADE PURSE,SMALL ARCH BUTTON",monitorar,92,semanal,B,ruptura,2009-12-02,2010-10-19,56,51,5.84,8.74,58,14,867.84,3280,15.50,18.59,0.0002,0.157,252,f,t,733.42
17038,PORCELAIN BUDAH INCENSE HOLDER,fora_do_escopo,,mensal,C,normal,2009-12-14,2010-12-07,22,2,17.05,0.12,114,28,103.45,1134,4.70,1.93,0.8893,0.522,2,f,f,733.42
17039,INLAID WOOD INCENSE HOLDER,provavel_descontinuacao,150,semanal,B,ruptura,2009-12-02,2010-08-09,39,122,6.58,18.54,24,14,837.88,3707,21.48,22.86,0.0000,0.498,122,f,t,733.42
17084A,TRANQUILITY MASALA INCENSE,fora_do_escopo,,ocasional,C,normal,2010-02-04,2010-11-25,11,14,29.40,0.48,87,,50.82,242,4.62,1.10,0.6211,0.207,14,f,f,733.42
17084G,MOON INCENSE,fora_do_escopo,,semanal,C,ruptura,2009-12-02,2009-12-07,2,367,5.00,73.40,5,14,10.50,50,5.25,7.35,0.0000,0.500,35,f,f,733.42
17084J,LOVE POTION MASALA INCENSE,fora_do_escopo,,ocasional,C,normal,2009-12-01,2010-12-07,13,2,30.92,0.06,81,,53.76,256,4.14,0.94,0.9374,0.098,2,f,f,733.42
17084N,FAIRY DREAMS INCENSE,fora_do_escopo,,semanal,C,normal,2009-12-02,2010-12-09,78,0,4.83,0.00,37,14,334.35,1534,4.29,6.21,1.0000,0.132,10,f,f,733.42
17084P,DRAGONS BLOOD INCENSE,fora_do_escopo,,mensal,C,normal,2009-12-07,2010-12-09,30,0,12.66,0.00,91,28,129.24,618,4.31,2.38,1.0000,0.248,10,f,f,733.42
17084R,ASSORTED INCENSE PACK,fora_do_escopo,,mensal,B,normal,2009-12-02,2010-12-03,39,6,9.63,0.62,48,28,1453.65,8105,37.27,27.09,0.5364,0.317,6,f,t,733.42
17090A,LAVENDER INCENSE 40 CONES IN TIN,fora_do_escopo,,ocasional,C,normal,2009-12-10,2010-12-03,18,6,21.06,0.28,87,,113.30,106,6.29,2.09,0.7521,0.270,6,f,f,733.42
17090D,VANILLA INCENSE 40 CONES IN TIN,fora_do_escopo,,ocasional,C,normal,2009-12-13,2010-12-05,18,4,21.00,0.19,84,,77.70,66,4.32,1.44,0.8266,0.193,123,f,f,733.42
17091A,LAVENDER INCENSE IN TIN,fora_do_escopo,,semanal,B,normal,2009-12-06,2010-12-08,79,1,4.71,0.21,20,14,1199.48,1924,15.18,22.59,0.8085,0.332,122,f,t,733.42
17091B,JASMINE TEA INCENSE IN TIN,fora_do_escopo,,semanal,C,ruptura,2009-12-06,2010-09-09,45,91,6.30,14.45,33,14,324.48,282,7.21,8.02,0.0000,0.139,24,f,f,733.42
17091F,SANDALWOOD INCENSE IN TIN,fora_do_escopo,,semanal,C,ruptura,2009-12-06,2010-01-10,7,333,5.83,57.09,25,14,27.71,19,3.96,4.75,0.0000,0.271,29,f,f,733.42
17091J,VANILLA INCENSE IN TIN,fora_do_escopo,,semanal,B,normal,2009-12-01,2010-12-09,74,0,5.11,0.00,26,14,1377.32,2002,18.61,25.50,1.0000,0.467,122,f,t,733.42
17096,ASSORTED LAQUERED INCENSE HOLDERS,fora_do_escopo,,mensal,C,normal,2009-12-02,2010-12-08,46,1,8.24,0.12,27,28,661.96,3698,14.39,12.22,0.8858,0.592,106,f,f,733.42
17107D,"FLOWER FAIRY,5 SUMMER B'DRAW LINERS",fora_do_escopo,,mensal,C,normal,2009-12-04,2010-12-09,38,0,10.00,0.00,48,28,420.75,165,11.07,7.75,1.0000,0.121,0,f,f,733.42
17108D,FLOWER FAIRY SUMMER BOUQUET SACHET,fora_do_escopo,,semanal,C,ruptura,2009-12-01,2010-03-28,22,256,5.57,45.95,21,14,149.10,355,6.78,8.52,0.0000,0.203,123,f,f,733.42
17109A,FLOWER FAIRY INCENSE LILY,fora_do_escopo,,mensal,C,ruptura,2009-12-02,2010-03-26,13,258,9.50,27.16,38,28,333.61,709,25.66,18.91,0.0000,0.506,8,f,f,733.42
17109B,FLOWER FAIRY INCENSE LAVENDER,cliente_principal_parou,8,semanal,B,ruptura,2009-12-02,2010-03-05,15,279,6.64,42.00,23,14,896.34,4542,59.76,62.97,0.0000,0.651,267,f,t,733.42
17109C,FLOWER FAIRY INCENSE ROSE,fora_do_escopo,,mensal,C,ruptura,2009-12-02,2010-03-03,12,281,8.27,33.97,26,28,661.23,3124,55.10,46.63,0.0000,0.572,267,f,f,733.42
17109D,FLOWER FAIRY INCENSE BOUQUET,fora_do_escopo,,mensal,C,normal,2009-12-04,2010-12-05,32,4,11.81,0.34,51,28,571.03,1199,17.84,10.58,0.7126,0.335,8,f,f,733.42
17129C,SKY BLUE COLOUR GLASS GEMS IN BAG,fora_do_escopo,,mensal,C,ruptura,2009-12-09,2010-05-04,11,219,14.60,15.00,37,28,58.83,87,5.35,2.56,0.0000,0.783,0,f,f,733.42
17129D,CLEAR COLOUR GLASS GEMS IN BAG,provavel_descontinuacao,37,semanal,B,ruptura,2009-12-01,2010-03-05,30,279,3.24,86.07,22,14,1351.18,1125,45.04,97.27,0.0000,0.102,59,f,t,733.42
17129F,BLUE GLASS GEMS IN BAG,fora_do_escopo,,semanal,B,normal,2009-12-04,2010-12-07,83,2,4.49,0.45,19,14,1137.39,996,13.70,21.37,0.6404,0.217,0,f,t,733.42
17136A,BLUE STONES ON WIRE FOR CANDLE,fora_do_escopo,,ocasional,C,normal,2009-12-03,2010-11-23,16,16,23.67,0.68,89,,32.19,391,2.01,0.60,0.5086,0.179,29,f,f,733.42
17164B,ASS COL SMALL SAND GECKO P'WEIGHT,fora_do_escopo,,semanal,C,atraso,2009-12-01,2010-12-01,60,8,6.19,1.29,31,14,639.42,1603,10.66,12.06,0.2744,0.167,8,f,f,733.42
17164D,ASS COL SMALL SAND FROG P'WEIGHT,fora_do_escopo,,semanal,C,ruptura,2009-12-01,2010-03-19,23,265,4.91,53.98,15,14,450.78,1159,19.60,27.95,0.0000,0.236,373,f,f,733.42
17165B,ASS COL LARGE SAND GECKO P'WEIGHT,ruptura_provavel,36,semanal,B,ruptura,2009-12-01,2010-10-10,47,60,6.80,8.82,28,14,754.83,813,16.06,16.52,0.0001,0.324,373,f,t,733.42
17165D,ASS COL LARGE SAND FROG P'WEIGHT,fora_do_escopo,,semanal,C,atraso,2009-12-01,2010-11-29,61,10,6.05,1.65,28,14,661.32,696,10.84,12.54,0.1915,0.139,373,f,f,733.42
17174,ASSTD RASTA KEY-CHAINS,fora_do_escopo,,ocasional,C,normal,2010-02-01,2010-10-27,3,43,134.00,0.32,227,,11.34,27,3.78,0.20,0.7255,0.889,169,f,f,733.42
17178,FLAT PALM T-LIGHT HOLDER,fora_do_escopo,,mensal,C,ruptura,2009-12-08,2010-09-16,23,84,12.82,6.55,37,28,156.65,133,6.81,3.72,0.0014,0.199,10,f,f,733.42
17181,CIRCLE OF FRIENDS CANDLE HOLDER,fora_do_escopo,,semanal,C,ruptura,2009-12-01,2010-08-05,47,126,5.37,23.47,20,14,645.21,354,13.73,17.90,0.0000,0.095,211,f,f,733.42
17191A,ROSE FLOWER CANDLE+INCENSE 16X16CM,fora_do_escopo,,ocasional,C,normal,2009-12-09,2010-11-28,10,11,39.33,0.28,122,,108.75,29,10.88,1.94,0.7560,0.241,39,f,f,733.42
18007,ESSENTIAL BALM 3.5g TIN IN ENVELOPE,fora_do_escopo,,mensal,C,normal,2009-12-02,2010-12-09,38,0,10.05,0.00,60,28,653.15,5540,17.19,11.97,1.0000,0.404,25,f,f,733.42
18010,ASSORTED FRAGRANCE BATH CONFETTI,fora_do_escopo,,mensal,C,ruptura,2009-12-01,2010-01-28,8,315,8.29,38.02,38,28,30.16,64,3.77,3.19,0.0000,0.334,17,f,f,733.42
18094C,WHITE AND BLUE CERAMIC OIL BURNER,fora_do_escopo,,mensal,C,normal,2009-12-02,2010-12-08,49,1,7.73,0.13,44,28,332.98,254,6.80,6.15,0.8786,0.153,10,f,f,733.42
18096C,WHITE ROUND PORCELAIN TLIGHT HOLDER,fora_do_escopo,,semanal,C,ruptura,2009-12-01,2010-02-24,18,288,5.00,57.60,30,14,355.14,131,19.73,27.62,0.0000,0.264,14,f,f,733.42
18097A,PINK TALL PORCELAIN T-LIGHT HOLDER,fora_do_escopo,,ocasional,C,normal,2010-03-05,2010-12-02,8,7,38.86,0.18,135,,35.70,14,4.46,0.80,0.8351,0.286,21,f,f,733.42
18097B,BLUE TALL PORCELAIN T-LIGHT HOLDER,fora_do_escopo,,ocasional,C,ruptura,2009-12-02,2010-01-17,3,326,23.00,14.17,39,,17.85,7,5.95,1.81,0.0000,0.429,16,f,f,733.42
18097C,WHITE TALL PORCELAIN T-LIGHT HOLDER,fora_do_escopo,,semanal,B,normal,2009-12-01,2010-12-08,107,1,3.51,0.28,21,14,2466.47,1119,23.05,45.98,0.7521,0.119,1,f,t,733.42
18098A,PINK PORCELAIN B'FLY OIL BURNER,fora_do_escopo,,semanal,C,ruptura,2009-12-14,2009-12-17,2,357,3.00,119.00,3,14,5.90,2,2.95,6.88,0.0000,0.500,11,f,f,733.42
18098B,BLUE PORCELAIN B'FLY OIL BURNER,fora_do_escopo,,ocasional,C,ruptura,2009-12-13,2010-02-24,3,288,36.50,7.89,71,,8.85,3,2.95,0.57,0.0004,0.333,106,f,f,733.42
18098C,PORCELAIN BUTTERFLY OIL BURNER,fora_do_escopo,,semanal,A,normal,2009-12-01,2010-12-09,168,0,2.23,0.00,23,14,4135.90,1331,24.62,77.16,1.0000,0.030,10,f,t,733.42
20615,BLUE POLKADOT PASSPORT COVER,fora_do_escopo,,semanal,C,normal,2009-12-01,2010-12-07,74,2,5.08,0.39,26,14,644.48,338,8.71,12.00,0.6747,0.132,8,f,f,733.42
20616,CHERRY BLOSSOM PASSPORT COVER,fora_do_escopo,,mensal,C,normal,2009-12-01,2010-12-08,40,1,9.54,0.10,38,28,218.35,93,5.46,4.01,0.9005,0.115,66,f,f,733.42
20617,FIRST CLASS PASSPORT COVER,fora_do_escopo,,semanal,B,atraso,2009-12-02,2010-12-01,56,8,6.62,1.21,50,14,802.26,406,14.33,15.15,0.2986,0.421,35,f,t,733.42
20618,QUEEN OF THE SKIES PASSPORT COVER,fora_do_escopo,,semanal,C,normal,2009-12-01,2010-12-08,58,1,6.53,0.15,42,14,366.35,151,6.32,6.77,0.8579,0.149,226,f,f,733.42
20619,TROPICAL PASSPORT COVER,fora_do_escopo,,semanal,C,atraso,2009-12-01,2010-12-01,75,8,4.93,1.62,25,14,581.08,318,7.75,11.00,0.1975,0.146,8,f,f,733.42
20620,RED SPOTTY PASSPORT COVER,fora_do_escopo,,semanal,C,ruptura,2009-12-02,2010-02-03,11,309,6.30,49.05,22,14,61.76,15,5.61,6.24,0.0000,0.034,0,f,f,733.42
20621,ECONOMY PASSPORT COVER,fora_do_escopo,,mensal,C,ruptura,2009-12-02,2010-09-02,31,98,9.13,10.73,43,28,453.77,208,14.64,11.22,0.0000,0.509,119,f,f,733.42
20622,VIPPASSPORT COVER,fora_do_escopo,,semanal,B,normal,2009-12-01,2010-12-09,67,0,5.65,0.00,25,14,847.03,404,12.64,15.66,1.0000,0.399,35,f,t,733.42
20652,BLUE POLKADOT LUGGAGE TAG,fora_do_escopo,,semanal,C,normal,2009-12-01,2010-12-06,71,3,5.29,0.57,28,14,690.45,1257,9.72,12.88,0.5669,0.130,267,f,f,733.42
20653,CHERRY BLOSSOM LUGGAGE TAG,fora_do_escopo,,mensal,C,normal,2009-12-02,2010-12-07,41,2,9.25,0.22,66,28,438.61,1933,10.70,8.10,0.8056,0.616,267,f,f,733.42
20654,FIRST CLASS LUGGAGE TAG,fora_do_escopo,,semanal,C,ruptura,2009-12-01,2010-11-22,64,17,5.65,3.01,31,14,314.32,248,4.91,6.08,0.0494,0.143,0,f,f,733.42
20655,QUEEN OF SKIES LUGGAGE TAG,fora_do_escopo,,semanal,C,normal,2009-12-01,2010-12-08,75,1,5.03,0.20,35,14,327.46,224,4.37,6.08,0.8196,0.092,85,f,f,733.42
20657,TROPICAL LUGGAGE TAG,fora_do_escopo,,semanal,C,atraso,2009-12-01,2010-12-03,63,6,5.92,1.01,26,14,623.06,1806,9.89,11.70,0.3629,0.289,267,f,f,733.42
20658,RED SPOTTY LUGGAGE TAG,fora_do_escopo,,semanal,B,normal,2009-12-01,2010-12-09,166,0,2.26,0.00,15,14,1655.57,1189,9.97,30.88,1.0000,0.043,1,f,t,733.42
20659,ECONOMY LUGGAGE TAG,fora_do_escopo,,semanal,C,normal,2009-12-01,2010-12-05,60,4,6.25,0.64,32,14,291.67,215,4.86,5.44,0.5275,0.103,4,f,f,733.42
20660,VIP LUGGAGE TAG,fora_do_escopo,,mensal,C,ruptura,2009-12-01,2010-08-01,19,130,13.50,9.63,77,28,91.25,73,4.80,2.49,0.0001,0.329,85,f,f,733.42
20661,BLUE SPOTTY PURSE,fora_do_escopo,,semanal,B,atraso,2009-12-01,2010-12-03,83,6,4.48,1.34,29,14,844.81,856,10.18,15.92,0.2617,0.112,0,f,t,733.42
20662,FIRST CLASS HOLIDAY PURSE,fora_do_escopo,,mensal,C,normal,2009-12-06,2010-12-08,29,1,13.11,0.08,41,28,385.93,699,13.31,7.11,0.9265,0.183,85,f,f,733.42
20663,QUEEN OF THE SKIES HOLIDAY PURSE,fora_do_escopo,,mensal,C,normal,2009-12-10,2010-12-08,24,1,15.78,0.06,67,28,308.17,1051,12.84,5.70,0.9386,0.276,73,f,f,733.42
20664,TROPICAL HOLIDAY PURSE,fora_do_escopo,,ocasional,C,atraso,2009-12-15,2010-11-08,13,31,27.33,1.13,66,,73.75,25,5.67,1.45,0.3217,0.440,31,f,f,733.42
20665,RED RETROSPOT PURSE,fora_do_escopo,,semanal,A,normal,2009-12-01,2010-12-09,138,0,2.72,0.00,19,14,2831.10,907,20.52,52.75,1.0000,0.038,1,f,t,733.42
20666,ECONOMY HOLIDAY PURSE,fora_do_escopo,,mensal,C,normal,2009-12-08,2010-11-29,27,10,13.69,0.73,60,28,370.92,881,13.74,7.02,0.4817,0.183,73,f,f,733.42
20667,CHERRY BLOSSOM PURSE,fora_do_escopo,,ocasional,C,atraso,2009-12-17,2010-10-10,8,60,42.43,1.41,123,,59.00,20,7.38,1.22,0.2431,0.450,31,f,f,733.42
20668,DISCO BALL CHRISTMAS DECORATION,fora_do_escopo,,semanal,B,normal,2009-12-02,2010-12-09,89,0,4.23,0.00,49,14,1057.89,8937,11.89,19.68,1.0000,0.111,9,t,t,733.42
20669,RED HEART LUGGAGE TAG,fora_do_escopo,,semanal,C,normal,2009-12-02,2010-12-08,106,1,3.53,0.28,24,14,705.86,520,6.66,13.19,0.7535,0.064,245,f,f,733.42
20670,VIP HOLIDAY PURSE,fora_do_escopo,,mensal,C,normal,2009-12-08,2010-11-30,33,9,11.16,0.81,54,28,334.81,680,10.15,6.37,0.4463,0.159,218,f,f,733.42
20671,BLUE TEATIME PRINT BOWL,fora_do_escopo,,semanal,B,normal,2009-12-02,2010-12-09,123,0,3.05,0.00,22,14,1039.97,787,8.46,19.41,1.0000,0.183,0,f,t,733.42
20672,PINK TEATIME PRINT BOWL,fora_do_escopo,,semanal,C,ruptura,2009-12-02,2010-03-05,30,279,3.21,87.00,20,14,201.00,138,6.70,14.62,0.0000,0.100,52,f,f,733.42
20673,STRAWBERRIES PRINT BOWL,fora_do_escopo,,diario,C,ruptura,2009-12-01,2009-12-03,2,371,2.00,185.50,2,7,6.25,5,3.13,10.94,0.0000,0.800,27,f,f,733.42
20674,GREEN POLKADOT BOWL,fora_do_escopo,,semanal,B,normal,2009-12-01,2010-12-07,183,2,2.04,0.98,13,14,2382.32,1886,13.02,44.70,0.3749,0.096,2,f,t,733.42
20675,BLUE POLKADOT BOWL,fora_do_escopo,,diario,A,normal,2009-12-01,2010-12-09,208,0,1.80,0.00,13,7,4206.04,3452,20.22,78.55,1.0000,0.091,2,f,t,733.42
20676,RED RETROSPOT BOWL,fora_do_escopo,,diario,A,normal,2009-12-01,2010-12-09,253,0,1.48,0.00,14,7,6905.60,5598,27.29,129.08,1.0000,0.066,4,f,t,733.42
20677,PINK POLKADOT BOWL,fora_do_escopo,,diario,A,normal,2009-12-01,2010-12-09,227,0,1.65,0.00,13,7,5210.05,4231,22.95,97.35,1.0000,0.103,4,f,t,733.42
20679,EDWARDIAN PARASOL RED,fora_do_escopo,,diario,A,normal,2009-12-01,2010-12-09,200,0,1.87,0.00,19,7,20645.90,4549,103.23,385.52,1.0000,0.262,0,f,t,733.42
20680,PINK FLOWERS CHILDS UMBRELLA,fora_do_escopo,,mensal,C,ruptura,2009-12-10,2010-01-22,4,321,14.33,22.40,33,28,19.50,6,4.88,2.38,0.0000,0.500,24,f,f,733.42
20681,PINK SPOTTY CHILDS UMBRELLA,fora_do_escopo,,semanal,A,normal,2009-12-01,2010-12-09,179,0,2.10,0.00,14,14,4375.58,1296,24.44,81.66,1.0000,0.113,6,f,t,733.42
20682,RED RETROSPOT CHILDRENS UMBRELLA,fora_do_escopo,,diario,A,normal,2009-12-01,2010-12-09,198,0,1.89,0.00,13,7,6223.95,1890,31.43,116.21,1.0000,0.109,6,f,t,733.42
20684,STRAWBERRY DREAM CHILDS UMBRELLA,fora_do_escopo,,semanal,B,normal,2009-12-01,2010-12-06,113,3,3.30,0.91,20,14,1663.06,504,14.72,31.18,0.4033,0.099,55,f,t,733.42
20685,DOORMAT RED RETROSPOT,fora_do_escopo,,diario,A,normal,2009-12-01,2010-12-09,285,0,1.31,0.00,12,7,39777.02,5882,139.57,743.87,1.0000,0.085,6,f,t,733.42
20686,DOLLY MIXTURE CHILDREN'S UMBRELLA,fora_do_escopo,,semanal,B,normal,2009-12-02,2010-12-08,91,1,4.12,0.24,33,14,1136.77,335,12.49,21.21,0.7846,0.086,2,f,t,733.42
20688,BEAUTY SPEED EXPRESSO CUPS,fora_do_escopo,,mensal,C,ruptura,2009-12-04,2010-03-17,10,267,11.44,23.33,64,28,332.90,464,33.29,20.36,0.0000,0.568,267,f,f,733.42
20689,RETRO SISTERS EXPRESSO CUPS,fora_do_escopo,,semanal,C,ruptura,2009-12-07,2010-07-14,34,148,6.64,22.30,32,14,620.05,430,18.24,19.24,0.0000,0.244,267,f,f,733.42
20692,FLORAL ELEPHANT SOFT TOY,provavel_descontinuacao,41,semanal,A,ruptura,2009-12-01,2010-09-08,92,92,3.09,29.79,59,14,3699.76,912,40.21,91.16,0.0000,0.377,2,f,t,733.42
20693,FLORAL DINOSAUR GREEN,fora_do_escopo,,semanal,C,ruptura,2009-12-02,2010-03-14,16,270,6.80,39.71,20,14,161.89,33,10.12,10.42,0.0000,0.158,49,f,f,733.42
20694,FLORAL PINK MONSTER,fora_do_escopo,,mensal,C,atraso,2009-12-01,2010-11-15,30,24,12.03,1.99,56,28,438.54,124,14.62,8.50,0.1361,0.186,9,f,f,733.42
20695,FLORAL BLUE MONSTER,fora_do_escopo,,mensal,C,normal,2009-12-01,2010-12-08,41,1,9.30,0.11,31,28,587.58,138,14.33,10.79,0.8981,0.153,9,f,f,733.42
20696,FLORAL SOFT CAR TOY,fora_do_escopo,,mensal,C,normal,2009-12-02,2010-12-06,32,3,11.90,0.25,39,28,402.37,99,12.57,7.39,0.7772,0.112,9,f,f,733.42
20697,LITTLE GREEN MONSTER SOFT TOY,fora_do_escopo,,ocasional,C,normal,2009-12-13,2010-12-03,11,6,35.50,0.17,107,,53.25,23,4.84,0.95,0.8445,0.473,164,f,f,733.42
20698,LITTLE PINK MONSTER SOFT TOY,fora_do_escopo,,ocasional,C,atraso,2010-01-17,2010-11-04,12,35,26.45,1.32,81,,71.10,30,5.93,1.57,0.2663,0.354,164,f,f,733.42
20699,MOUSEY LONG LEGS SOFT TOY,fora_do_escopo,,mensal,C,normal,2009-12-04,2010-12-06,47,3,7.98,0.38,27,28,562.33,204,11.96,10.50,0.6866,0.090,164,f,f,733.42
20700,GREEN CAT FLORAL CUSHION COVER,fora_do_escopo,,mensal,B,normal,2009-12-07,2010-12-01,32,8,11.58,0.69,42,28,790.05,348,24.69,14.92,0.5012,0.380,8,f,t,733.42
20701,PINK CAT FLORAL CUSHION COVER,fora_do_escopo,,ocasional,C,normal,2009-12-02,2010-11-28,18,11,21.24,0.52,170,,620.52,328,34.47,11.36,0.5957,0.483,8,f,f,733.42
20702,PINK PADDED MOBILE,fora_do_escopo,,semanal,A,normal,2009-12-03,2010-12-09,151,0,2.47,0.00,21,14,2808.16,668,18.60,52.63,1.0000,0.073,0,f,t,733.42
20703,BLUE PADDED SOFT MOBILE,monitorar,36,semanal,B,ruptura,2009-12-01,2010-11-29,129,10,2.84,3.53,24,14,2006.22,474,15.55,38.39,0.0294,0.064,0,f,t,733.42
20704,MR ROBOT SOFT TOY,fora_do_escopo,,mensal,C,indicio,2009-12-06,2010-11-15,30,24,11.86,2.02,55,28,673.72,145,22.46,13.25,0.1322,0.280,8,f,f,733.42
20705,MRS ROBOT SOFT TOY,fora_do_escopo,,mensal,C,normal,2009-12-07,2010-11-28,24,11,15.48,0.71,55,28,567.34,130,23.64,10.69,0.4913,0.333,8,f,f,733.42
20707,CRAZY DAISY HEART DECORATION,fora_do_escopo,,mensal,B,normal,2009-12-04,2010-12-09,48,0,7.87,0.00,42,28,780.30,1152,16.26,14.45,1.0000,0.234,8,f,t,733.42
20711,JUMBO BAG TOYS,fora_do_escopo,,diario,A,normal,2009-12-01,2010-12-08,242,1,1.54,0.65,13,7,15172.28,7831,62.70,284.32,0.5232,0.185,6,f,t,733.42
20712,JUMBO BAG WOODLAND ANIMALS,fora_do_escopo,,diario,A,normal,2009-12-01,2010-12-09,224,0,1.67,0.00,42,7,15937.47,8184,71.15,297.76,1.0000,0.186,9,f,t,733.42
20713,JUMBO BAG OWLS,fora_do_escopo,,diario,A,normal,2009-12-01,2010-12-09,242,0,1.55,0.00,25,7,18359.13,9755,75.86,343.12,1.0000,0.180,6,f,t,733.42
20714,POSY SHOPPER BAG,fora_do_escopo,,semanal,C,ruptura,2009-12-01,2010-01-12,14,331,3.23,102.45,18,14,649.82,1580,46.42,100.57,0.0000,0.292,8,f,f,733.42
20716,PARTY FOOD SHOPPER BAG,fora_do_escopo,,semanal,B,normal,2009-12-01,2010-12-09,134,0,2.80,0.00,26,14,1465.43,1139,10.94,27.30,1.0000,0.051,48,f,t,733.42
20717,STRAWBERRY SHOPPER BAG,fora_do_escopo,,diario,A,normal,2009-12-04,2010-12-09,216,0,1.72,0.00,13,7,4276.50,3485,19.80,80.53,1.0000,0.114,6,f,t,733.42
20718,RED RETROSPOT SHOPPER BAG,fora_do_escopo,,diario,A,normal,2009-12-01,2010-12-09,271,0,1.38,0.00,12,7,11126.96,8713,41.06,208.05,1.0000,0.100,9,f,t,733.42
20719,WOODLAND CHARLOTTE BAG,fora_do_escopo,,diario,A,normal,2009-12-01,2010-12-09,268,0,1.40,0.00,20,7,11527.57,11637,43.01,215.53,1.0000,0.112,9,f,t,733.42
20723,STRAWBERRY CHARLOTTE BAG,fora_do_escopo,,diario,A,normal,2009-12-01,2010-12-09,262,0,1.43,0.00,12,7,8125.22,8687,31.01,151.90,1.0000,0.053,9,f,t,733.42
20724,RED RETROSPOT CHARLOTTE BAG,fora_do_escopo,,diario,A,normal,2009-12-01,2010-12-09,288,0,1.30,0.00,12,7,13818.84,14722,47.98,258.43,1.0000,0.104,9,f,t,733.42
20725,LUNCH BAG RED RETROSPOT,fora_do_escopo,,diario,A,normal,2009-12-01,2010-12-09,304,0,1.23,0.00,13,7,36250.84,21389,119.25,678.07,1.0000,0.046,9,f,t,733.42
20726,LUNCH BAG WOODLAND,fora_do_escopo,,diario,A,normal,2009-12-01,2010-12-09,291,0,1.29,0.00,13,7,20626.35,12408,70.88,385.76,1.0000,0.168,185,f,t,733.42
20727,LUNCH BAG  BLACK SKULL.,fora_do_escopo,,diario,A,normal,2009-12-01,2010-12-09,295,0,1.27,0.00,13,7,24001.28,14886,81.36,448.90,1.0000,0.144,185,f,t,733.42
20728,LUNCH BAG CARS BLUE,fora_do_escopo,,diario,A,normal,2009-12-01,2010-12-09,287,0,1.30,0.00,13,7,21034.11,13075,73.29,393.37,1.0000,0.165,185,f,t,733.42
20729,RED SPOTTY CANDY BAG,provavel_descontinuacao,80,semanal,B,ruptura,2009-12-01,2010-06-16,72,176,2.77,63.43,25,14,1778.12,5262,24.70,62.30,0.0000,0.354,267,f,t,733.42
20730,STRAWBERRY CANDY BAG,provavel_descontinuacao,143,semanal,B,ruptura,2009-12-01,2010-09-05,61,95,4.63,20.50,57,14,1011.70,2218,16.59,25.06,0.0000,0.208,267,f,t,733.42
20731,POSY CANDY BAG,fora_do_escopo,,semanal,B,normal,2009-12-07,2010-12-06,54,3,6.87,0.44,45,14,1144.21,4051,21.19,21.60,0.6461,0.354,267,f,t,733.42
20733,GOLD MINI TAPE MEASURE,fora_do_escopo,,semanal,C,normal,2009-12-03,2010-12-09,72,0,5.23,0.00,49,14,523.04,725,7.26,9.73,1.0000,0.170,1,f,f,733.42
20734,SILVER MINI TAPE MEASURE,fora_do_escopo,,semanal,B,normal,2009-12-01,2010-12-07,78,2,4.82,0.42,21,14,1214.46,1440,15.57,22.62,0.6603,0.512,6,f,t,733.42
20735,BLACK MINI TAPE MEASURE,fora_do_escopo,,semanal,B,normal,2009-12-02,2010-12-09,75,0,5.03,0.00,36,14,963.23,922,12.84,17.88,1.0000,0.224,6,f,t,733.42
20736,PINK MINI TAPE MEASURE,fora_do_escopo,,mensal,C,ruptura,2009-12-02,2010-03-14,14,270,7.85,34.41,26,28,234.35,291,16.74,14.93,0.0000,0.307,1,f,f,733.42
20738,GREEN MINI TAPE MEASURE,fora_do_escopo,,semanal,B,atraso,2009-12-03,2010-11-29,63,10,5.82,1.72,22,14,1301.72,1610,20.66,24.84,0.1795,0.522,6,f,t,733.42
20747,PICCADILLY TEA SET,provavel_descontinuacao,5,semanal,A,ruptura,2009-12-01,2010-05-16,65,207,2.59,79.81,12,14,9239.87,684,142.15,383.64,0.0000,0.156,6,f,t,733.42
20748,KENSINGTON COFFEE SET,fora_do_escopo,,semanal,A,normal,2009-12-01,2010-12-09,100,0,3.77,0.00,25,14,13566.81,1547,135.67,252.06,1.0000,0.020,6,f,t,733.42
20749,ASSORTED COLOUR MINI CASES,fora_do_escopo,,diario,A,normal,2009-12-01,2010-12-09,218,0,1.72,0.00,15,7,10192.34,1386,46.75,190.40,1.0000,0.071,2,f,t,733.42
20750,RED RETROSPOT MINI CASES,fora_do_escopo,,diario,A,normal,2009-12-01,2010-12-09,245,0,1.53,0.00,14,7,14919.94,2029,60.90,278.86,1.0000,0.118,9,f,t,733.42
20751,FUNKY WASHING UP GLOVES ASSORTED,fora_do_escopo,,semanal,A,normal,2009-12-01,2010-12-09,177,0,2.12,0.00,12,14,4132.96,1938,23.35,77.12,1.0000,0.134,0,f,t,733.42
20752,BLUE POLKADOT WASHING UP GLOVES,fora_do_escopo,,semanal,B,normal,2009-12-01,2010-12-09,138,0,2.72,0.00,25,14,2025.53,1122,14.68,37.74,1.0000,0.091,8,f,t,733.42
20753,RETRO PINK SPOT WASHING UP GLOVES,fora_do_escopo,,semanal,C,ruptura,2009-12-01,2010-01-18,21,325,2.40,135.42,13,14,509.00,218,24.24,70.69,0.0000,0.198,0,f,f,733.42
20754,RETROSPOT RED WASHING UP GLOVES,fora_do_escopo,,diario,A,normal,2009-12-01,2010-12-09,242,0,1.55,0.00,13,7,7517.79,3701,31.07,140.50,1.0000,0.164,6,f,t,733.42
20755,BLUE PAISLEY POCKET BOOK,fora_do_escopo,,mensal,B,normal,2009-12-07,2010-12-09,50,0,7.49,0.00,37,28,833.78,4855,16.68,15.59,1.0000,0.518,267,f,t,733.42
20756,GREEN FERN POCKET BOOK,fora_do_escopo,,mensal,B,atraso,2009-12-01,2010-11-18,30,21,12.14,1.73,85,28,803.11,5671,26.77,15.44,0.1773,0.657,267,f,t,733.42
20757,RED DAISY POCKET BOOK,fora_do_escopo,,mensal,B,normal,2009-12-07,2010-12-06,36,3,10.40,0.29,51,28,770.21,5208,21.39,14.40,0.7494,0.623,267,f,t,733.42
20758,ABSTRACT CIRCLES POCKET BOOK,fora_do_escopo,,mensal,B,normal,2009-12-01,2010-12-09,39,0,9.82,0.00,42,28,829.32,5279,21.26,15.16,1.0000,0.579,267,f,t,733.42
20759,CHRYSANTHEMUM POCKET BOOK,fora_do_escopo,,mensal,B,normal,2009-12-17,2010-12-09,33,0,11.16,0.00,36,28,840.98,5718,25.48,15.99,1.0000,0.628,267,f,t,733.42
20760,GARDEN PATH POCKET BOOK,fora_do_escopo,,mensal,B,normal,2009-12-04,2010-12-09,46,0,8.22,0.00,42,28,1259.26,5486,27.38,23.31,1.0000,0.343,267,f,t,733.42
20761,BLUE PAISLEY SKETCHBOOK,fora_do_escopo,,semanal,B,normal,2009-12-01,2010-12-09,76,0,4.97,0.00,25,14,957.98,347,12.61,17.74,1.0000,0.125,8,f,t,733.42
20762,GREEN FERN SKETCHBOOK,fora_do_escopo,,semanal,B,normal,2009-12-04,2010-12-09,69,0,5.44,0.00,25,14,961.45,360,13.93,17.93,1.0000,0.140,17,f,t,733.42
20763,DAISY SKETCHBOOK,fora_do_escopo,,mensal,C,normal,2009-12-07,2010-12-08,41,1,9.15,0.11,37,28,509.19,196,12.42,9.50,0.8965,0.185,23,f,f,733.42
20764,ABSTRACT CIRCLES SKETCHBOOK,fora_do_escopo,,semanal,B,normal,2009-12-02,2010-12-09,85,0,4.43,0.00,21,14,1550.20,548,18.24,28.83,1.0000,0.087,17,f,t,733.42
20765,CHRYSANTHEMUM SKETCHBOOK,fora_do_escopo,,semanal,B,normal,2009-12-01,2010-12-09,72,0,5.25,0.00,37,14,879.01,348,12.21,16.27,1.0000,0.137,8,f,t,733.42
20766,GARDEN PATH SKETCHBOOK,fora_do_escopo,,semanal,B,normal,2009-12-04,2010-12-09,78,0,4.81,0.00,25,14,1077.52,401,13.81,20.12,1.0000,0.111,8,f,t,733.42
20767,BLUE PAISLEY JOURNAL,fora_do_escopo,,semanal,B,normal,2009-12-01,2010-12-05,88,4,4.24,0.94,26,14,1095.75,566,12.45,20.55,0.3894,0.207,35,f,t,733.42
20768,GREEN FERN JOURNAL,fora_do_escopo,,semanal,B,normal,2009-12-01,2010-12-05,78,4,4.79,0.83,25,14,1103.27,594,14.14,20.66,0.4340,0.206,35,f,t,733.42
20769,DAISY JOURNAL,fora_do_escopo,,mensal,C,normal,2009-12-07,2010-12-06,41,3,9.10,0.33,60,28,601.45,362,14.67,11.28,0.7192,0.251,35,f,f,733.42
20770,ABSTRACT CIRCLE JOURNAL,fora_do_escopo,,semanal,B,normal,2009-12-01,2010-12-09,107,0,3.52,0.00,20,14,1768.56,871,16.53,32.88,1.0000,0.171,35,f,t,733.42
20771,CHRYSANTHEMUM  JOURNAL,fora_do_escopo,,semanal,B,normal,2009-12-01,2010-12-09,83,0,4.55,0.00,21,14,960.05,526,11.57,17.80,1.0000,0.096,8,f,t,733.42
20772,GARDEN PATH JOURNAL,fora_do_escopo,,semanal,B,normal,2009-12-02,2010-12-07,76,2,4.93,0.41,20,14,1245.31,728,16.39,23.25,0.6667,0.243,35,f,t,733.42
20773,BLUE PAISLEY NOTEBOOK,fora_do_escopo,,semanal,B,normal,2009-12-01,2010-12-09,79,0,4.78,0.00,20,14,901.28,3301,11.41,16.70,1.0000,0.506,267,f,t,733.42
20774,GREEN FERN NOTEBOOK,fora_do_escopo,,semanal,B,normal,2009-12-01,2010-12-09,64,0,5.92,0.00,43,14,836.09,3407,13.06,15.45,1.0000,0.574,267,f,t,733.42
20775,DAISY NOTEBOOK,fora_do_escopo,,mensal,C,normal,2009-12-06,2010-12-08,44,1,8.53,0.12,48,28,704.61,3476,16.01,13.13,0.8894,0.715,267,f,f,733.42
20776,ABSTRACT CIRCLES NOTEBOOK,cliente_principal_parou,20,semanal,B,ruptura,2009-12-01,2010-09-17,57,83,5.18,16.03,36,14,834.31,3259,14.64,19.79,0.0000,0.547,267,f,t,733.42
20777,CHRYSANTHEMUM NOTEBOOK,fora_do_escopo,,semanal,B,normal,2009-12-01,2010-12-09,74,0,5.11,0.00,28,14,998.48,3500,13.49,18.49,1.0000,0.481,267,f,t,733.42
20778,GARDEN PATH NOTEBOOK,fora_do_escopo,,semanal,B,normal,2009-12-02,2010-12-09,69,0,5.47,0.00,27,14,927.86,3601,13.45,17.21,1.0000,0.543,267,f,t,733.42
20780,BLACK EAR MUFF HEADPHONES,fora_do_escopo,,mensal,B,normal,2009-12-01,2010-12-08,53,1,7.15,0.14,64,28,1110.04,201,20.94,20.49,0.8695,0.251,21,f,t,733.42
20781,GOLD EAR MUFF HEADPHONES,fora_do_escopo,,mensal,C,normal,2009-12-04,2010-12-08,35,1,10.85,0.09,51,28,389.63,72,11.13,7.18,0.9120,0.085,0,f,f,733.42
20782,CAMOUFLAGE EAR MUFF HEADPHONES,fora_do_escopo,,mensal,B,normal,2009-12-01,2010-12-07,44,2,8.63,0.23,57,28,731.87,117,16.63,13.50,0.7931,0.045,2,f,f,733.42
20783,HEART EAR MUFF HEADPHONES,provavel_descontinuacao,138,semanal,B,ruptura,2009-12-01,2010-08-16,40,115,6.62,17.38,44,14,1056.89,166,26.42,27.96,0.0000,0.290,15,f,t,733.42
20784,RED RETRO BAR STOOL,monitorar,20,mensal,A,ruptura,2009-12-01,2010-10-21,34,49,9.82,4.99,93,28,3570.87,101,105.03,74.88,0.0068,0.161,125,f,t,733.42
20785,FUSCHIA RETRO BAR STOOL,ruptura_provavel,14,mensal,A,ruptura,2010-01-22,2010-10-21,28,49,10.07,4.86,48,28,3149.05,88,112.47,78.15,0.0077,0.137,321,f,t,733.42
20786,BLACK RETRO BAR STOOL,ruptura_provavel,12,mensal,A,ruptura,2010-01-22,2010-10-22,29,48,9.75,4.92,47,28,3533.90,99,121.86,87.49,0.0073,0.122,321,f,t,733.42
20787,BLUE RETRO BAR STOOL,provavel_descontinuacao,65,mensal,B,ruptura,2010-01-17,2010-09-22,26,78,9.92,7.86,45,28,2535.10,69,97.50,68.80,0.0004,0.047,11,f,t,733.42
20793,BLUE TILED TRAY,fora_do_escopo,,ocasional,C,atraso,2009-12-02,2010-11-14,18,25,20.41,1.22,82,,464.50,273,25.81,8.85,0.2938,0.388,199,f,f,733.42
20794,BLUE  TILE HOOK,fora_do_escopo,,mensal,C,normal,2010-01-07,2010-12-07,22,2,15.90,0.13,52,28,313.29,114,14.24,6.27,0.8818,0.195,0,f,f,733.42
20795,LARGE BLUE PROVENCAL CERAMIC BALL,fora_do_escopo,,ocasional,C,normal,2009-12-09,2010-11-23,17,16,21.81,0.73,56,,195.65,86,11.51,3.69,0.4802,0.311,70,f,f,733.42
20796,SMALL BLUE PROVENCAL CERAMIC BALL,fora_do_escopo,,ocasional,C,normal,2009-12-09,2010-11-21,13,18,28.92,0.62,91,,78.22,37,6.02,1.46,0.5366,0.253,43,f,f,733.42
20798,CLEAR MILKSHAKE GLASS,fora_do_escopo,,semanal,B,normal,2009-12-01,2010-12-07,73,2,5.15,0.39,22,14,1270.35,533,17.40,23.64,0.6783,0.187,0,f,t,733.42
20799,PINK MILKSHAKE GLASS,fora_do_escopo,,mensal,C,ruptura,2009-12-01,2010-06-21,25,171,8.42,20.32,68,28,355.33,200,14.21,11.82,0.0000,0.234,0,f,f,733.42
20800,LARGE GLASS SUNDAE DISH CLEAR,fora_do_escopo,,mensal,C,ruptura,2010-01-11,2010-03-30,5,254,19.50,13.03,29,28,303.96,1005,60.79,21.82,0.0000,0.816,267,f,f,733.42
20801,LARGE PINK GLASS SUNDAE DISH,fora_do_escopo,,mensal,C,normal,2010-01-18,2010-12-07,31,2,10.77,0.19,28,28,279.42,83,9.01,5.86,0.8305,0.183,14,f,f,733.42
20802,SMALL GLASS SUNDAE DISH CLEAR,fora_do_escopo,,mensal,C,normal,2009-12-16,2010-12-08,50,1,7.29,0.14,30,28,645.58,328,12.91,12.41,0.8717,0.107,32,f,f,733.42
20803,SMALL PINK GLASS SUNDAE DISH,fora_do_escopo,,mensal,C,normal,2009-12-07,2010-12-09,45,0,8.34,0.00,50,28,424.78,221,9.44,7.92,1.0000,0.070,6,f,f,733.42
20804,GLASS CHICKEN BUTTER DISH,fora_do_escopo,,semanal,C,ruptura,2009-12-01,2010-07-01,32,161,6.84,23.54,88,14,592.51,333,18.52,18.95,0.0000,0.352,80,f,f,733.42
20812,EMBOSSED FLOWER TRELLIS PHOTO FRAME,fora_do_escopo,,ocasional,C,ruptura,2009-12-01,2010-01-28,3,315,29.00,10.86,56,,12.75,5,4.25,1.03,0.0000,0.400,4,f,f,733.42
20814,SILVER FINCH DECORATION,fora_do_escopo,,mensal,C,ruptura,2009-12-01,2010-02-24,10,288,9.44,30.49,34,28,208.89,189,20.89,15.48,0.0000,0.731,2,f,f,733.42
20816,GOLD FLOWER CUSHION COVER,fora_do_escopo,,ocasional,C,normal,2010-02-04,2010-10-29,5,41,66.75,0.61,146,,108.00,16,21.60,2.27,0.5411,0.438,3,f,f,733.42
20818,GOLD TEDDY BEAR,fora_do_escopo,,mensal,C,ruptura,2009-12-02,2010-10-08,23,62,14.09,4.40,58,28,225.80,72,9.82,4.88,0.0123,0.199,163,f,f,733.42
20819,SILVER TEDDY BEAR,fora_do_escopo,,mensal,C,normal,2009-12-02,2010-12-06,33,3,11.53,0.26,50,28,390.52,165,11.83,7.18,0.7709,0.115,163,f,f,733.42
20820,SILVER LOOKING MIRROR,fora_do_escopo,,ocasional,C,normal,2009-12-17,2010-12-01,7,8,58.17,0.14,79,,44.55,9,6.36,0.77,0.8715,0.444,8,f,f,733.42
20821,GOLDIE LOOKING MIRROR,fora_do_escopo,,mensal,C,atraso,2009-12-14,2010-11-04,19,35,18.06,1.94,78,28,202.27,25,10.65,4.13,0.1439,0.147,150,f,f,733.42
20823,GOLD WINE GOBLET,fora_do_escopo,,ocasional,C,normal,2009-12-01,2010-11-24,11,15,35.80,0.42,126,,422.75,93,38.43,7.51,0.6577,0.483,326,f,f,733.42
20825,GOLD WINE GLASS,fora_do_escopo,,ocasional,B,normal,2009-12-01,2010-11-14,6,25,69.60,0.36,143,,1255.08,361,209.18,21.04,0.6982,0.796,2,f,t,733.42
20826,SILVER APERITIF GLASS,fora_do_escopo,,ocasional,C,normal,2009-12-01,2010-11-19,6,20,70.60,0.28,166,,162.32,79,27.05,2.68,0.7533,0.627,326,f,f,733.42
20827,GOLD APERITIF GLASS,fora_do_escopo,,ocasional,C,normal,2009-12-01,2010-11-23,6,16,71.40,0.22,166,,175.04,85,29.17,2.86,0.7992,0.581,326,f,f,733.42
20828,GLITTER BUTTERFLY CLIPS,fora_do_escopo,,diario,A,normal,2009-12-01,2010-12-09,211,0,1.78,0.00,14,7,8016.03,3351,37.99,149.72,1.0000,0.276,14,f,t,733.42
20829,GLITTER HANGING BUTTERFLY STRING,fora_do_escopo,,semanal,A,normal,2009-12-01,2010-12-09,180,0,2.08,0.00,15,14,7167.19,3535,39.82,133.76,1.0000,0.314,15,f,t,733.42
20830,SILVER PHOTO FRAME,fora_do_escopo,,mensal,C,atraso,2009-12-01,2010-11-25,42,14,8.76,1.60,70,28,567.38,277,13.51,10.80,0.2021,0.144,8,f,f,733.42
20831,GOLD PHOTO FRAME,fora_do_escopo,,mensal,C,atraso,2009-12-01,2010-11-23,39,16,9.39,1.70,35,28,474.03,264,12.15,9.06,0.1821,0.172,8,f,f,733.42
20832,RED FLOCK LOVE HEART PHOTO FRAME,fora_do_escopo,,semanal,C,normal,2009-12-01,2010-12-08,65,1,5.81,0.17,46,14,561.68,623,8.64,10.41,0.8419,0.109,22,f,f,733.42
20833,SHAKER THROW  QUILTED,fora_do_escopo,,ocasional,B,ruptura,2009-12-06,2010-03-09,5,275,23.25,11.83,78,,811.80,52,162.36,48.88,0.0000,0.688,52,f,t,733.42
20835,FRENCH LATTICE CUSHION COVER,fora_do_escopo,,ocasional,C,normal,2010-03-03,2010-12-01,3,8,136.50,0.06,266,,32.24,14,10.75,0.55,0.9431,0.316,6,f,f,733.42
20836,FRENCH PAISLEY CUSHION COVER,fora_do_escopo,,ocasional,C,ruptura,2010-03-02,2010-06-11,5,181,25.25,7.17,44,,108.90,54,21.78,6.04,0.0008,0.325,3,f,f,733.42
20837,FRENCH FLORAL CUSHION COVER,fora_do_escopo,,ocasional,C,normal,2009-12-04,2010-11-17,3,22,174.00,0.13,260,,45.60,24,15.20,0.61,0.8812,0.388,22,f,f,733.42
20838,FRENCH LATTICE CUSHION COVER,fora_do_escopo,,ocasional,C,normal,2010-02-14,2010-10-22,6,48,50.00,0.96,109,,104.35,61,17.39,2.43,0.3829,0.293,8,f,f,733.42
20839,FRENCH PAISLEY CUSHION COVER,fora_do_escopo,,ocasional,C,normal,2009-12-07,2010-12-07,15,2,26.07,0.08,119,,223.33,67,14.89,4.00,0.9262,0.159,0,f,f,733.42
20840,FRENCH FLORAL CUSHION COVER,fora_do_escopo,,mensal,B,normal,2009-12-18,2010-12-01,19,8,19.33,0.41,58,28,796.09,353,41.90,15.17,0.6611,0.692,8,f,t,733.42
20845,ZINC HEART LATTICE 2 WALL PLANTER,fora_do_escopo,,ocasional,C,atraso,2009-12-02,2010-10-25,13,45,27.25,1.65,151,,381.62,57,29.36,7.54,0.1918,0.366,15,f,f,733.42
20846,ZINC HEART LATTICE T-LIGHT HOLDER,fora_do_escopo,,semanal,B,normal,2009-12-14,2010-12-06,69,3,5.25,0.57,22,14,1042.16,754,15.10,20.14,0.5647,0.058,59,f,t,733.42
20847,ZINC HEART LATTICE CHARGER LARGE,fora_do_escopo,,ocasional,C,normal,2009-12-03,2010-12-06,10,3,40.89,0.07,124,,124.39,29,12.44,2.13,0.9293,0.362,14,f,f,733.42
20848,ZINC HEART LATTICE CHARGER SMALL,fora_do_escopo,,ocasional,C,indicio,2009-12-10,2010-06-17,4,175,63.00,2.78,105,,53.10,18,13.28,1.48,0.0622,0.667,14,f,f,733.42
20849,ZINC HEART LATTICE DOUBLE PLANTER,fora_do_escopo,,mensal,C,atraso,2009-12-07,2010-11-21,21,18,17.45,1.03,96,28,593.03,674,28.24,11.33,0.3565,0.486,267,f,f,733.42
20850,ZINC HEART LATTICE PLANTER BOWL,fora_do_escopo,,mensal,C,atraso,2010-01-06,2010-11-11,21,28,15.45,1.81,84,28,713.80,820,33.99,15.40,0.1633,0.488,267,f,f,733.42
20851,ZINC HEART LATTICE TRAY OVAL,fora_do_escopo,,mensal,C,atraso,2009-12-08,2010-11-21,21,18,17.40,1.03,56,28,376.02,326,17.91,7.20,0.3554,0.383,267,f,f,733.42
20854,BLUE PATCH PURSE PINK HEART,fora_do_escopo,,semanal,C,normal,2009-12-03,2010-12-09,69,0,5.46,0.00,29,14,361.41,218,5.24,6.72,1.0000,0.064,7,f,f,733.42
20855,PINK PATCH PURSE BLUE HEART,fora_do_escopo,,semanal,C,ruptura,2009-12-03,2010-09-15,44,85,6.65,12.78,49,14,239.25,145,5.44,5.72,0.0000,0.166,1,f,f,733.42
20856,DENIM PATCH PURSE PINK BUTTERFLY,fora_do_escopo,,semanal,C,normal,2009-12-06,2010-12-05,56,4,6.62,0.60,28,14,331.65,201,5.92,6.26,0.5464,0.055,29,f,f,733.42
20857,BLUE ROSE PATCH PURSE PINK BUTTERFL,fora_do_escopo,,semanal,C,normal,2009-12-06,2010-12-07,61,2,6.10,0.33,37,14,372.90,226,6.11,7.02,0.7205,0.102,7,f,f,733.42
20860,GOLD COSMETICS BAG WITH BUTTERFLY,fora_do_escopo,,ocasional,C,atraso,2010-04-08,2010-11-08,10,31,23.78,1.30,68,,39.90,19,3.99,1.17,0.2715,0.263,14,f,f,733.42
20861,GOLD COSMETIC BAG PINK STAR,fora_do_escopo,,ocasional,C,normal,2009-12-03,2010-12-06,15,3,26.29,0.11,112,,96.60,46,6.44,1.72,0.8921,0.217,31,f,f,733.42
20862,PINK PATCH PENCIL CASE BLUE HEART,fora_do_escopo,,semanal,C,ruptura,2009-12-02,2010-06-30,31,162,7.00,23.14,45,14,691.14,325,22.29,22.29,0.0000,0.558,7,f,f,733.42
20863,BLUE PATCH PENCIL CASE PINK HEART,fora_do_escopo,,semanal,C,ruptura,2009-12-01,2010-08-15,46,116,5.71,20.31,31,14,605.73,295,13.17,16.14,0.0000,0.573,7,f,f,733.42
20864,DENIM PATCH PENCIL CASE BUTTERFLY,fora_do_escopo,,mensal,C,ruptura,2009-12-06,2010-10-24,27,46,12.38,3.71,45,28,498.14,252,18.45,10.43,0.0244,0.692,7,f,f,733.42
20865,PATCHWORK PENCIL CASE BUTTERFLY,fora_do_escopo,,mensal,C,ruptura,2009-12-01,2010-06-30,30,162,7.28,22.27,34,28,500.49,251,16.68,16.05,0.0000,0.693,7,f,f,733.42
20866,BLUE ROSE FABRIC MIRROR,fora_do_escopo,,semanal,C,normal,2009-12-01,2010-12-09,75,0,5.04,0.00,22,14,670.49,689,8.94,12.42,1.0000,0.136,8,f,f,733.42
20867,PINK ROSE FABRIC MIRROR,fora_do_escopo,,semanal,B,normal,2009-12-01,2010-12-09,71,0,5.33,0.00,40,14,760.98,810,10.72,14.08,1.0000,0.120,8,f,t,733.42
20868,SILVER FABRIC MIRROR,fora_do_escopo,,mensal,C,normal,2009-12-06,2010-11-28,22,11,17.00,0.65,79,28,298.72,424,13.58,5.59,0.5236,0.426,23,f,f,733.42
20869,GOLD FABRIC MIRROR,fora_do_escopo,,mensal,C,atraso,2009-12-02,2010-11-10,20,29,18.05,1.61,112,28,209.61,350,10.48,4.06,0.2006,0.435,8,f,f,733.42
20870,OPULENT VELVET CANDLE IN BOX,fora_do_escopo,,semanal,C,ruptura,2009-12-01,2009-12-22,6,352,4.20,83.81,9,14,54.30,30,9.05,15.08,0.0000,0.414,366,f,f,733.42
20871,OPULENT VELVET SET/3 CANDLES,monitorar,37,semanal,B,indicio,2009-12-02,2010-11-26,78,13,4.66,2.79,28,14,1975.93,1274,25.33,38.03,0.0615,0.152,8,f,t,733.42
20877,MODERN CHRISTMAS BAUBLE CANDLE,fora_do_escopo,,diario,C,ruptura,2009-12-10,2009-12-18,5,356,2.00,178.00,3,7,5.04,12,1.01,3.53,0.0000,0.500,1,t,f,733.42
20878,SET/9 CHRISTMAS T-LIGHTS SCENTED,fora_do_escopo,,semanal,B,normal,2009-12-02,2010-12-05,55,4,6.81,0.59,227,14,955.01,739,17.36,17.84,0.5560,0.107,17,t,t,733.42
20879,TREE OF NOAH FESTIVE SCENTED CANDLE,fora_do_escopo,,semanal,C,ruptura,2009-12-04,2009-12-22,8,352,2.57,136.89,6,14,75.60,69,9.45,25.73,0.0000,0.103,71,f,f,733.42
20881,MODERN CHRISTMAS TREE CANDLE,fora_do_escopo,,semanal,C,ruptura,2009-12-10,2009-12-16,2,358,6.00,59.67,6,14,2.55,3,1.28,1.49,0.0000,0.667,4,t,f,733.42
20882,MODERN CHRISTMAS TREE CANDLE,fora_do_escopo,,semanal,C,ruptura,2009-12-13,2009-12-16,2,358,3.00,119.33,3,14,8.85,3,4.43,10.33,0.0000,0.667,11,t,f,733.42
20884,MODERN CHRISTMAS TREE CANDLE,fora_do_escopo,,semanal,C,ruptura,2009-12-10,2009-12-18,3,356,4.00,89.00,5,14,6.30,3,2.10,3.68,0.0000,0.333,4,t,f,733.42
20886,BOX OF 9 PEBBLE CANDLES,fora_do_escopo,,semanal,A,normal,2009-12-01,2010-12-09,149,0,2.52,0.00,14,14,2601.32,1307,17.46,48.49,1.0000,0.091,7,f,t,733.42
20887,BOX OF 6 PEBBLE CANDLES,fora_do_escopo,,semanal,C,ruptura,2009-12-01,2009-12-22,5,352,5.25,67.05,12,14,118.39,18,23.68,31.57,0.0000,0.058,10,f,f,733.42
20888,SET 3 JARDIN DE FEMME SCENT CANDLES,fora_do_escopo,,mensal,C,ruptura,2009-12-01,2010-03-26,17,258,7.19,35.90,21,28,547.74,367,32.22,31.38,0.0000,0.552,8,f,f,733.42
20889,JARDIN DE FEMME SCENTED CANDLE,fora_do_escopo,,mensal,C,ruptura,2009-12-02,2010-03-26,11,258,11.40,22.63,27,28,398.04,657,36.19,22.22,0.0000,0.308,267,f,f,733.42
20890,SMALL GLASS ROSE SCENTED CANDLE,fora_do_escopo,,ocasional,C,ruptura,2010-01-21,2010-04-19,4,234,29.33,7.98,35,,202.62,605,50.66,12.09,0.0003,0.074,24,f,f,733.42
20891,LARGE GLASS ROSE SCENTED CANDLE,fora_do_escopo,,ocasional,C,ruptura,2010-01-12,2010-04-19,3,234,48.50,4.82,88,,236.33,684,78.78,11.37,0.0080,0.067,24,f,f,733.42
20892,SET/3 TALL GLASS CANDLE HOLDER PINK,fora_do_escopo,,mensal,B,normal,2009-12-01,2010-12-08,35,1,10.94,0.09,31,28,1082.61,102,30.93,19.79,0.9127,0.103,0,f,t,733.42
20893,HANGING BAUBLE T-LIGHT HOLDER SMALL,fora_do_escopo,,mensal,B,normal,2009-12-03,2010-12-02,47,7,7.91,0.88,33,28,944.22,406,20.09,17.77,0.4129,0.400,7,f,t,733.42
20894,HANGING BAUBLE T-LIGHT HOLDER LARGE,fora_do_escopo,,semanal,B,normal,2009-12-01,2010-12-05,60,4,6.25,0.64,28,14,762.84,249,12.71,14.23,0.5275,0.120,0,f,t,733.42
20895,VINTAGE NOTEBOOK FRENCH LETTER,fora_do_escopo,,mensal,C,ruptura,2009-12-08,2010-02-02,4,310,18.67,16.61,29,28,47.20,16,11.80,4.42,0.0000,0.750,226,f,f,733.42
20896,VINTAGE NOTEBOOK PINK FLOWER,fora_do_escopo,,mensal,C,ruptura,2009-12-09,2010-08-18,14,113,19.38,5.83,73,28,118.00,40,8.43,3.04,0.0029,0.300,244,f,f,733.42
20897,VINTAGE NOTEBOOK PARIS DAYS,fora_do_escopo,,mensal,C,normal,2009-12-01,2010-12-09,44,0,8.67,0.00,40,28,574.04,251,13.05,10.53,1.0000,0.314,8,f,f,733.42
20898,VINTAGE NOTEBOOK TRAVELOGUE,fora_do_escopo,,mensal,C,atraso,2009-12-04,2010-11-28,36,11,10.26,1.07,41,28,588.19,289,16.34,11.15,0.3422,0.306,8,f,f,733.42
20899,VINTAGE NOTEBOOK RED ROSE,fora_do_escopo,,mensal,C,ruptura,2009-12-09,2010-05-16,11,207,15.80,13.10,47,28,129.80,44,11.80,5.23,0.0000,0.273,0,f,f,733.42
20901,VINTAGE KEEPSAKE BOX PINK FLOWER,fora_do_escopo,,semanal,C,ruptura,2009-12-01,2010-08-27,46,104,5.98,17.40,28,14,721.45,72,15.68,18.37,0.0000,0.053,0,f,f,733.42
20902,VINTAGE KEEPSAKE BOX PARIS DAYS,fora_do_escopo,,semanal,B,normal,2009-12-03,2010-12-07,58,2,6.47,0.31,24,14,901.94,100,15.55,16.81,0.7342,0.052,8,f,t,733.42
20903,VINTAGE KEEPSAKE BOX TRAVELOGUE,fora_do_escopo,,mensal,C,normal,2009-12-01,2010-12-06,30,3,12.76,0.24,39,28,490.61,107,16.35,8.97,0.7905,0.095,8,f,f,733.42
20905,VINTAGE KEEPSAKE BOX BEAUTY GIRL,fora_do_escopo,,mensal,C,ruptura,2009-12-02,2010-01-28,4,315,19.00,16.58,48,28,63.50,10,15.88,5.85,0.0000,0.400,65,f,f,733.42
20906,VINTAGE NOTEBOOK BEAUTY GIRL,fora_do_escopo,,mensal,C,normal,2009-12-02,2010-12-08,35,1,10.91,0.09,34,28,365.29,100,10.44,6.70,0.9124,0.065,0,f,f,733.42
20910,VINTAGE PHOTO ALBUM PARIS DAYS,fora_do_escopo,,mensal,B,normal,2009-12-03,2010-12-03,44,6,8.49,0.71,31,28,743.72,102,16.90,13.94,0.4932,0.248,0,f,t,733.42
20913,SET/5 BLUE SPOTTY LID GLASS BOWLS,provavel_descontinuacao,25,semanal,B,ruptura,2009-12-01,2010-01-17,20,326,2.47,131.79,13,14,898.72,314,44.94,127.16,0.0000,0.610,6,f,t,733.42
20914,SET/5 RED RETROSPOT LID GLASS BOWLS,fora_do_escopo,,diario,A,normal,2009-12-01,2010-12-09,292,0,1.28,0.00,12,7,35025.11,12607,119.95,655.06,1.0000,0.138,6,f,t,733.42
20931,BLUE POT PLANT CANDLE,fora_do_escopo,,semanal,B,normal,2009-12-07,2010-12-07,74,2,5.00,0.40,23,14,1200.03,377,16.22,22.70,0.6703,0.118,9,f,t,733.42
20932,PINK POT PLANT CANDLE,fora_do_escopo,,mensal,C,atraso,2009-12-10,2010-11-29,43,10,8.43,1.19,52,28,518.93,130,12.07,10.02,0.3053,0.136,0,f,f,733.42
20933,YELLOW POT PLANT CANDLE,monitorar,68,mensal,B,ruptura,2009-12-02,2010-10-31,37,39,9.25,4.22,57,28,1258.44,482,34.01,25.74,0.0148,0.545,0,f,t,733.42
20934,SET/3 POT PLANT CANDLES,fora_do_escopo,,mensal,B,normal,2009-12-02,2010-11-28,33,11,11.28,0.98,215,28,771.51,131,23.38,14.51,0.3772,0.205,1,f,t,733.42
20935,ROUND CACTUS CANDLE,fora_do_escopo,,mensal,C,atraso,2009-12-08,2010-11-26,39,13,9.29,1.40,59,28,562.68,296,14.43,10.87,0.2467,0.107,8,f,f,733.42
20936,FORKED CACTUS CANDLE,fora_do_escopo,,mensal,C,normal,2009-12-06,2010-12-06,41,3,9.13,0.33,41,28,553.24,242,13.49,10.35,0.7198,0.108,8,f,f,733.42
20940,SET/6 GARDEN GNOME T-LIGHT CANDLES,fora_do_escopo,,diario,C,ruptura,2009-12-01,2009-12-13,10,361,1.33,270.75,2,7,342.75,118,34.28,179.94,0.0000,0.387,2,f,f,733.42
20941,FROG CANDLE,fora_do_escopo,,semanal,B,atraso,2009-12-01,2010-12-03,81,6,4.59,1.31,17,14,815.01,935,10.06,15.35,0.2704,0.067,8,f,t,733.42
20942,SET/6 GINGERBREAD TREE T-LIGHTS,fora_do_escopo,,mensal,C,ruptura,2009-12-01,2009-12-22,3,352,10.50,33.52,12,28,7.50,6,2.50,1.67,0.0000,0.333,4,f,f,733.42
20943,SET/6 GINGERBREAD STAR T-LIGHTS,fora_do_escopo,,mensal,C,ruptura,2009-12-01,2010-10-22,45,48,7.39,6.50,79,28,543.96,384,12.09,11.46,0.0015,0.055,8,f,f,733.42
20950,SET/6  ANGEL T-LIGHTS WHITE/GOLD,fora_do_escopo,,semanal,C,atraso,2009-12-02,2010-11-28,63,11,5.82,1.89,133,14,353.39,687,5.61,6.74,0.1512,0.043,3,f,f,733.42
20952,PORCELAIN CHERUB BELL SMALL,fora_do_escopo,,mensal,C,normal,2009-12-10,2010-11-23,22,16,16.57,0.97,62,28,151.14,330,6.87,2.90,0.3808,0.689,14,f,f,733.42
20953,PORCELAIN CHERUB BELL LARGE,fora_do_escopo,,ocasional,C,normal,2010-03-19,2010-11-29,9,10,31.88,0.31,162,,54.45,33,6.05,1.33,0.7307,0.121,255,f,f,733.42
20956,PORCELAIN T-LIGHT HOLDERS ASSORTED,fora_do_escopo,,semanal,B,normal,2009-12-01,2010-12-09,98,0,3.85,0.00,37,14,2029.98,1572,20.71,37.71,1.0000,0.121,7,f,t,733.42
20957,PORCELAIN HANGING BELL SMALL,fora_do_escopo,,mensal,C,normal,2010-04-11,2010-11-29,15,10,16.57,0.60,88,28,184.61,126,12.31,5.20,0.5469,0.126,25,f,f,733.42
20958,PORCELAIN HANGING BELL LARGE,fora_do_escopo,,ocasional,C,normal,2010-03-26,2010-11-29,10,10,27.56,0.36,56,,70.50,38,7.05,1.79,0.6957,0.221,25,f,f,733.42
20960,WATERMELON BATH SPONGE,fora_do_escopo,,semanal,B,normal,2009-12-01,2010-12-07,142,2,2.63,0.76,16,14,2498.43,1879,17.59,46.81,0.4676,0.156,2,f,t,733.42
20961,STRAWBERRY BATH SPONGE,fora_do_escopo,,semanal,A,normal,2009-12-01,2010-12-09,175,0,2.14,0.00,22,14,3152.39,2449,18.01,58.82,1.0000,0.286,2,f,t,733.42
20963,APPLE BATH SPONGE,fora_do_escopo,,semanal,A,normal,2009-12-01,2010-12-09,168,0,2.23,0.00,12,14,3023.95,2308,18.00,56.41,1.0000,0.278,2,f,t,733.42
20964,POLYESTER FILLER PAD 60x40cm,fora_do_escopo,,ocasional,C,normal,2009-12-01,2010-11-23,5,16,89.25,0.18,203,,45.90,18,9.18,0.72,0.8359,0.333,0,f,f,733.42
20966,SANDWICH BATH SPONGE,fora_do_escopo,,diario,A,normal,2009-12-01,2010-12-09,190,0,1.97,0.00,13,7,3495.38,2446,18.40,65.25,1.0000,0.229,0,f,t,733.42
20967,GREY FLORAL FELTCRAFT SHOULDER BAG,fora_do_escopo,,semanal,A,normal,2009-12-01,2010-12-09,141,0,2.66,0.00,21,14,3307.14,878,23.45,61.62,1.0000,0.054,0,f,t,733.42
20968,GREEN FLORAL FELTCRAFT SHOULDER BAG,fora_do_escopo,,semanal,C,ruptura,2009-12-01,2010-01-12,13,331,3.50,94.57,23,14,185.11,43,14.24,28.48,0.0000,0.122,0,f,f,733.42
20969,RED FLORAL FELTCRAFT SHOULDER BAG,fora_do_escopo,,semanal,A,normal,2009-12-01,2010-12-09,180,0,2.08,0.00,21,14,5078.17,1332,28.21,94.77,1.0000,0.096,321,f,t,733.42
20970,PINK FLORAL FELTCRAFT SHOULDER BAG,fora_do_escopo,,semanal,A,normal,2009-12-01,2010-12-09,180,0,2.08,0.00,17,14,5396.12,1430,29.98,100.71,1.0000,0.113,321,f,t,733.42
20971,PINK BLUE FELT CRAFT TRINKET BOX,fora_do_escopo,,diario,A,normal,2009-12-01,2010-12-09,247,0,1.52,0.00,12,7,15189.36,11628,61.50,283.90,1.0000,0.126,6,f,t,733.42
20972,PINK CREAM FELT CRAFT TRINKET BOX,fora_do_escopo,,diario,A,normal,2009-12-01,2010-12-09,275,0,1.36,0.00,13,7,15992.53,13399,58.15,299.04,1.0000,0.202,15,f,t,733.42
20973,12 PENCIL SMALL TUBE WOODLAND,fora_do_escopo,,diario,A,normal,2010-03-17,2010-12-09,158,0,1.70,0.00,10,7,3714.35,5560,23.51,96.76,1.0000,0.202,44,f,t,733.42
20974,12 PENCILS SMALL TUBE SKULL,fora_do_escopo,,diario,A,normal,2009-12-01,2010-12-09,224,0,1.67,0.00,19,7,4363.26,6528,19.48,81.52,1.0000,0.179,4,f,t,733.42
20975,12 PENCILS SMALL TUBE RED RETROSPOT,fora_do_escopo,,diario,A,normal,2009-12-01,2010-12-09,234,0,1.60,0.00,14,7,7878.96,12045,33.67,147.23,1.0000,0.181,15,f,t,733.42
20976,12 PENCILS SMALL TUBE POSY,fora_do_escopo,,semanal,C,ruptura,2009-12-02,2010-10-04,66,66,4.71,14.02,46,14,376.99,550,5.71,8.49,0.0000,0.083,0,f,f,733.42
20977,36 PENCILS TUBE WOODLAND,fora_do_escopo,,semanal,A,normal,2009-12-01,2010-12-09,180,0,2.08,0.00,16,14,2818.85,2115,15.66,52.61,1.0000,0.085,0,f,t,733.42
20978,36 PENCILS TUBE SKULLS,fora_do_escopo,,semanal,A,normal,2009-12-01,2010-12-09,177,0,2.12,0.00,14,14,3097.28,2364,17.50,57.80,1.0000,0.063,35,f,t,733.42
20979,36 PENCILS TUBE RED RETROSPOT,fora_do_escopo,,diario,A,normal,2009-12-01,2010-12-08,210,1,1.78,0.56,15,7,5620.58,4480,26.76,105.26,0.5702,0.108,6,f,t,733.42
20980,36 PENCILS TUBE POSY,fora_do_escopo,,mensal,C,normal,2009-12-01,2010-12-05,37,4,10.25,0.39,71,28,206.65,155,5.59,3.81,0.6769,0.097,1,f,f,733.42
20981,12 PENCILS TALL TUBE WOODLAND,fora_do_escopo,,semanal,B,normal,2009-12-01,2010-12-09,183,0,2.05,0.00,13,14,2383.72,2806,13.03,44.49,1.0000,0.116,143,f,t,733.42
20982,12 PENCILS TALL TUBE SKULLS,fora_do_escopo,,diario,B,normal,2009-12-01,2010-12-09,189,0,1.98,0.00,20,7,2424.33,2772,12.83,45.26,1.0000,0.081,17,f,t,733.42
20983,12 PENCILS TALL TUBE RED RETROSPOT,fora_do_escopo,,diario,A,normal,2009-12-01,2010-12-09,214,0,1.75,0.00,15,7,3139.32,3596,14.67,58.64,1.0000,0.062,6,f,t,733.42
20984,12 PENCILS TALL TUBE POSY,fora_do_escopo,,semanal,B,normal,2009-12-01,2010-12-06,63,3,5.97,0.50,31,14,785.94,2095,12.48,14.63,0.6049,0.315,8,f,t,733.42
20985,HEART CALCULATOR,fora_do_escopo,,semanal,B,normal,2009-12-02,2010-12-08,123,1,3.04,0.33,15,14,1536.17,1212,12.49,28.75,0.7198,0.078,29,f,t,733.42
20986,BLUE CALCULATOR RULER,fora_do_escopo,,semanal,B,normal,2009-12-02,2010-12-09,77,0,4.89,0.00,26,14,757.60,594,9.84,14.07,1.0000,0.140,22,f,t,733.42
20987,GEISHA GIRL CHOPSTICKS SET/5,fora_do_escopo,,semanal,C,ruptura,2009-12-01,2009-12-22,9,352,2.63,134.10,8,14,288.35,131,32.04,85.44,0.0000,0.237,6,f,f,733.42
20988,TRELLIS FLOWER CHOPSTICKS SET/5,fora_do_escopo,,mensal,C,ruptura,2009-12-02,2010-02-28,8,284,12.57,22.59,31,28,46.80,24,5.85,3.26,0.0000,0.250,29,f,f,733.42
20989,URBAN CHIC CHOPSTICKS SET/5,provavel_descontinuacao,95,semanal,B,ruptura,2009-12-01,2010-03-17,39,267,2.79,95.72,14,14,782.18,407,20.06,50.33,0.0000,0.261,0,f,t,733.42
20990,SPRING FLOWER CHOPSTICKS SET/5,provavel_descontinuacao,81,semanal,B,ruptura,2009-12-02,2010-06-13,74,179,2.64,67.70,13,14,1706.14,895,23.06,61.04,0.0000,0.133,1,f,t,733.42
20991,JAZZ HEARTS MAGNETIC MEMO PAD,cliente_principal_parou,6,semanal,B,ruptura,2009-12-01,2010-02-19,23,293,3.64,80.57,23,14,884.56,7084,38.46,74.03,0.0000,0.765,267,f,t,733.42
20992,JAZZ HEARTS PURSE NOTEBOOK,fora_do_escopo,,semanal,B,normal,2009-12-01,2010-12-08,120,1,3.13,0.32,17,14,1319.77,1773,11.00,24.63,0.7262,0.130,17,f,t,733.42
20993,JAZZ HEARTS MEMO PAD,cliente_principal_parou,5,semanal,B,ruptura,2009-12-04,2010-03-09,26,275,3.80,72.37,14,14,1334.11,10967,51.31,94.52,0.0000,0.698,267,f,t,733.42
20994,JAZZ HEARTS SPIRAL NOTEPAD,fora_do_escopo,,semanal,C,ruptura,2009-12-01,2010-01-25,10,318,6.11,52.04,22,14,39.95,47,4.00,4.58,0.0000,0.191,97,f,f,733.42
20996,JAZZ HEARTS ADDRESS BOOK,fora_do_escopo,,semanal,B,normal,2009-12-02,2010-12-08,91,1,4.12,0.24,21,14,979.65,3149,10.77,18.28,0.7846,0.318,321,f,t,733.42
20997,ROSE DU SUD CUSHION COVER,fora_do_escopo,,mensal,C,indicio,2009-12-08,2010-11-18,42,21,8.41,2.50,59,28,539.13,111,12.84,10.68,0.0824,0.110,9,f,f,733.42
20998,ROSE DU SUD OVEN GLOVE,fora_do_escopo,,semanal,C,normal,2009-12-02,2010-12-09,56,0,6.76,0.00,38,14,464.03,147,8.29,8.58,1.0000,0.076,2,f,f,733.42
21000,ROSE DU SUD COSMETICS BAG,fora_do_escopo,,mensal,B,normal,2009-12-03,2010-12-09,42,0,9.05,0.00,33,28,1401.83,599,33.38,25.82,1.0000,0.713,0,f,t,733.42
21001,ROSE DU SUD WASHBAG,fora_do_escopo,,mensal,C,normal,2009-12-16,2010-12-08,40,1,9.15,0.11,32,28,400.82,75,10.02,7.66,0.8965,0.089,0,f,f,733.42
21002,ROSE DU SUD DRAWSTRING BAG,fora_do_escopo,,semanal,B,normal,2009-12-21,2010-12-09,96,0,3.72,0.00,35,14,1118.88,304,11.66,21.96,1.0000,0.148,70,f,t,733.42
21003,ROSE DU SUD CUSHION COVER,fora_do_escopo,,ocasional,C,atraso,2010-03-02,2010-11-03,13,36,20.50,1.76,143,,187.17,31,14.40,4.92,0.1727,0.068,206,f,f,733.42
21004,ROSE DU SUD CHILDS APRON,fora_do_escopo,,semanal,C,ruptura,2009-12-01,2010-11-05,60,34,5.75,5.92,22,14,625.07,137,10.42,12.69,0.0027,0.088,6,f,f,733.42
21007,ETCHED GLASS DROPLET DECORATION,provavel_descontinuacao,154,mensal,B,ruptura,2009-12-02,2010-09-23,33,77,9.22,8.35,48,28,914.67,1927,27.72,21.05,0.0002,0.184,102,f,t,733.42
21009,ETCHED GLASS STAR TREE DECORATION,monitorar,54,semanal,B,ruptura,2009-12-02,2010-10-28,54,42,6.23,6.75,137,14,1508.74,1058,27.94,31.41,0.0012,0.060,4,f,t,733.42
21010,ETCHED GLASS BIRD TREE DECORATION,monitorar,71,semanal,B,ruptura,2009-12-02,2010-10-24,56,46,5.93,7.76,88,14,1122.26,856,20.04,23.67,0.0004,0.080,4,f,t,733.42
21011,GLITTER SNOW PEAR TREE DECORATION,fora_do_escopo,,semanal,B,normal,2009-12-02,2010-12-08,72,1,5.23,0.19,124,14,1386.85,1849,19.26,25.80,0.8258,0.050,3,f,t,733.42
21012,ANTIQUE ALL GLASS CANDLESTICK,fora_do_escopo,,semanal,B,normal,2009-12-01,2010-12-09,85,0,4.44,0.00,34,14,1838.75,1194,21.63,34.10,1.0000,0.102,80,f,t,733.42
21014,SWISS CHALET TREE DECORATION,fora_do_escopo,,semanal,C,normal,2009-12-01,2010-12-08,56,1,6.76,0.15,149,14,441.54,590,7.88,8.16,0.8626,0.116,1,f,f,733.42
21015,DARK BIRD HOUSE TREE DECORATION,fora_do_escopo,,mensal,C,normal,2009-12-01,2010-12-09,40,0,9.56,0.00,161,28,207.78,237,5.19,3.80,1.0000,0.098,25,f,f,733.42
21016,LIGHT BIRD HOUSE TREE DECORATION,fora_do_escopo,,semanal,C,atraso,2009-12-01,2010-11-26,53,13,6.92,1.88,98,14,584.55,836,11.03,11.15,0.1529,0.049,113,f,f,733.42
21017,RED BIRD HOUSE TREE DECORATION,fora_do_escopo,,semanal,C,ruptura,2009-12-01,2010-11-19,58,20,6.19,3.23,65,14,538.44,662,9.28,10.49,0.0396,0.257,13,f,f,733.42
21018,BIRD BOX CHRISTMAS TREE DECORATION,fora_do_escopo,,mensal,C,normal,2009-12-01,2010-12-09,34,0,11.30,0.00,214,28,181.86,212,5.35,3.31,1.0000,0.164,11,t,f,733.42
21025,SPACE FROG,fora_do_escopo,,mensal,C,normal,2009-12-01,2010-12-05,24,4,16.04,0.25,122,28,182.62,140,7.61,3.32,0.7793,0.137,4,f,f,733.42
21026,SPACE OWL,fora_do_escopo,,mensal,C,normal,2009-12-02,2010-12-06,50,3,7.53,0.40,42,28,411.00,300,8.22,7.64,0.6714,0.243,4,f,f,733.42
21027,NINJA RABBIT PINK,fora_do_escopo,,mensal,C,normal,2009-12-04,2010-12-06,31,3,12.23,0.25,80,28,254.58,194,8.21,4.70,0.7825,0.147,9,f,f,733.42
21028,NINJA RABBIT BLACK,fora_do_escopo,,mensal,C,normal,2009-12-05,2010-12-06,32,3,11.81,0.25,55,28,187.17,137,5.85,3.47,0.7756,0.067,135,f,f,733.42
21030,SPACE CADET RED,fora_do_escopo,,ocasional,C,normal,2009-12-16,2010-12-02,18,7,20.65,0.34,88,,132.45,109,7.36,2.49,0.7125,0.113,18,f,f,733.42
21031,SPACE CADET BLACK,fora_do_escopo,,mensal,C,normal,2009-12-01,2010-12-06,21,3,18.50,0.16,65,28,116.22,94,5.53,2.09,0.8503,0.323,165,f,f,733.42
21032,SPACE CADET WHITE,fora_do_escopo,,mensal,C,normal,2009-12-04,2010-12-02,21,7,18.15,0.39,79,28,149.38,118,7.11,2.74,0.6800,0.251,165,f,f,733.42
21033,JUMBO BAG CHARLIE AND LOLA TOYS,fora_do_escopo,,semanal,A,normal,2009-12-01,2010-12-09,169,0,2.22,0.00,17,14,5411.91,2699,32.02,100.96,1.0000,0.115,8,f,t,733.42
21034,REX CASH+CARRY JUMBO SHOPPER,fora_do_escopo,,diario,B,normal,2009-12-01,2010-12-09,281,0,1.33,0.00,12,7,2185.95,2301,7.78,40.88,1.0000,0.025,24,f,t,733.42
21035,SET/2 RED RETROSPOT TEA TOWELS,fora_do_escopo,,diario,A,normal,2009-12-01,2010-12-09,251,0,1.49,0.00,13,7,10438.52,3488,41.59,195.12,1.0000,0.104,9,f,t,733.42
21038,SET/4 MODERN VINTAGE COTTON NAPKINS,fora_do_escopo,,mensal,C,normal,2009-12-16,2010-12-05,31,4,11.80,0.34,84,28,280.53,93,9.05,5.37,0.7125,0.284,3,f,f,733.42
21039,RED SPOTTY SHOPPING BAG,fora_do_escopo,,semanal,B,normal,2009-12-01,2010-12-08,110,1,3.41,0.29,13,14,2091.98,796,19.02,39.01,0.7460,0.076,1,f,t,733.42
21040,MODERN VINTAGE COTTON SHOPPING BAG,fora_do_escopo,,mensal,B,normal,2009-12-02,2010-12-03,45,6,8.32,0.72,71,28,1098.70,873,24.42,20.55,0.4861,0.223,8,f,t,733.42
21041,RED RETROSPOT OVEN GLOVE DOUBLE,fora_do_escopo,,semanal,A,normal,2009-12-01,2010-12-09,130,0,2.89,0.00,174,14,5393.56,1811,41.49,100.44,1.0000,0.117,1,f,t,733.42
21042,RED SPOTTY APRON,fora_do_escopo,,semanal,A,normal,2009-12-01,2010-12-09,167,0,2.25,0.00,14,14,6709.01,1170,40.17,125.15,1.0000,0.125,23,f,t,733.42
21043,APRON MODERN VINTAGE COTTON,fora_do_escopo,,mensal,B,atraso,2009-12-07,2010-11-29,40,10,9.15,1.09,44,28,781.17,185,19.53,14.93,0.3354,0.150,8,f,t,733.42
21051,RIBBONS PURSE,fora_do_escopo,,semanal,B,normal,2009-12-03,2010-12-09,66,0,5.71,0.00,26,14,1125.78,568,17.06,20.92,1.0000,0.094,11,f,t,733.42
21054,NURSE'S BAG SOFT TOY,fora_do_escopo,,semanal,A,normal,2009-12-03,2010-12-07,120,2,3.10,0.64,19,14,3010.87,324,25.09,56.64,0.5247,0.053,91,f,t,733.42
21055,TOOL BOX SOFT TOY,fora_do_escopo,,semanal,B,normal,2009-12-01,2010-12-08,100,1,3.76,0.27,19,14,2276.62,227,22.77,42.41,0.7663,0.047,53,f,t,733.42
21056,DOCTOR'S BAG SOFT TOY,fora_do_escopo,,semanal,A,atraso,2009-12-03,2010-12-05,99,4,3.74,1.07,19,14,3321.23,375,33.55,62.71,0.3437,0.299,30,f,t,733.42
21058,PARTY INVITES WOODLAND,fora_do_escopo,,semanal,B,normal,2009-12-01,2010-12-08,112,1,3.35,0.30,25,14,1110.29,1265,9.91,20.71,0.7420,0.149,9,f,t,733.42
21059,PARTY INVITES DINOSAURS,fora_do_escopo,,semanal,B,normal,2009-12-06,2010-12-08,107,1,3.46,0.29,24,14,841.58,1010,7.87,15.90,0.7491,0.123,91,f,t,733.42
21060,PARTY INVITES BALLOON GIRL,fora_do_escopo,,semanal,C,atraso,2009-12-08,2010-12-02,73,7,4.99,1.40,22,14,603.46,883,8.27,11.61,0.2456,0.181,8,f,f,733.42
21061,PARTY INVITES FOOTBALL,fora_do_escopo,,semanal,C,normal,2009-12-08,2010-12-08,75,1,4.93,0.20,24,14,626.31,945,8.35,11.85,0.8165,0.175,8,f,f,733.42
21062,PARTY INVITES SPACEMAN,fora_do_escopo,,semanal,C,atraso,2009-12-08,2010-12-02,59,7,6.19,1.13,28,14,438.89,539,7.44,8.41,0.3227,0.046,43,f,f,733.42
21063,PARTY INVITES JAZZ HEARTS,fora_do_escopo,,semanal,B,normal,2009-12-01,2010-12-08,112,1,3.35,0.30,21,14,828.56,964,7.40,15.45,0.7420,0.125,91,f,t,733.42
21064,BOOM BOX SPEAKER BOYS,fora_do_escopo,,semanal,A,normal,2009-12-01,2010-12-07,60,2,6.29,0.32,26,14,3276.64,608,54.61,60.79,0.7276,0.665,50,f,t,733.42
21065,BOOM BOX SPEAKER GIRLS,fora_do_escopo,,mensal,C,normal,2009-12-02,2010-12-07,29,2,13.21,0.15,58,28,318.55,49,10.98,5.82,0.8595,0.112,9,f,f,733.42
21066,VINTAGE RED MUG,fora_do_escopo,,semanal,B,normal,2009-12-01,2010-12-07,65,2,5.80,0.35,26,14,813.72,1590,12.52,15.12,0.7082,0.134,80,f,t,733.42
21067,VINTAGE RED TEATIME MUG,fora_do_escopo,,semanal,A,normal,2009-12-01,2010-12-09,138,0,2.72,0.00,14,14,3376.57,4481,24.47,62.91,1.0000,0.462,0,f,t,733.42
21068,VINTAGE BILLBOARD LOVE/HATE MUG,fora_do_escopo,,semanal,A,normal,2009-12-01,2010-12-08,126,1,2.98,0.34,21,14,2697.58,2760,21.41,50.36,0.7146,0.320,0,f,t,733.42
21069,VINTAGE BILLBOARD TEA MUG,fora_do_escopo,,semanal,A,normal,2009-12-01,2010-12-09,145,0,2.59,0.00,21,14,3233.91,3207,22.30,60.27,1.0000,0.509,0,f,t,733.42
21070,VINTAGE BILLBOARD MUG,fora_do_escopo,,semanal,B,normal,2009-12-01,2010-12-06,94,3,3.98,0.75,17,14,938.52,956,9.98,17.57,0.4705,0.072,14,f,t,733.42
21071,VINTAGE BILLBOARD DRINK ME MUG,fora_do_escopo,,semanal,A,normal,2009-12-01,2010-12-09,176,0,2.13,0.00,17,14,3867.42,3480,21.97,72.17,1.0000,0.231,0,f,t,733.42
21076,SET/20 COLLAGE PAPER NAPKIN,fora_do_escopo,,diario,C,ruptura,2009-12-02,2010-03-16,58,268,1.82,146.88,12,7,715.40,844,12.33,47.32,0.0000,0.258,8,f,f,733.42
21077,SET/20 WOODLAND PAPER NAPKINS,provavel_descontinuacao,94,semanal,B,ruptura,2009-12-02,2010-09-09,117,91,2.42,37.57,19,14,2060.65,2793,17.61,50.89,0.0000,0.235,211,f,t,733.42
21078,SET/20 STRAWBERRY PAPER NAPKINS,fora_do_escopo,,diario,A,normal,2009-12-02,2010-12-08,215,1,1.73,0.58,14,7,3673.00,4462,17.08,68.98,0.5617,0.067,2,f,t,733.42
21080,SET/20 RED RETROSPOT PAPER NAPKINS,fora_do_escopo,,diario,A,normal,2009-12-01,2010-12-09,300,0,1.25,0.00,13,7,14712.61,18613,49.04,275.19,1.0000,0.067,7,f,t,733.42
21081,SET/20 POSIES PAPER NAPKINS,fora_do_escopo,,ocasional,C,ruptura,2009-12-01,2010-01-31,4,312,20.33,15.34,28,,3.40,4,0.85,0.29,0.0000,0.250,32,f,f,733.42
21082,SET/20 FRUIT SALAD PAPER NAPKINS,monitorar,41,semanal,B,ruptura,2009-12-01,2010-11-24,104,15,3.48,4.32,18,14,1820.41,7099,17.50,35.25,0.0134,0.287,73,f,t,733.42
21084,SET/6 COLLAGE PAPER CUPS,fora_do_escopo,,mensal,C,atraso,2009-12-06,2010-11-28,42,11,8.71,1.26,33,28,235.67,319,5.61,4.51,0.2827,0.066,30,f,f,733.42
21085,SET/6 WOODLAND PAPER CUPS,cliente_principal_parou,10,semanal,B,ruptura,2009-12-01,2010-07-12,53,150,4.29,34.98,20,14,1873.33,13732,35.35,57.69,0.0000,0.680,267,f,t,733.42
21086,SET/6 RED SPOTTY PAPER CUPS,fora_do_escopo,,diario,A,normal,2009-12-01,2010-12-09,200,0,1.87,0.00,44,7,6088.25,9766,30.44,113.69,1.0000,0.137,7,f,t,733.42
21087,SET/6 POSIES PAPER CUPS,fora_do_escopo,,mensal,C,indicio,2010-01-25,2010-10-22,15,48,19.29,2.49,67,28,93.51,119,6.23,2.26,0.0830,0.167,30,f,f,733.42
21088,SET/6 FRUIT SALAD PAPER CUPS,provavel_descontinuacao,127,mensal,B,ruptura,2009-12-15,2010-10-07,31,63,9.87,6.39,45,28,1388.45,14937,44.79,31.78,0.0017,0.411,73,f,t,733.42
21089,SET/6 GREEN SPRING PAPER CUPS,fora_do_escopo,,ocasional,C,normal,2010-01-15,2010-12-06,16,3,21.67,0.14,91,,64.85,92,4.05,1.31,0.8707,0.241,38,f,f,733.42
21090,SET/6 COLLAGE PAPER PLATES,fora_do_escopo,,semanal,C,normal,2009-12-16,2010-12-05,58,4,6.21,0.64,61,14,458.30,698,7.90,8.91,0.5252,0.080,8,f,f,733.42
21091,SET/6 WOODLAND PAPER PLATES,cliente_principal_parou,3,semanal,B,ruptura,2009-12-01,2010-03-18,38,266,2.89,91.98,19,14,1868.70,13700,49.18,119.03,0.0000,0.694,267,f,t,733.42
21092,SET/6 STRAWBERRY PAPER PLATES,cliente_principal_parou,4,semanal,B,ruptura,2009-12-07,2010-03-17,26,267,4.00,66.75,22,14,1571.50,12846,60.44,105.77,0.0000,0.794,267,f,t,733.42
21094,SET/6 RED SPOTTY PAPER PLATES,fora_do_escopo,,diario,A,normal,2009-12-01,2010-12-09,227,0,1.65,0.00,14,7,8790.71,11403,38.73,164.25,1.0000,0.112,4,f,t,733.42
21095,SET/6 POSIES PAPER PLATES,fora_do_escopo,,mensal,C,normal,2009-12-17,2010-12-03,26,6,14.04,0.43,61,28,162.64,178,6.26,3.12,0.6522,0.125,30,f,f,733.42
21096,SET/6 FRUIT SALAD  PAPER PLATES,ruptura_provavel,19,mensal,B,ruptura,2009-12-10,2010-10-11,34,59,9.24,6.38,50,28,2134.87,14665,62.79,47.56,0.0017,0.427,73,f,t,733.42
21097,SET/6 GREEN SPRING  PAPER PLATE,fora_do_escopo,,ocasional,C,ruptura,2010-01-15,2010-06-21,7,171,26.17,6.54,61,,28.05,33,4.01,1.07,0.0015,0.424,3,f,f,733.42
21098,CHRISTMAS TOILET ROLL,fora_do_escopo,,semanal,A,normal,2009-12-01,2010-12-09,103,0,3.66,0.00,135,14,9119.20,5307,88.54,169.48,1.0000,0.017,0,t,t,733.42
21099,SET/6 STRAWBERRY PAPER CUPS,cliente_principal_parou,7,semanal,B,ruptura,2009-12-01,2010-05-07,30,216,5.41,39.90,19,14,1580.34,13388,52.68,68.11,0.0000,0.820,267,f,t,733.42
21100,CHARLIE AND LOLA CHARLOTTE BAG,fora_do_escopo,,semanal,A,normal,2009-12-01,2010-12-09,157,0,2.39,0.00,13,14,3661.92,2488,23.32,68.28,1.0000,0.070,8,f,t,733.42
21102,"CANDLE IN JAR COLLAGE , VANILLA",fora_do_escopo,,semanal,C,ruptura,2009-12-02,2010-03-12,18,272,5.88,46.24,38,14,221.08,82,12.28,14.62,0.0000,0.138,22,f,f,733.42
21106,CREAM SLICE FLANNEL CHOCOLATE SPOT,fora_do_escopo,,semanal,B,normal,2009-12-02,2010-12-09,100,0,3.76,0.00,18,14,1752.58,564,17.53,32.65,1.0000,0.050,4,f,t,733.42
21107,CREAM SLICE FLANNEL PINK SPOT,fora_do_escopo,,semanal,A,normal,2009-12-02,2010-12-09,143,0,2.62,0.00,19,14,4573.84,1559,31.98,85.47,1.0000,0.268,1,f,t,733.42
21108,FAIRY CAKE FLANNEL ASSORTED COLOUR,fora_do_escopo,,diario,A,normal,2009-12-01,2010-12-09,199,0,1.88,0.00,14,7,7818.07,2852,39.29,145.98,1.0000,0.051,84,f,t,733.42
21109,"LARGE CAKE TOWEL, CHOCOLATE SPOTS",fora_do_escopo,,semanal,B,normal,2009-12-04,2010-12-07,89,2,4.18,0.48,22,14,1808.00,248,20.31,34.00,0.6199,0.045,11,f,t,733.42
21110,LARGE CAKE TOWEL PINK SPOTS,fora_do_escopo,,semanal,A,normal,2009-12-01,2010-12-09,150,0,2.50,0.00,19,14,4008.38,546,26.72,74.72,1.0000,0.066,15,f,t,733.42
21111,"SWISS ROLL TOWEL, CHOCOLATE  SPOTS",fora_do_escopo,,semanal,B,normal,2009-12-01,2010-12-09,102,0,3.69,0.00,22,14,1648.33,508,16.16,30.63,1.0000,0.051,0,f,t,733.42
21112,"SWISS ROLL TOWEL, PINK  SPOTS",fora_do_escopo,,semanal,A,normal,2009-12-01,2010-12-08,92,1,4.09,0.24,21,14,2646.37,875,28.76,49.26,0.7830,0.475,20,f,t,733.42
21114,LAVENDER SCENTED FABRIC HEART,fora_do_escopo,,diario,A,normal,2009-12-01,2010-12-09,207,0,1.81,0.00,15,7,5652.83,4417,27.31,105.57,1.0000,0.051,6,f,t,733.42
21115,ROSE CARAVAN DOORSTOP,fora_do_escopo,,semanal,A,normal,2009-12-01,2010-12-09,183,0,2.05,0.00,15,14,4890.89,696,26.73,91.28,1.0000,0.152,6,f,t,733.42
21116,OWL DOORSTOP,fora_do_escopo,,semanal,A,normal,2009-12-01,2010-12-09,170,0,2.21,0.00,19,14,4047.43,691,23.81,75.51,1.0000,0.074,7,f,t,733.42
21117,BLOND DOLL DOORSTOP,fora_do_escopo,,ocasional,C,normal,2009-12-10,2010-11-15,12,24,30.91,0.78,96,,360.33,219,30.03,6.80,0.4600,0.528,0,f,f,733.42
21118,SHOPPING BAG DOORSTOP,fora_do_escopo,,mensal,C,ruptura,2009-12-02,2010-01-11,6,332,8.00,41.50,22,28,104.25,69,17.38,15.20,0.0000,0.180,114,f,f,733.42
21119,Glow In The Dark Shot Glasses,fora_do_escopo,,ocasional,C,normal,2009-12-18,2010-09-27,3,73,141.50,0.52,210,,41.01,3,13.67,0.68,0.5970,,,f,f,733.42
21121,SET/10 RED POLKADOT PARTY CANDLES,fora_do_escopo,,diario,A,normal,2009-12-01,2010-12-09,246,0,1.52,0.00,14,7,10945.48,9044,44.49,204.58,1.0000,0.148,9,f,t,733.42
21122,SET/10 PINK POLKADOT PARTY CANDLES,fora_do_escopo,,diario,A,normal,2009-12-01,2010-12-09,237,0,1.58,0.00,15,7,8959.02,7410,37.80,167.42,1.0000,0.129,9,f,t,733.42
21123,SET/10 IVORY POLKADOT PARTY CANDLES,fora_do_escopo,,semanal,B,normal,2009-12-03,2010-12-09,87,0,4.31,0.00,22,14,2052.22,1640,23.59,38.28,1.0000,0.102,14,f,t,733.42
21124,SET/10 BLUE SPOTTY PARTY CANDLES,fora_do_escopo,,diario,A,normal,2009-12-01,2010-12-09,221,0,1.70,0.00,15,7,7386.00,6078,33.42,137.98,1.0000,0.095,9,f,t,733.42
21125,SET 6 FOOTBALL CELEBRATION CANDLES,fora_do_escopo,,semanal,B,normal,2009-12-01,2010-12-08,110,1,3.41,0.29,16,14,1435.41,1509,13.05,26.76,0.7460,0.076,8,f,t,733.42
21126,SET OF 6 GIRLS CELEBRATION CANDLES,fora_do_escopo,,semanal,B,normal,2009-12-01,2010-12-08,124,1,3.02,0.33,20,14,1622.78,1750,13.09,30.29,0.7185,0.101,8,f,t,733.42
21127,COLOURFUL FISHING GNOME,provavel_descontinuacao,123,semanal,B,ruptura,2009-12-03,2010-06-10,42,182,4.61,39.48,16,14,1003.98,298,23.90,36.30,0.0000,0.219,199,f,t,733.42
21128,GOLD FISHING GNOME,fora_do_escopo,,mensal,C,normal,2009-12-17,2010-12-09,23,0,16.23,0.00,44,28,321.65,61,13.98,6.03,1.0000,0.097,8,f,f,733.42
21129,SILVER FISHING GNOME,fora_do_escopo,,mensal,C,atraso,2009-12-02,2010-11-26,32,13,11.58,1.12,47,28,550.77,75,17.21,10.40,0.3254,0.404,24,f,f,733.42
21130,COLOURFUL STANDING GNOME,provavel_descontinuacao,121,semanal,B,ruptura,2009-12-04,2010-06-30,37,162,5.78,28.04,23,14,1204.38,722,32.55,39.44,0.0000,0.299,199,f,t,733.42
21131,GOLD STANDING GNOME,fora_do_escopo,,mensal,C,atraso,2009-12-07,2010-11-10,21,29,16.90,1.72,76,28,700.84,170,33.37,13.82,0.1798,0.648,2,f,f,733.42
21132,SILVER STANDING GNOME,fora_do_escopo,,mensal,C,normal,2009-12-14,2010-12-09,23,0,16.36,0.00,65,28,280.50,54,12.20,5.22,1.0000,0.182,37,f,f,733.42
21133,PAINTED BIRD ASSORTED CHRISTMAS,sazonal,27,mensal,B,ruptura,2009-12-01,2010-09-13,26,87,11.44,7.60,59,28,736.57,424,28.33,17.33,0.0005,0.083,45,t,t,733.42
21134,VICTORIAN METAL POSTCARD CHRISTMAS,fora_do_escopo,,mensal,C,indicio,2009-12-01,2010-11-16,33,23,10.94,2.10,40,28,649.74,379,19.69,12.60,0.1221,0.142,176,t,f,733.42
21135,VICTORIAN  METAL POSTCARD SPRING,fora_do_escopo,,semanal,A,normal,2009-12-02,2010-12-09,163,0,2.30,0.00,16,14,5520.10,3210,33.87,103.24,1.0000,0.064,23,f,t,733.42
21136,PAINTED METAL PEARS ASSORTED,fora_do_escopo,,diario,A,normal,2009-12-01,2010-12-09,192,0,1.95,0.00,15,7,9908.57,5943,51.61,184.98,1.0000,0.077,56,f,t,733.42
21137,BLACK RECORD COVER FRAME,fora_do_escopo,,semanal,A,normal,2009-12-01,2010-12-09,171,0,2.19,0.00,15,14,28677.34,8298,167.70,535.03,1.0000,0.310,3,f,t,733.42
21143,ANTIQUE GLASS HEART DECORATION,fora_do_escopo,,semanal,A,normal,2009-12-01,2010-12-09,100,0,3.77,0.00,119,14,3817.60,1927,38.18,70.93,1.0000,0.041,125,f,t,733.42
21144,PINK POODLE HANGING DECORATION,fora_do_escopo,,mensal,C,normal,2009-12-02,2010-12-09,41,0,9.30,0.00,62,28,277.39,540,6.77,5.09,1.0000,0.066,2,f,f,733.42
21145,ANTIQUE GLASS PLACE SETTING,fora_do_escopo,,mensal,B,atraso,2009-12-01,2010-11-22,37,17,9.89,1.72,67,28,1103.71,747,29.83,21.12,0.1792,0.138,98,f,t,733.42
21146,ANTIQUE GLASS RIDGED HANGING BALL,monitorar,55,mensal,B,ruptura,2009-12-02,2010-11-02,42,37,8.17,4.53,138,28,1537.07,801,36.60,31.35,0.0108,0.103,14,f,t,733.42
21147,JINGLE BELLS TREE DECORATION,fora_do_escopo,,mensal,C,normal,2009-12-04,2010-12-08,37,1,10.25,0.10,127,28,493.69,291,13.34,9.11,0.9070,0.118,9,f,f,733.42
21153,RED SPOTTY TABLECLOTH,provavel_descontinuacao,34,semanal,A,ruptura,2009-12-01,2010-09-22,98,78,3.04,25.65,28,14,4294.69,393,43.82,100.87,0.0000,0.099,2,f,t,733.42
21154,RED RETROSPOT OVEN GLOVE,fora_do_escopo,,diario,A,normal,2009-12-01,2010-12-09,240,0,1.56,0.00,15,7,5785.96,4367,24.11,108.13,1.0000,0.087,7,f,t,733.42
21155,RED RETROSPOT PEG BAG,fora_do_escopo,,semanal,A,normal,2009-12-01,2010-12-09,186,0,2.02,0.00,81,14,7191.71,3577,38.67,134.24,1.0000,0.082,7,f,t,733.42
21156,RETROSPOT CHILDRENS APRON,fora_do_escopo,,diario,A,normal,2009-12-01,2010-12-09,252,0,1.49,0.00,12,7,11409.91,6228,45.28,213.28,1.0000,0.217,7,f,t,733.42
21157,RED SPOTTY WASHBAG,fora_do_escopo,,semanal,B,normal,2009-12-01,2010-12-09,104,0,3.62,0.00,15,14,1462.95,635,14.07,27.19,1.0000,0.154,62,f,t,733.42
21158,MOODY GIRL DOOR HANGER,fora_do_escopo,,semanal,B,normal,2009-12-02,2010-12-06,110,3,3.39,0.89,21,14,1048.88,1139,9.54,19.72,0.4122,0.104,8,f,t,733.42
21159,MOODY BOY  DOOR HANGER,fora_do_escopo,,semanal,B,atraso,2009-12-01,2010-12-02,93,7,3.98,1.76,26,14,860.98,991,9.26,16.29,0.1721,0.127,8,f,t,733.42
21160,KEEP OUT GIRLS DOOR HANGER,fora_do_escopo,,semanal,C,ruptura,2009-12-01,2010-08-31,50,100,5.57,17.95,23,14,555.58,794,11.11,13.96,0.0000,0.197,8,f,f,733.42
21161,KEEP OUT BOYS DOOR HANGER,fora_do_escopo,,semanal,B,normal,2009-12-01,2010-12-07,125,2,2.99,0.67,16,14,1614.75,2241,12.92,30.22,0.5125,0.226,2,f,t,733.42
21162,TOXIC AREA  DOOR HANGER,fora_do_escopo,,semanal,B,normal,2009-12-01,2010-12-06,94,3,3.98,0.75,21,14,867.71,942,9.23,16.24,0.4705,0.126,8,f,t,733.42
21163,DO NOT TOUCH MY STUFF DOOR HANGER,fora_do_escopo,,semanal,B,normal,2009-12-02,2010-12-09,102,0,3.68,0.00,20,14,1117.90,1628,10.96,20.83,1.0000,0.228,2,f,t,733.42
21164,HOME SWEET HOME METAL SIGN,fora_do_escopo,,diario,A,normal,2009-12-01,2010-12-09,227,0,1.65,0.00,17,7,11703.52,4290,51.56,218.67,1.0000,0.191,6,f,t,733.42
21165,BEWARE OF THE CAT METAL SIGN,fora_do_escopo,,diario,A,normal,2009-12-01,2010-12-09,226,0,1.66,0.00,37,7,8420.72,5294,37.26,157.33,1.0000,0.071,0,f,t,733.42
21166,COOK WITH WINE METAL SIGN,fora_do_escopo,,diario,A,normal,2009-12-01,2010-12-09,235,0,1.59,0.00,27,7,17602.52,9764,74.90,328.94,1.0000,0.143,6,f,t,733.42
21167,WHITE SAGE INCENSE,fora_do_escopo,,mensal,C,normal,2009-12-10,2010-12-08,45,1,8.25,0.12,43,28,263.03,1063,5.85,4.96,0.8858,0.100,32,f,f,733.42
21169,YOU'RE CONFUSING ME METAL SIGN,fora_do_escopo,,semanal,A,normal,2009-12-08,2010-12-09,153,0,2.41,0.00,59,14,7106.06,4517,46.44,135.02,1.0000,0.306,6,f,t,733.42
21171,BATHROOM METAL SIGN,fora_do_escopo,,semanal,B,normal,2009-12-02,2010-12-07,124,2,3.01,0.66,12,14,1988.79,1422,16.04,37.32,0.5143,0.241,6,f,t,733.42
21172,PARTY METAL SIGN,fora_do_escopo,,diario,A,normal,2009-12-01,2010-12-09,236,0,1.59,0.00,14,7,6146.34,4269,26.04,114.86,1.0000,0.134,15,f,t,733.42
21173,LOO ROLL  METAL SIGN,fora_do_escopo,,semanal,C,ruptura,2009-12-01,2010-04-01,52,252,2.37,106.21,25,14,611.26,342,11.76,34.68,0.0000,0.162,0,f,f,733.42
21174,POTTERING IN THE SHED METAL SIGN,fora_do_escopo,,diario,A,normal,2009-12-01,2010-12-09,265,0,1.41,0.00,14,7,10450.50,5634,39.44,195.38,1.0000,0.169,0,f,t,733.42
21175,GIN + TONIC DIET METAL SIGN,fora_do_escopo,,diario,A,normal,2009-12-01,2010-12-09,255,0,1.47,0.00,39,7,17317.36,8680,67.91,323.72,1.0000,0.091,0,f,t,733.42
21179,NO JUNK MAIL METAL SIGN,fora_do_escopo,,semanal,B,normal,2009-12-01,2010-12-09,155,0,2.42,0.00,20,14,2255.44,2380,14.55,42.05,1.0000,0.151,0,f,t,733.42
21181,PLEASE ONE PERSON METAL SIGN,fora_do_escopo,,diario,A,normal,2009-12-01,2010-12-09,215,0,1.74,0.00,103,7,25715.24,12812,119.61,480.35,1.0000,0.133,6,f,t,733.42
21185,HOME SWEET HOME  BLACKBOARD,provavel_descontinuacao,139,mensal,B,ruptura,2009-12-01,2010-07-05,30,157,7.45,21.08,97,28,876.29,132,29.21,27.45,0.0000,0.172,0,f,t,733.42
21186,WHITE DOVE HONEYCOMB PAPER GARLAND,monitorar,8,diario,A,ruptura,2009-12-01,2010-11-26,189,13,1.91,6.79,14,7,8533.70,5275,45.15,165.06,0.0011,0.140,15,f,t,733.42
21187,WHITE BELL HONEYCOMB PAPER GARLAND,fora_do_escopo,,semanal,B,normal,2009-12-01,2010-12-09,74,0,5.11,0.00,24,14,1757.57,1075,23.75,32.54,1.0000,0.238,80,f,t,733.42
21188,3D HEARTS  HONEYCOMB PAPER GARLAND,fora_do_escopo,,semanal,B,normal,2009-12-03,2010-12-09,72,0,5.23,0.00,23,14,1784.90,592,24.79,33.21,1.0000,0.069,304,f,t,733.42
21189,WHITE HONEYCOMB PAPER GARLAND,fora_do_escopo,,mensal,B,normal,2009-12-01,2010-12-09,46,0,8.29,0.00,39,28,865.62,459,18.82,15.89,1.0000,0.084,14,f,t,733.42
21190,PINK HEARTS PAPER GARLAND,fora_do_escopo,,semanal,B,normal,2009-12-13,2010-12-09,82,0,4.46,0.00,21,14,1255.19,750,15.31,24.04,1.0000,0.127,0,f,t,733.42
21191,LARGE WHITE HONEYCOMB PAPER BELL,fora_do_escopo,,semanal,B,normal,2009-12-01,2010-12-09,78,0,4.84,0.00,46,14,2158.70,982,27.68,39.99,1.0000,0.075,9,f,t,733.42
21192,WHITE BELL HONEYCOMB PAPER,fora_do_escopo,,semanal,B,normal,2009-12-01,2010-12-09,88,0,4.29,0.00,48,14,2118.95,1144,24.08,39.31,1.0000,0.066,9,f,t,733.42
21193,WHITE HONEYCOMB PAPER FAN,fora_do_escopo,,mensal,C,ruptura,2009-12-02,2010-04-07,18,246,7.41,33.19,33,28,274.37,111,15.24,14.40,0.0000,0.271,2,f,f,733.42
21194,PINK  HONEYCOMB PAPER FAN,fora_do_escopo,,mensal,C,atraso,2009-12-03,2010-11-24,29,15,12.71,1.18,39,28,199.73,82,6.89,3.79,0.3073,0.189,34,f,f,733.42
21195,PINK  HONEYCOMB PAPER BALL,fora_do_escopo,,semanal,B,normal,2009-12-02,2010-12-09,65,0,5.81,0.00,26,14,885.64,324,13.63,16.41,1.0000,0.092,107,f,t,733.42
21196,ROUND WHITE CONFETTI IN TUBE,fora_do_escopo,,ocasional,C,ruptura,2010-02-08,2010-09-16,9,84,27.50,3.05,46,,118.86,71,13.21,3.36,0.0471,0.236,0,f,f,733.42
21197,MULTICOLOUR  CONFETTI IN TUBE,fora_do_escopo,,mensal,C,normal,2010-03-03,2010-12-08,20,1,14.74,0.07,55,28,300.30,182,15.02,7.13,0.9344,0.132,0,f,f,733.42
21198,WHITE HEART CONFETTI IN TUBE,fora_do_escopo,,mensal,C,indicio,2009-12-01,2010-11-16,42,23,8.54,2.69,29,28,465.48,254,11.08,9.09,0.0676,0.085,9,f,f,733.42
21199,PINK  HEART CONFETTI IN TUBE,fora_do_escopo,,semanal,C,ruptura,2009-12-07,2010-11-15,65,24,5.36,4.48,26,14,607.37,339,9.34,12.20,0.0114,0.033,21,f,f,733.42
21200,MULTICOLOUR HONEYCOMB PAPER GARLAND,fora_do_escopo,,mensal,C,normal,2009-12-01,2010-12-03,47,6,7.98,0.75,40,28,540.62,306,11.50,10.09,0.4714,0.122,127,f,f,733.42
21201,TROPICAL  HONEYCOMB PAPER GARLAND,fora_do_escopo,,semanal,A,normal,2009-12-01,2010-12-08,106,1,3.54,0.28,17,14,3572.65,1517,33.70,66.59,0.7541,0.198,211,f,t,733.42
21202,DOLLY HONEYCOMB GARLAND,fora_do_escopo,,mensal,C,normal,2009-12-14,2010-12-05,39,4,9.37,0.43,39,28,621.32,382,15.93,11.90,0.6525,0.227,0,f,f,733.42
21203,BUTTERFLIES  HONEYCOMB GARLAND,provavel_descontinuacao,66,semanal,B,ruptura,2009-12-03,2010-08-17,103,114,2.52,45.25,26,14,2530.30,1541,24.57,68.25,0.0000,0.165,80,f,t,733.42
21204,DAISIES  HONEYCOMB GARLAND,fora_do_escopo,,semanal,B,normal,2009-12-06,2010-12-06,96,3,3.84,0.78,29,14,1817.91,1110,18.94,34.50,0.4580,0.230,80,f,t,733.42
21205,MULTICOLOUR 3D BALLS GARLAND,fora_do_escopo,,semanal,B,normal,2009-12-02,2010-12-09,69,0,5.47,0.00,26,14,1110.50,430,16.09,20.59,1.0000,0.091,149,f,t,733.42
21206,STRAWBERRY HONEYCOMB  GARLAND,fora_do_escopo,,semanal,B,atraso,2009-12-03,2010-12-03,108,6,3.41,1.76,22,14,1481.73,880,13.72,28.15,0.1722,0.174,7,f,t,733.42
21207,SKULL AND CROSSBONES  GARLAND,fora_do_escopo,,semanal,A,atraso,2009-12-03,2010-12-05,124,4,2.98,1.34,19,14,3942.39,2550,31.79,74.59,0.2617,0.250,7,f,t,733.42
21208,PASTEL COLOUR HONEYCOMB FAN,fora_do_escopo,,mensal,C,normal,2009-12-16,2010-12-01,36,8,10.00,0.80,35,28,282.50,139,7.85,5.49,0.4493,0.140,58,f,f,733.42
21209,MULTICOLOUR HONEYCOMB FAN,fora_do_escopo,,mensal,C,normal,2009-12-16,2010-12-05,47,4,7.70,0.52,37,28,483.45,253,10.29,9.36,0.5947,0.082,58,f,f,733.42
21210,SET OF 72 RETROSPOT PAPER  DOILIES,fora_do_escopo,,diario,A,normal,2009-12-01,2010-12-09,270,0,1.39,0.00,14,7,13583.07,9437,50.31,253.97,1.0000,0.092,44,f,t,733.42
21211,SET OF 72 SKULL PAPER  DOILIES,fora_do_escopo,,semanal,B,normal,2009-12-02,2010-12-09,99,0,3.80,0.00,19,14,2118.77,1538,21.40,39.47,1.0000,0.340,80,f,t,733.42
21212,PACK OF 72 RETROSPOT CAKE CASES,fora_do_escopo,,diario,A,normal,2009-12-01,2010-12-09,304,0,1.23,0.00,13,7,31738.10,60141,104.40,593.66,1.0000,0.061,20,f,t,733.42
21213,PACK OF 72 SKULL CAKE CASES,fora_do_escopo,,diario,A,normal,2009-12-01,2010-12-09,279,0,1.34,0.00,13,7,13316.41,25557,47.73,249.01,1.0000,0.146,20,f,t,733.42
21214,SET OF 72 IVORY PAPER DOILIES,provavel_descontinuacao,73,semanal,A,ruptura,2009-12-01,2010-10-08,121,62,2.59,23.92,67,14,2922.27,2007,24.15,65.23,0.0000,0.176,6,f,t,733.42
21215,IVORY PAPER CUP CAKE CASES,fora_do_escopo,,semanal,B,normal,2009-12-04,2010-12-08,130,1,2.86,0.35,22,14,1861.85,3415,14.32,35.05,0.7050,0.133,6,f,t,733.42
21216,"SET 3 RETROSPOT TEA,COFFEE,SUGAR",fora_do_escopo,,diario,A,normal,2009-12-01,2010-12-09,199,0,1.88,0.00,50,7,9121.02,1816,45.83,170.31,1.0000,0.078,9,f,t,733.42
21217,RED RETROSPOT ROUND CAKE TINS,fora_do_escopo,,diario,A,normal,2009-12-01,2010-12-09,258,0,1.45,0.00,12,7,18950.64,1872,73.45,354.26,1.0000,0.034,2,f,t,733.42
21218,RED SPOTTY BISCUIT TIN,fora_do_escopo,,diario,A,normal,2009-12-01,2010-12-09,250,0,1.50,0.00,12,7,10985.57,2872,43.94,205.34,1.0000,0.137,9,f,t,733.42
21219,SET/4 BADGES BALLOON GIRL,fora_do_escopo,,semanal,B,normal,2009-12-04,2010-12-08,80,1,4.67,0.21,29,14,778.98,590,9.74,14.59,0.8073,0.067,9,f,t,733.42
21220,SET/4 BADGES DOGS,fora_do_escopo,,semanal,C,normal,2009-12-02,2010-12-06,66,3,5.68,0.53,33,14,467.46,336,7.08,8.73,0.5895,0.053,8,f,f,733.42
21221,SET/4 BADGES CUTE CREATURES,fora_do_escopo,,mensal,C,normal,2009-12-01,2010-12-09,50,0,7.61,0.00,45,28,400.72,296,8.01,7.37,1.0000,0.062,8,f,f,733.42
21222,SET/4 BADGES BEETLES,fora_do_escopo,,mensal,C,normal,2009-12-07,2010-12-07,53,2,7.02,0.28,32,28,463.98,360,8.75,8.73,0.7521,0.059,9,f,f,733.42
21223,SET/4 BADGES WOODLAND ANIMAL,fora_do_escopo,,semanal,C,ruptura,2009-12-01,2010-04-08,34,245,3.88,63.16,18,14,592.08,496,17.41,31.43,0.0000,0.373,9,f,f,733.42
21224,SET/4 SKULL BADGES,fora_do_escopo,,semanal,B,normal,2009-12-03,2010-12-09,116,0,3.23,0.00,19,14,1676.95,1305,14.46,31.37,1.0000,0.075,85,f,t,733.42
21225,POCKET MIRROR BUTTERFLY,fora_do_escopo,,mensal,C,ruptura,2009-12-11,2009-12-21,2,353,10.00,35.30,10,28,2.50,2,1.25,0.88,0.0000,0.500,0,f,f,733.42
21226,POCKET MIRROR WOODLAND,fora_do_escopo,,ocasional,C,normal,2009-12-11,2010-12-06,18,3,21.18,0.14,53,,152.50,122,8.47,2.80,0.8679,0.123,98,f,f,733.42
21228,"POCKET MIRROR ""GLAMOROUS""",fora_do_escopo,,mensal,C,atraso,2009-12-09,2010-11-19,27,20,13.27,1.51,70,28,116.32,92,4.31,2.27,0.2215,0.183,32,f,f,733.42
21231,SWEETHEART CERAMIC TRINKET BOX,fora_do_escopo,,diario,A,normal,2009-12-01,2010-12-09,235,0,1.59,0.00,66,7,16989.60,13704,72.30,317.48,1.0000,0.072,7,f,t,733.42
21232,STRAWBERRY CERAMIC TRINKET BOX,fora_do_escopo,,diario,A,normal,2009-12-01,2010-12-09,303,0,1.24,0.00,12,7,34496.68,27127,113.85,645.25,1.0000,0.049,1,f,t,733.42
21238,RED RETROSPOT CUP,fora_do_escopo,,diario,A,normal,2009-12-01,2010-12-09,236,0,1.59,0.00,14,7,4778.09,5620,20.25,89.29,1.0000,0.062,9,f,t,733.42
21239,PINK  POLKADOT CUP,fora_do_escopo,,diario,A,normal,2009-12-01,2010-12-09,226,0,1.66,0.00,14,7,3811.60,4439,16.87,71.21,1.0000,0.073,2,f,t,733.42
21240,BLUE POLKADOT CUP,fora_do_escopo,,diario,A,normal,2009-12-01,2010-12-09,232,0,1.61,0.00,14,7,3488.06,4070,15.03,65.18,1.0000,0.079,2,f,t,733.42
21241,GREEN SPOTTY CUP,ruptura_provavel,23,diario,B,ruptura,2009-12-01,2010-10-12,162,58,1.96,29.64,14,7,1871.62,2216,11.55,41.33,0.0000,0.111,2,f,t,733.42
21242,RED RETROSPOT PLATE,fora_do_escopo,,diario,A,normal,2009-12-01,2010-12-09,210,0,1.78,0.00,13,7,6279.69,3747,29.90,117.29,1.0000,0.067,9,f,t,733.42
21243,PINK  SPOTTY PLATE,fora_do_escopo,,semanal,A,normal,2009-12-01,2010-12-08,176,1,2.13,0.47,14,14,5501.10,3375,31.26,102.93,0.6247,0.102,9,f,t,733.42
21244,BLUE POLKADOT PLATE,fora_do_escopo,,semanal,A,normal,2009-12-01,2010-12-07,163,2,2.29,0.87,14,14,4662.75,2879,28.61,87.44,0.4176,0.119,2,f,t,733.42
21245,GREEN POLKADOT PLATE,fora_do_escopo,,semanal,B,atraso,2009-12-01,2010-12-05,132,4,2.82,1.42,14,14,2513.27,1511,19.04,47.32,0.2417,0.111,2,f,t,733.42
21246,RED RETROSPOT BIG BOWL,fora_do_escopo,,semanal,B,normal,2009-12-01,2010-12-08,86,1,4.38,0.23,23,14,2358.75,465,27.43,43.87,0.7957,0.050,85,f,t,733.42
21247,SET OF RED SALAD SERVERS,fora_do_escopo,,semanal,C,ruptura,2009-12-01,2010-10-25,64,45,5.21,8.64,22,14,666.22,423,10.41,14.00,0.0002,0.054,85,f,f,733.42
21248,DOOR HANGER  MUM + DADS ROOM,monitorar,90,semanal,B,indicio,2009-12-01,2010-11-28,83,11,4.41,2.49,20,14,978.98,845,11.79,18.70,0.0828,0.107,14,f,t,733.42
21249,WOODLAND  HEIGHT CHART STICKERS,fora_do_escopo,,semanal,A,normal,2009-12-01,2010-12-08,118,1,3.18,0.31,15,14,2702.04,962,22.90,50.41,0.7301,0.198,9,f,t,733.42
21250,SET OF SKULL WALL STICKERS,fora_do_escopo,,mensal,B,normal,2009-12-03,2010-12-03,37,6,10.14,0.59,43,28,729.08,309,19.70,13.60,0.5533,0.343,0,f,f,733.42
21251,DINOSAUR HEIGHT CHART STICKER SET,fora_do_escopo,,semanal,B,normal,2009-12-01,2010-12-09,77,0,4.91,0.00,26,14,1135.63,417,14.75,21.04,1.0000,0.175,0,f,t,733.42
21252,SET OF MEADOW  FLOWER STICKERS,fora_do_escopo,,semanal,C,ruptura,2009-12-01,2010-01-25,15,318,3.93,80.95,15,14,408.66,168,27.24,48.54,0.0000,0.249,0,f,f,733.42
21253,SET OF PICTURE FRAME  STICKERS,fora_do_escopo,,semanal,C,normal,2009-12-02,2010-12-09,56,0,6.76,0.00,25,14,673.13,208,12.02,12.44,1.0000,0.114,2,f,f,733.42
21255,"FRENCH BOTTLE , LAVENDER",provavel_descontinuacao,115,semanal,B,ruptura,2009-12-01,2010-04-18,58,235,2.42,97.07,15,14,860.08,476,14.83,42.88,0.0000,0.162,3,f,t,733.42
21256,"FRENCH BOTTLE, BRASSERIE DES ARTIST",fora_do_escopo,,semanal,C,ruptura,2009-12-01,2010-02-18,39,294,2.08,141.42,12,14,588.64,326,15.09,50.82,0.0000,0.135,3,f,f,733.42
21257,VICTORIAN SEWING BOX MEDIUM,fora_do_escopo,,semanal,A,normal,2009-12-01,2010-12-09,172,0,2.18,0.00,14,14,7596.36,907,44.16,141.73,1.0000,0.268,6,f,t,733.42
21258,VICTORIAN SEWING BOX LARGE,fora_do_escopo,,semanal,A,normal,2009-12-01,2010-12-09,184,0,2.04,0.00,30,14,16478.79,1160,89.56,307.57,1.0000,0.106,1,f,t,733.42
21259,VICTORIAN SEWING BOX SMALL,fora_do_escopo,,diario,A,normal,2009-12-01,2010-12-09,206,0,1.82,0.00,14,7,7457.13,1229,36.20,139.27,1.0000,0.048,55,f,t,733.42
21260,FIRST AID TIN,fora_do_escopo,,diario,A,normal,2009-12-01,2010-12-09,205,0,1.83,0.00,14,7,8098.95,2430,39.51,151.25,1.0000,0.218,2,f,t,733.42
21261,GREEN GOOSE FEATHER CHRISTMAS TREE,fora_do_escopo,,mensal,C,normal,2009-12-04,2010-12-09,33,0,11.56,0.00,120,28,542.61,105,16.44,9.95,1.0000,0.065,73,t,f,733.42
21262,WHITE GOOSE FEATHER CHRISTMAS TREE,fora_do_escopo,,mensal,B,normal,2009-12-02,2010-12-09,46,0,8.27,0.00,219,28,1341.01,305,29.15,24.69,1.0000,0.053,9,t,t,733.42
21263,GREEN GOOSE FEATHER TREE 60CM,fora_do_escopo,,semanal,C,normal,2010-09-13,2010-12-09,17,0,5.44,0.00,20,14,326.85,135,19.23,24.75,1.0000,0.430,8,f,f,733.42
21264,WHITE GOOSE FEATHER TREE 60CM,fora_do_escopo,,ocasional,C,normal,2009-12-08,2010-12-09,19,0,20.33,0.00,237,,352.11,109,18.53,6.38,1.0000,0.078,9,f,f,733.42
21265,PINK GOOSE FEATHER TREE 60CM,fora_do_escopo,,ocasional,C,normal,2009-12-06,2010-12-07,17,2,22.88,0.09,206,,450.20,192,26.48,8.10,0.9163,0.312,8,f,f,733.42
21266,VINTAGE SILVER TINSEL REEL,fora_do_escopo,,semanal,C,ruptura,2009-12-01,2009-12-16,7,358,2.50,143.20,6,14,98.90,23,14.13,39.56,0.0000,,,f,f,733.42
21267,VINTAGE PINK TINSEL REEL,fora_do_escopo,,semanal,C,ruptura,2009-12-02,2009-12-18,7,356,2.67,133.50,5,14,74.60,24,10.66,27.97,0.0000,0.169,357,f,f,733.42
21268,VINTAGE BLUE TINSEL REEL,fora_do_escopo,,mensal,C,normal,2009-12-06,2010-12-02,40,7,9.26,0.76,95,28,261.66,397,6.54,4.95,0.4694,0.193,210,f,f,733.42
21269,ANTIQUE CREAM CUTLERY SHELF,fora_do_escopo,,mensal,B,normal,2009-12-08,2010-12-07,47,2,7.91,0.25,27,28,815.84,88,17.36,15.36,0.7767,0.104,4,f,t,733.42
21270,ANTIQUE CREAM CUTLERY CUPBOARD,fora_do_escopo,,ocasional,C,normal,2009-12-08,2010-11-14,13,25,28.42,0.88,99,,369.74,28,28.44,7.01,0.4149,0.207,4,f,f,733.42
21272,SALLE DE BAIN HOOK,fora_do_escopo,,semanal,B,normal,2009-12-01,2010-12-09,173,0,2.17,0.00,19,14,2379.83,1831,13.76,44.40,1.0000,0.070,16,f,t,733.42
21274,EMBOSSED HEART 3 DRAWER SHELF,ruptura_provavel,18,semanal,B,ruptura,2009-12-04,2010-11-05,83,34,4.10,8.30,19,14,2446.19,177,29.47,50.35,0.0002,0.334,111,f,t,733.42
21275,ZINC TOP  2 DOOR WOODEN SHELF,fora_do_escopo,,mensal,B,normal,2009-12-08,2010-12-08,37,1,10.14,0.10,41,28,1478.30,238,39.95,27.58,0.9061,0.046,4,f,t,733.42
21276,TWO EMBOSSED HEART MINI DRAWERS,provavel_descontinuacao,45,semanal,B,ruptura,2009-12-03,2010-04-08,20,245,6.63,36.94,50,14,1558.94,677,77.95,82.28,0.0000,0.330,8,f,t,733.42
21277,FRENCH STYLE EMBOSSED HEART CABINET,fora_do_escopo,,mensal,B,normal,2009-12-08,2010-12-05,26,4,14.48,0.28,38,28,825.76,32,31.76,15.35,0.7586,0.159,4,f,t,733.42
21278,VINTAGE KITCHEN PRINT PUDDINGS,monitorar,60,semanal,B,indicio,2009-12-08,2010-11-29,92,10,3.91,2.56,20,14,1575.40,2727,17.12,30.64,0.0776,0.190,73,f,t,733.42
21279,VINTAGE KITCHEN PRINT FRUITS,fora_do_escopo,,semanal,B,normal,2009-12-02,2010-12-07,68,2,5.52,0.36,24,14,1370.86,3445,20.16,25.55,0.6962,0.298,73,f,t,733.42
21280,VINTAGE KITCHEN PRINT VEGETABLES,monitorar,53,semanal,B,indicio,2009-12-04,2010-11-26,56,13,6.49,2.00,30,14,1634.69,3268,29.19,31.48,0.1350,0.250,8,f,t,733.42
21281,VINTAGE KITCHEN PRINT SEAFOOD,fora_do_escopo,,semanal,B,normal,2009-12-02,2010-12-08,55,1,6.87,0.15,41,14,1617.65,3646,29.41,29.97,0.8645,0.237,73,f,t,733.42
21282,NATURAL BARK CANDLE LARGE,monitorar,57,semanal,B,ruptura,2009-12-02,2010-11-14,60,25,5.88,4.25,32,14,1577.53,369,26.29,31.29,0.0143,0.114,34,f,t,733.42
21283,NATURAL BARK CANDLE SMALL,monitorar,45,semanal,B,ruptura,2009-12-01,2010-11-24,73,15,4.97,3.02,23,14,1710.45,537,23.43,32.99,0.0490,0.116,4,f,t,733.42
21284,RETROSPOT CANDLE  SMALL,fora_do_escopo,,semanal,B,normal,2009-12-01,2010-12-09,81,0,4.66,0.00,57,14,1317.87,1157,16.27,24.43,1.0000,0.053,55,f,t,733.42
21285,RETROSPOT CANDLE  MEDIUM,fora_do_escopo,,mensal,B,normal,2009-12-03,2010-12-09,46,0,8.24,0.00,63,28,969.79,647,21.08,17.90,1.0000,0.092,55,f,t,733.42
21286,RETROSPOT CANDLE  LARGE,fora_do_escopo,,semanal,B,normal,2009-12-02,2010-12-08,58,1,6.51,0.15,41,14,1276.07,736,22.00,23.66,0.8576,0.059,55,f,t,733.42
21287,SCENTED VELVET LOUNGE CANDLE,fora_do_escopo,,mensal,B,normal,2009-12-04,2010-12-08,38,1,9.97,0.10,41,28,1133.60,2344,29.83,20.94,0.9046,0.531,8,f,t,733.42
21288,STRIPEY CHOCOLATE NESTING BOXES,fora_do_escopo,,semanal,B,normal,2009-12-03,2010-12-08,88,1,4.25,0.24,31,14,1525.58,635,17.34,28.53,0.7905,0.063,9,f,t,733.42
21289,LARGE STRIPES CHOCOLATE GIFT BAG,fora_do_escopo,,mensal,B,normal,2009-12-08,2010-12-09,48,0,7.79,0.00,29,28,885.56,882,18.45,16.58,1.0000,0.068,0,f,t,733.42
21291,SMALL POLKADOT CHOCOLATE GIFT BAG,fora_do_escopo,,semanal,B,normal,2009-12-01,2010-12-09,85,0,4.44,0.00,21,14,1365.27,1591,16.06,25.32,1.0000,0.040,4,f,t,733.42
21292,SMALL STRIPES CHOCOLATE GIFT BAG,fora_do_escopo,,semanal,B,normal,2009-12-04,2010-12-06,56,3,6.67,0.45,33,14,856.40,1610,15.29,16.04,0.6379,0.095,218,f,t,733.42
21293,MIRRORED DOVE WALL DECORATION,fora_do_escopo,,mensal,C,atraso,2009-12-03,2010-11-29,43,10,8.60,1.16,68,28,595.62,227,13.85,11.28,0.3124,0.085,14,f,f,733.42
21294,ETCHED GLASS COASTER,fora_do_escopo,,semanal,B,normal,2009-12-02,2010-12-08,61,1,6.18,0.16,33,14,953.26,728,15.63,17.69,0.8507,0.079,2,f,t,733.42
21298,EDWARDIAN 2 DRAWER WALL CABINET,fora_do_escopo,,mensal,B,ruptura,2009-12-14,2010-03-03,8,281,11.29,24.90,61,28,755.80,52,94.48,58.60,0.0000,0.135,8,f,t,733.42
21299,EDWARDIAN TOILET ROLL UNIT,provavel_descontinuacao,77,semanal,B,ruptura,2009-12-01,2010-03-12,23,272,4.59,59.25,13,14,966.35,166,42.02,64.06,0.0000,0.196,8,f,t,733.42
21300,ANTIQUE EDWARDIAN DRESSER,fora_do_escopo,,mensal,B,ruptura,2009-12-05,2010-03-05,6,279,18.00,15.50,76,28,841.70,53,140.28,54.55,0.0000,0.242,8,f,t,733.42
21303,FILIGREE WALL MIRROR  ANTIQUE WHITE,provavel_descontinuacao,67,semanal,B,ruptura,2009-12-03,2010-03-10,23,274,4.41,62.14,31,14,985.54,96,42.85,68.03,0.0000,0.121,8,f,t,733.42
21304,ARCHED GREY MIRROR,fora_do_escopo,,mensal,C,ruptura,2009-12-02,2010-04-13,15,240,9.43,25.45,33,28,591.58,86,39.44,29.28,0.0000,0.268,8,f,f,733.42
21306,SET/4 DAISY MIRROR MAGNETS,fora_do_escopo,,mensal,C,normal,2009-12-03,2010-12-08,27,1,14.23,0.07,67,28,157.62,190,5.84,2.87,0.9321,0.147,1,f,f,733.42
21307,SET/4 BUTTERFLY MIRROR MAGNETS,fora_do_escopo,,mensal,C,normal,2009-12-01,2010-12-08,50,1,7.59,0.13,45,28,619.27,674,12.39,11.42,0.8766,0.163,59,f,f,733.42
21308,LOUVRE VANITY MIRROR,fora_do_escopo,,mensal,C,ruptura,2009-12-06,2010-01-12,6,331,7.40,44.73,27,28,705.90,132,117.65,111.29,0.0000,0.892,0,f,f,733.42
21309,LOUVRE CHALKBOARD,fora_do_escopo,,ocasional,C,ruptura,2009-12-08,2010-02-17,4,295,23.67,12.46,36,,325.60,49,81.40,24.08,0.0000,0.756,0,f,f,733.42
21310,CAPIZ CHANDELIER,fora_do_escopo,,ocasional,C,atraso,2010-03-18,2010-08-13,3,118,74.00,1.59,137,,149.75,5,49.92,4.72,0.2030,0.400,3,f,f,733.42
21311,SET/4 BIRD MIRROR MAGNETS,fora_do_escopo,,mensal,C,normal,2009-12-03,2010-12-09,44,0,8.63,0.00,37,28,370.94,248,8.43,6.84,1.0000,0.136,14,f,f,733.42
21312,LARGE CHUNKY GLASS ROMAN BOWL,cliente_principal_parou,16,mensal,B,ruptura,2009-12-02,2010-09-12,26,88,11.36,7.75,54,28,1185.92,300,45.61,28.11,0.0004,0.522,289,f,t,733.42
21313,GLASS HEART T-LIGHT HOLDER,fora_do_escopo,,semanal,A,normal,2009-12-01,2010-12-08,143,1,2.62,0.38,45,14,3020.03,3553,21.12,56.43,0.6827,0.102,1,f,t,733.42
21314,SMALL GLASS HEART TRINKET POT,fora_do_escopo,,diario,A,normal,2009-12-01,2010-12-09,245,0,1.53,0.00,13,7,15465.37,7406,63.12,289.05,1.0000,0.316,6,f,t,733.42
21316,SMALL CHUNKY GLASS ROMAN  BOWL,fora_do_escopo,,mensal,B,normal,2009-12-03,2010-12-07,31,2,12.30,0.16,54,28,937.29,535,30.24,17.21,0.8499,0.414,289,f,t,733.42
21317,GLASS SPHERE CANDLE STAND MEDIUM,fora_do_escopo,,mensal,B,normal,2009-12-13,2010-12-09,40,0,9.26,0.00,48,28,785.79,248,19.64,14.86,1.0000,0.191,8,f,t,733.42
21318,GLASS CHALICE BLUE SMALL,fora_do_escopo,,mensal,C,atraso,2009-12-13,2010-11-25,39,14,9.13,1.53,42,28,478.64,278,12.27,9.41,0.2159,0.218,0,f,f,733.42
21319,GLASS CHALICE GREEN  SMALL,fora_do_escopo,,mensal,C,normal,2009-12-07,2010-12-06,44,3,8.47,0.35,35,28,574.55,349,13.06,10.80,0.7016,0.273,0,f,f,733.42
21320,GLASS CHALICE GREEN  LARGE,fora_do_escopo,,mensal,C,indicio,2009-12-01,2010-11-14,36,25,9.94,2.51,33,28,549.12,201,15.25,10.74,0.0809,0.184,0,f,f,733.42
21321,GLASS CHALICE BLUE  LARGE,fora_do_escopo,,mensal,C,ruptura,2009-12-01,2010-04-09,17,244,8.06,30.26,24,28,301.80,122,17.75,15.41,0.0000,0.466,0,f,f,733.42
21322,GLASS SPHERE CANDLE STAND LARGE,fora_do_escopo,,semanal,C,ruptura,2009-12-09,2010-01-11,12,332,3.00,110.67,16,14,590.45,301,49.20,114.81,0.0000,0.254,8,f,f,733.42
21323,HANGING MEDINA LANTERN LARGE,provavel_descontinuacao,60,semanal,B,ruptura,2009-12-02,2010-07-23,61,139,3.88,35.79,25,14,2523.89,744,41.38,74.58,0.0000,0.594,0,f,t,733.42
21324,HANGING MEDINA LANTERN SMALL,fora_do_escopo,,semanal,A,normal,2009-12-03,2010-12-07,108,2,3.45,0.58,20,14,2639.15,950,24.44,49.60,0.5599,0.236,0,f,t,733.42
21326,AGED GLASS SILVER T-LIGHT HOLDER,fora_do_escopo,,semanal,A,normal,2009-12-01,2010-12-09,179,0,2.10,0.00,15,14,5082.01,7773,28.39,94.84,1.0000,0.062,92,f,t,733.42
21327,SKULLS WRITING SET,fora_do_escopo,,semanal,B,normal,2009-12-02,2010-12-09,160,0,2.34,0.00,13,14,1992.81,1103,12.46,37.26,1.0000,0.030,63,f,t,733.42
21328,BALLOONS  WRITING SET,fora_do_escopo,,semanal,B,normal,2009-12-01,2010-12-08,172,1,2.18,0.46,16,14,2417.45,1193,14.05,45.23,0.6315,0.012,8,f,t,733.42
21329,DINOSAURS  WRITING SET,fora_do_escopo,,semanal,B,normal,2009-12-01,2010-12-09,162,0,2.32,0.00,15,14,2128.56,1182,13.14,39.70,1.0000,0.028,25,f,t,733.42
21330,WOODLAND ANIMAL  WRITING SET,monitorar,26,semanal,B,ruptura,2009-12-01,2010-11-07,121,32,2.84,11.26,67,14,2460.67,1456,20.34,50.09,0.0000,0.295,9,f,t,733.42
21331,MOROCCAN BEATEN METAL DISH LARGE,fora_do_escopo,,mensal,B,normal,2009-12-06,2010-11-22,19,17,19.50,0.87,76,28,780.94,98,41.10,14.75,0.4182,0.243,9,f,t,733.42
21332,MOROCCAN BEATEN METAL MIRROR,fora_do_escopo,,mensal,B,atraso,2009-12-04,2010-11-22,32,17,11.39,1.49,54,28,1376.07,251,43.00,26.43,0.2247,0.207,8,f,t,733.42
21333,CLASSIC WHITE FRAME,fora_do_escopo,,semanal,A,normal,2009-12-01,2010-12-08,151,1,2.48,0.40,16,14,3100.64,1026,20.53,57.96,0.6682,0.039,28,f,t,733.42
21335,LIBRARY LAMP,provavel_descontinuacao,119,semanal,B,ruptura,2009-12-01,2010-05-18,25,205,7.00,29.29,22,14,989.62,42,39.58,39.58,0.0000,0.198,23,f,t,733.42
21336,GOLD WASHBAG,fora_do_escopo,,mensal,C,normal,2009-12-04,2010-12-06,33,3,11.47,0.26,62,28,475.94,1797,14.42,8.80,0.7698,0.236,73,f,f,733.42
21337,SILVER WASHBAG,fora_do_escopo,,ocasional,C,normal,2009-12-02,2010-11-30,11,9,36.30,0.25,132,,103.53,33,9.41,1.81,0.7804,0.342,365,f,f,733.42
21338,MARAKESH LANTERN SMALL,provavel_descontinuacao,113,mensal,B,ruptura,2009-12-05,2010-04-13,12,240,11.73,20.47,40,28,873.25,199,72.77,43.44,0.0000,0.747,0,f,t,733.42
21339,MARAKESH LANTERN LARGE,fora_do_escopo,,ocasional,C,ruptura,2009-12-08,2010-07-14,11,148,21.80,6.79,63,,544.50,30,49.50,15.89,0.0011,0.311,1,f,f,733.42
21340,CLASSIC METAL BIRDCAGE PLANT HOLDER,fora_do_escopo,,semanal,A,normal,2009-12-02,2010-12-08,81,1,4.64,0.22,114,14,8203.19,807,101.27,152.87,0.8060,0.126,210,f,t,733.42
21341,KASBAH LANTERN WITH GLASS,fora_do_escopo,,mensal,C,ruptura,2009-12-02,2010-10-01,21,69,15.15,4.55,124,28,410.64,72,19.55,9.03,0.0105,0.248,49,f,f,733.42
21343,GOLD JEWELERY BOX,fora_do_escopo,,ocasional,C,ruptura,2009-12-09,2010-02-11,3,301,32.00,9.41,55,,92.00,20,30.67,6.71,0.0001,0.515,261,f,f,733.42
21344,MOROCCAN BEATEN METAL DISH,fora_do_escopo,,mensal,C,normal,2009-12-01,2010-11-25,19,14,19.94,0.70,57,28,589.73,151,31.04,10.89,0.4956,0.240,9,f,f,733.42
21347,GOTHIC CARRIAGE LANTERN,fora_do_escopo,,ocasional,C,ruptura,2009-12-02,2010-04-01,4,252,40.00,6.30,93,,47.60,8,11.90,2.08,0.0018,0.500,22,f,f,733.42
21348,PINK SPOTS CHOCOLATE NESTING BOXES,monitorar,51,semanal,B,indicio,2009-12-01,2010-11-29,98,10,3.74,2.67,20,14,1678.13,705,17.12,32.03,0.0691,0.073,31,f,t,733.42
21349,IVY HEART WREATH,fora_do_escopo,,semanal,A,normal,2009-12-01,2010-12-06,85,3,4.40,0.68,148,14,3983.73,549,46.87,74.48,0.5061,0.068,0,f,t,733.42
21350,GINGHAM HEART WREATH,fora_do_escopo,,mensal,C,ruptura,2009-12-02,2010-11-05,32,34,10.90,3.12,165,28,653.65,227,20.43,13.11,0.0442,0.156,8,f,f,733.42
21351,CINAMMON & ORANGE WREATH,fora_do_escopo,,semanal,A,normal,2009-12-01,2010-12-06,72,3,5.21,0.58,213,14,3238.22,1028,44.98,60.41,0.5623,0.037,0,f,t,733.42
21352,EUCALYPTUS & PINECONE  WREATH,fora_do_escopo,,semanal,B,normal,2009-12-01,2010-12-07,55,2,6.87,0.29,241,14,1829.45,539,33.26,33.89,0.7474,0.039,0,f,t,733.42
21353,SILVER SLEIGHBELL  WREATH,fora_do_escopo,,semanal,C,ruptura,2009-12-01,2009-12-22,6,352,4.20,83.81,15,14,160.45,19,26.74,44.57,0.0000,0.248,57,f,f,733.42
21354,TOAST ITS - BEST MUM,fora_do_escopo,,semanal,B,normal,2009-12-02,2010-12-08,91,1,4.12,0.24,32,14,2040.61,1733,22.42,38.08,0.7846,0.148,7,f,t,733.42
21355,TOAST ITS - I LOVE YOU,fora_do_escopo,,semanal,A,normal,2009-12-01,2010-12-08,141,1,2.66,0.38,15,14,3316.75,2733,23.52,61.97,0.6864,0.136,210,f,t,733.42
21356,TOAST ITS - FAIRY FLOWER,fora_do_escopo,,semanal,B,normal,2009-12-01,2010-12-09,147,0,2.55,0.00,16,14,1367.25,981,9.30,25.48,1.0000,0.088,29,f,t,733.42
21357,TOAST ITS - DINOSAUR,fora_do_escopo,,semanal,B,atraso,2009-12-01,2010-12-06,133,3,2.80,1.07,18,14,1817.76,1380,13.67,34.13,0.3429,0.074,6,f,t,733.42
21358,TOAST ITS - HAPPY BIRTHDAY,fora_do_escopo,,semanal,B,normal,2009-12-02,2010-12-08,94,1,3.99,0.25,25,14,927.93,735,9.87,17.32,0.7783,0.081,10,f,t,733.42
21359,RELAX LARGE WOOD LETTERS,fora_do_escopo,,mensal,B,normal,2009-12-02,2010-12-06,43,3,8.79,0.34,30,28,1322.15,81,30.75,24.50,0.7107,0.137,30,f,t,733.42
21360,JOY LARGE WOOD LETTERS,fora_do_escopo,,semanal,A,atraso,2009-12-01,2010-12-03,71,6,5.24,1.14,35,14,2584.09,405,36.40,48.59,0.3184,0.334,2,f,t,733.42
21361,LOVE LARGE WOOD LETTERS,fora_do_escopo,,semanal,A,normal,2010-02-11,2010-12-09,146,0,2.08,0.00,9,14,6244.11,481,42.77,144.22,1.0000,0.048,3,f,t,733.42
21363,HOME SMALL WOOD LETTERS,fora_do_escopo,,diario,A,normal,2010-01-05,2010-12-09,178,0,1.91,0.00,37,7,4091.19,775,22.98,84.25,1.0000,0.054,0,f,t,733.42
21364,PEACE SMALL WOOD LETTERS,fora_do_escopo,,semanal,A,atraso,2009-12-01,2010-12-02,99,7,3.73,1.87,35,14,3238.76,446,32.71,61.32,0.1535,0.396,2,f,t,733.42
21365,MIRRORED WALL ART STARS,fora_do_escopo,,mensal,C,normal,2009-12-07,2010-12-01,24,8,15.61,0.51,61,28,284.44,113,11.85,5.32,0.5990,0.124,30,f,f,733.42
21366,MIRRORED WALL ART PHOTO FRAMES,fora_do_escopo,,mensal,B,normal,2009-12-10,2010-12-06,31,3,12.03,0.25,44,28,733.40,158,23.66,13.76,0.7793,0.491,321,f,f,733.42
21367,MIRRORED WALL ART GENTS,fora_do_escopo,,mensal,C,normal,2009-12-08,2010-12-07,20,2,19.16,0.10,86,28,94.21,44,4.71,1.72,0.9009,0.217,10,f,f,733.42
21368,MIRRORED WALL ART LADIES,fora_do_escopo,,ocasional,C,normal,2009-12-08,2010-11-14,14,25,26.23,0.95,75,,71.31,39,5.09,1.36,0.3856,0.286,10,f,f,733.42
21369,MIRRORED WALL ART SPLODGES,fora_do_escopo,,ocasional,C,normal,2009-12-23,2010-12-01,7,8,57.17,0.14,163,,75.24,34,10.75,1.32,0.8694,0.399,10,f,f,733.42
21370,MIRRORED WALL ART FOXY,fora_do_escopo,,ocasional,C,normal,2009-12-06,2010-12-01,14,8,27.69,0.29,86,,164.01,40,11.72,2.96,0.7491,0.183,8,f,f,733.42
21371,MIRRORED WALL ART POPPIES,fora_do_escopo,,mensal,C,normal,2009-12-01,2010-11-29,24,10,15.78,0.63,56,28,236.30,117,9.85,4.37,0.5307,0.129,16,f,f,733.42
21372,MIRRORED WALL ART TABLE LAMP,fora_do_escopo,,ocasional,C,normal,2009-12-02,2010-12-01,16,8,24.27,0.33,110,,168.12,83,10.51,3.03,0.7192,0.175,360,f,f,733.42
21373,MIRRORED WALL ART SNOWFLAKES,fora_do_escopo,,ocasional,C,normal,2009-12-04,2010-11-29,13,10,30.00,0.33,137,,159.85,124,12.30,2.87,0.7165,0.207,10,t,f,733.42
21374,MIRRORED WALL ART SKULLS,fora_do_escopo,,mensal,C,normal,2009-12-18,2010-12-01,26,8,13.92,0.57,59,28,360.88,170,13.88,6.98,0.5629,0.125,30,f,f,733.42
21375,LARGE CAMPHOR WOOD FIELD MUSHROOM,fora_do_escopo,,mensal,C,normal,2009-12-01,2010-12-08,33,1,11.63,0.09,43,28,532.32,96,16.13,9.71,0.9176,0.088,15,f,f,733.42
21376,LARGE  TALL CAMPHOR WOOD TOADSTOOL,fora_do_escopo,,mensal,C,normal,2009-12-06,2010-12-08,28,1,13.59,0.07,55,28,662.55,151,23.66,12.19,0.9291,0.337,122,f,f,733.42
21377,SMALL CAMPHOR WOOD FIELD  MUSHROOM,fora_do_escopo,,semanal,C,normal,2009-12-01,2010-12-08,55,1,6.89,0.15,39,14,545.15,406,9.91,10.07,0.8649,0.200,8,f,f,733.42
21378,SMALL TALL CAMPHOR WOOD TOADSTOOL,fora_do_escopo,,mensal,C,atraso,2009-12-07,2010-11-29,47,10,7.76,1.29,32,28,512.73,419,10.91,9.84,0.2757,0.213,8,f,f,733.42
21379,CAMPHOR WOOD PORTOBELLO MUSHROOM,fora_do_escopo,,semanal,C,normal,2009-12-01,2010-12-08,67,1,5.64,0.18,34,14,472.40,472,7.05,8.76,0.8374,0.192,8,f,f,733.42
21380,WOODEN HAPPY BIRTHDAY GARLAND,fora_do_escopo,,diario,A,normal,2009-12-03,2010-12-08,206,1,1.80,0.55,17,7,8356.62,2889,40.57,157.33,0.5746,0.277,30,f,t,733.42
21381,MINI WOODEN HAPPY BIRTHDAY GARLAND,fora_do_escopo,,diario,A,normal,2009-12-03,2010-12-08,195,1,1.91,0.52,13,7,5511.91,3334,28.27,103.74,0.5920,0.240,30,f,t,733.42
21382,SET/4 SPRING FLOWER DECORATION,fora_do_escopo,,mensal,C,normal,2010-05-16,2010-12-09,23,0,9.41,0.00,37,28,300.93,99,13.08,9.73,1.0000,0.118,114,f,f,733.42
21383,PACK OF 12 STICKY BUNNIES,fora_do_escopo,,semanal,B,normal,2009-12-09,2010-12-06,86,3,4.26,0.70,29,14,853.45,1235,9.92,16.31,0.4944,0.062,43,f,t,733.42
21384,IVORY HANGING DECORATION  BUTTERFLY,provavel_descontinuacao,59,semanal,B,ruptura,2009-12-02,2010-05-19,84,204,2.02,100.79,22,14,1815.29,1923,21.61,74.74,0.0000,0.039,39,f,t,733.42
21385,IVORY HANGING DECORATION  HEART,fora_do_escopo,,diario,A,normal,2009-12-01,2010-12-09,201,0,1.87,0.00,41,7,6061.40,7109,30.16,113.19,1.0000,0.205,9,f,t,733.42
21386,IVORY HANGING DECORATION  EGG,fora_do_escopo,,mensal,C,atraso,2010-01-11,2010-11-26,40,13,8.18,1.59,60,28,415.54,463,10.39,8.89,0.2041,0.123,15,f,f,733.42
21387,IVORY HANGING DECORATION  RABBIT,fora_do_escopo,,semanal,C,ruptura,2010-02-23,2010-03-01,3,283,3.00,94.33,4,14,21.25,25,7.08,16.53,0.0000,0.720,11,f,f,733.42
21388,IVORY HANGING DECORATION  CHICKEN,fora_do_escopo,,semanal,C,ruptura,2009-12-02,2010-03-29,24,255,5.09,50.13,27,14,293.57,315,12.23,16.83,0.0000,0.069,55,f,f,733.42
21389,IVORY HANGING DECORATION  BIRD,fora_do_escopo,,semanal,B,normal,2009-12-03,2010-12-08,95,1,3.94,0.25,24,14,1047.18,1188,11.02,19.60,0.7756,0.078,39,f,t,733.42
21390,FILIGRIS HEART WITH BUTTERFLY,fora_do_escopo,,diario,A,atraso,2009-12-02,2010-12-06,210,3,1.77,1.70,13,7,8811.09,7119,41.96,166.35,0.1828,0.139,9,f,t,733.42
21391,FRENCH LAVENDER SCENT HEART,fora_do_escopo,,semanal,B,normal,2009-12-02,2010-12-07,64,2,5.87,0.34,31,14,792.04,361,12.38,14.75,0.7114,0.095,14,f,t,733.42
21392,RED SPOTTY PUDDING BOWL,fora_do_escopo,,mensal,B,normal,2009-12-03,2010-12-02,40,7,9.33,0.75,36,28,1438.04,7514,35.95,26.96,0.4724,0.330,73,f,t,733.42
21393,BLUE  SPOTTY PUDDING BOWL,fora_do_escopo,,mensal,B,normal,2010-01-08,2010-12-05,36,4,9.46,0.42,57,28,1153.04,5224,32.03,23.71,0.6551,0.281,73,f,t,733.42
21394,RED POLKADOT BEAKER,fora_do_escopo,,mensal,C,normal,2010-01-26,2010-11-24,18,15,17.76,0.84,63,28,260.86,140,14.49,5.71,0.4298,0.304,24,f,f,733.42
21395,BLUE POLKADOT BEAKER,fora_do_escopo,,mensal,C,atraso,2009-12-07,2010-11-23,25,16,14.63,1.09,50,28,274.24,136,10.97,5.25,0.3349,0.128,57,f,f,733.42
21396,RED SPOTTY EGG CUP,provavel_descontinuacao,97,semanal,B,ruptura,2009-12-01,2010-05-16,55,207,3.07,67.34,26,14,1205.25,948,21.91,49.90,0.0000,0.266,6,f,t,733.42
21397,BLUE  SPOTTY EGG CUP,fora_do_escopo,,semanal,B,normal,2009-12-04,2010-12-07,97,2,3.83,0.52,25,14,1489.03,1096,15.35,28.03,0.5935,0.215,6,f,t,733.42
21398,RED POLKADOT COFFEE  MUG,fora_do_escopo,,semanal,B,normal,2009-12-01,2010-12-07,61,2,6.18,0.32,33,14,1512.81,767,24.80,28.08,0.7236,0.341,6,f,t,733.42
21399,BLUE POLKADOT COFFEE MUG,fora_do_escopo,,mensal,C,normal,2009-12-04,2010-12-02,45,7,8.25,0.85,69,28,685.03,326,15.22,12.92,0.4281,0.245,0,f,f,733.42
21400,RED PUDDING SPOON,fora_do_escopo,,ocasional,C,normal,2009-12-07,2010-11-24,18,15,20.71,0.72,95,,84.44,197,4.69,1.59,0.4846,0.119,168,f,f,733.42
21401,BLUE PUDDING SPOON,fora_do_escopo,,mensal,C,normal,2009-12-07,2010-12-06,36,3,10.40,0.29,36,28,167.88,392,4.66,3.14,0.7494,0.330,0,f,f,733.42
21402,RED  EGG  SPOON,fora_do_escopo,,semanal,C,atraso,2009-12-03,2010-11-29,53,10,6.94,1.44,32,14,147.90,329,2.79,2.81,0.2368,0.068,168,f,f,733.42
21403,BLUE EGG  SPOON,fora_do_escopo,,mensal,C,normal,2009-12-03,2010-12-06,47,3,8.00,0.38,53,28,206.84,469,4.40,3.85,0.6873,0.292,0,f,f,733.42
21407,BROWN CHECK CAT DOORSTOP,fora_do_escopo,,diario,A,normal,2009-12-01,2010-12-09,190,0,1.97,0.00,14,7,4593.73,1027,24.18,85.76,1.0000,0.039,16,f,t,733.42
21408,SPOTTY PINK DUCK DOORSTOP,fora_do_escopo,,semanal,B,normal,2009-12-02,2010-12-09,107,0,3.51,0.00,32,14,1851.48,430,17.30,34.51,1.0000,0.142,7,f,t,733.42
21410,COUNTRY COTTAGE  DOORSTOP GREEN,fora_do_escopo,,semanal,B,normal,2009-12-01,2010-12-07,110,2,3.40,0.59,20,14,1466.78,314,13.33,27.42,0.5557,0.055,0,f,t,733.42
21411,GINGHAM HEART  DOORSTOP RED,fora_do_escopo,,diario,A,normal,2009-12-01,2010-12-09,210,0,1.78,0.00,13,7,5552.46,1338,26.44,103.71,1.0000,0.088,0,f,t,733.42
21412,VINTAGE GOLD TINSEL REEL,fora_do_escopo,,mensal,C,indicio,2009-12-01,2010-11-21,46,18,7.89,2.28,155,28,279.84,277,6.08,5.40,0.1021,0.057,0,f,f,733.42
21413,PERIWINKLE T-LIGHT HOLDER,fora_do_escopo,,mensal,B,normal,2009-12-08,2010-12-09,38,0,9.89,0.00,66,28,1081.20,3126,28.45,20.13,1.0000,0.797,199,f,t,733.42
21414,SCALLOP SHELL SOAP DISH,fora_do_escopo,,mensal,B,atraso,2009-12-07,2010-11-24,33,15,11.00,1.36,42,28,868.79,1636,26.33,16.75,0.2557,0.622,199,f,t,733.42
21415,CLAM SHELL SMALL,fora_do_escopo,,mensal,C,normal,2009-12-09,2010-12-07,36,2,10.37,0.19,36,28,301.15,138,8.37,5.65,0.8246,0.167,1,f,f,733.42
21416,CLAM SHELL LARGE,fora_do_escopo,,ocasional,C,normal,2009-12-13,2010-12-02,18,7,20.82,0.34,59,,591.81,748,32.88,11.05,0.7145,0.803,199,f,f,733.42
21417,COCKLE SHELL DISH,fora_do_escopo,,mensal,C,normal,2009-12-01,2010-12-08,49,1,7.75,0.13,37,28,402.51,165,8.21,7.42,0.8789,0.125,39,f,f,733.42
21418,STARFISH SOAP DISH,fora_do_escopo,,mensal,C,atraso,2009-12-06,2010-11-29,38,10,9.68,1.03,31,28,346.64,121,9.12,6.60,0.3558,0.177,2,f,f,733.42
21419,CONCH SHELL,fora_do_escopo,,mensal,C,ruptura,2009-12-01,2010-07-14,17,148,14.06,10.52,53,28,577.69,1259,33.98,16.92,0.0000,0.602,199,f,f,733.42
21420,OYSTER TRINKET BOX,fora_do_escopo,,ocasional,C,normal,2010-01-04,2010-11-11,12,28,28.27,0.99,68,,215.00,68,17.92,4.44,0.3714,0.544,1,f,f,733.42
21421,PORCELAIN ROSE LARGE,fora_do_escopo,,semanal,B,normal,2009-12-06,2010-12-05,72,4,5.13,0.78,30,14,1814.80,1508,25.21,34.42,0.4583,0.252,3,f,t,733.42
21422,PORCELAIN ROSE SMALL,fora_do_escopo,,semanal,B,normal,2009-12-03,2010-12-05,78,4,4.77,0.84,28,14,1360.72,1596,17.45,25.62,0.4320,0.152,3,f,t,733.42
21424,WOODLAND STORAGE BOX LARGE,monitorar,65,semanal,B,ruptura,2009-12-01,2010-11-22,64,17,5.65,3.01,33,14,1460.62,609,22.82,28.27,0.0494,0.168,55,f,t,733.42
21425,SKULLS STORAGE BOX LARGE,monitorar,91,semanal,B,ruptura,2009-12-02,2010-11-19,61,20,5.87,3.41,39,14,954.44,418,15.65,18.67,0.0331,0.189,8,f,t,733.42
21426,WOODLAND STORAGE BOX SMALL,fora_do_escopo,,mensal,B,normal,2009-12-01,2010-12-02,51,7,7.32,0.96,27,28,1024.59,773,20.09,19.21,0.3843,0.279,8,f,t,733.42
21427,SKULLS STORAGE BOX SMALL,fora_do_escopo,,semanal,B,normal,2009-12-03,2010-12-07,69,2,5.43,0.37,21,14,766.58,421,11.11,14.33,0.6917,0.157,0,f,t,733.42
21428,SET3 BOOK BOX GREEN GINGHAM FLOWER,fora_do_escopo,,semanal,A,normal,2009-12-01,2010-12-08,132,1,2.84,0.35,124,14,6825.05,1731,51.70,127.46,0.7032,0.431,15,f,t,733.42
21429,RED GINGHAM ROSE JEWELLERY BOX,fora_do_escopo,,diario,A,normal,2009-12-01,2010-12-09,262,0,1.43,0.00,18,7,8387.03,4849,32.01,156.80,1.0000,0.092,9,f,t,733.42
21430,SET/3 RED GINGHAM ROSE STORAGE BOX,fora_do_escopo,,semanal,A,normal,2009-12-01,2010-12-09,138,0,2.72,0.00,169,14,6623.25,1711,47.99,123.40,1.0000,0.062,3,f,t,733.42
21431,GREEN GINGHAM FLOWER JEWELLERY BOX,monitorar,27,semanal,B,ruptura,2009-12-01,2010-11-16,163,23,2.16,10.65,30,14,2519.61,1488,15.46,50.08,0.0000,0.110,157,f,t,733.42
21432,SET OF 3 CASES WOODLAND DESIGN,ruptura_provavel,11,semanal,A,ruptura,2009-12-01,2010-11-19,155,20,2.29,8.73,14,14,5441.86,943,35.11,107.22,0.0002,0.281,9,f,t,733.42
21437,24 HANGING EASTER EGGS FLORAL TUB,sazonal,7,semanal,B,ruptura,2009-12-08,2010-03-28,55,256,2.04,125.67,24,14,2354.67,678,42.81,147.12,0.0000,0.290,6,t,t,733.42
21438,TUB 24 HANGING EASTER EGGS SPOTTY,sazonal,12,semanal,B,ruptura,2009-12-03,2010-03-18,23,266,4.77,55.73,22,14,1248.57,378,54.29,79.62,0.0000,0.510,6,t,t,733.42
21439,BASKET OF TOADSTOOLS,fora_do_escopo,,semanal,B,normal,2009-12-01,2010-12-09,94,0,4.01,0.00,25,14,1114.19,859,11.85,20.69,1.0000,0.058,0,f,t,733.42
21440,12 MINI TOADSTOOL PEGS,fora_do_escopo,,semanal,C,ruptura,2009-12-01,2010-07-01,67,161,3.21,50.12,14,14,608.81,481,9.09,19.80,0.0000,0.086,35,f,f,733.42
21441,BLUE BIRDHOUSE DECORATION,fora_do_escopo,,semanal,C,normal,2009-12-13,2010-12-07,67,2,5.44,0.37,35,14,375.29,520,5.60,7.21,0.6923,0.146,8,f,f,733.42
21442,GREEN BIRDHOUSE DECORATION,fora_do_escopo,,semanal,C,normal,2009-12-15,2010-12-08,69,1,5.26,0.19,22,14,399.54,538,5.79,7.70,0.8270,0.137,8,f,f,733.42
21443,OLIVE CHALET BIRDFEEDER,fora_do_escopo,,semanal,B,ruptura,2009-12-04,2010-03-30,20,254,6.11,41.60,23,14,731.68,258,36.58,41.95,0.0000,0.711,0,f,f,733.42
21444,BLUE CHALET BIRDFEEDER,provavel_descontinuacao,118,semanal,B,ruptura,2009-12-01,2010-04-26,31,227,4.87,46.64,31,14,902.03,291,29.10,41.85,0.0000,0.576,0,f,t,733.42
21445,12 PINK ROSE PEG PLACE SETTINGS,fora_do_escopo,,semanal,B,normal,2009-12-01,2010-12-06,94,3,3.98,0.75,14,14,1644.73,1325,17.50,30.79,0.4705,0.334,70,f,t,733.42
21446,12 RED ROSE PEG PLACE SETTINGS,fora_do_escopo,,semanal,B,normal,2009-12-03,2010-12-09,106,0,3.53,0.00,16,14,1056.44,820,9.97,19.74,1.0000,0.063,0,f,t,733.42
21447,12 IVORY ROSE PEG PLACE SETTINGS,fora_do_escopo,,semanal,B,atraso,2009-12-03,2010-12-06,145,3,2.56,1.17,13,14,2394.54,1830,16.51,45.23,0.3092,0.229,70,f,t,733.42
21448,12 DAISY PEGS IN WOOD BOX,fora_do_escopo,,semanal,B,normal,2009-12-02,2010-12-06,107,3,3.48,0.86,25,14,1065.76,621,9.96,20.03,0.4224,0.037,15,f,t,733.42
21450,DISTRESSED CANDLE STICK WHITE,fora_do_escopo,,mensal,C,ruptura,2009-12-03,2009-12-20,3,354,8.50,41.65,14,28,77.35,13,25.78,21.23,0.0000,0.769,29,f,f,733.42
21452,TOADSTOOL MONEY BOX,fora_do_escopo,,diario,A,normal,2010-03-18,2010-12-09,144,0,1.86,0.00,7,7,3435.25,1135,23.86,89.77,1.0000,0.036,161,f,t,733.42
21454,PAINTED PINK RABBIT,fora_do_escopo,,mensal,C,indicio,2010-01-11,2010-11-22,42,17,7.68,2.21,69,28,323.29,366,7.70,7.01,0.1094,0.126,259,f,f,733.42
21455,PAINTED YELLOW WOODEN DAISY,fora_do_escopo,,mensal,C,indicio,2010-01-28,2010-11-22,37,17,8.28,2.05,47,28,280.48,289,7.58,6.41,0.1283,0.073,0,f,f,733.42
21456,2 PICTURE BOOK EGGS EASTER CHICKS,fora_do_escopo,,mensal,C,ruptura,2009-12-04,2010-08-27,34,104,8.06,12.90,149,28,553.83,567,16.29,14.15,0.0000,0.379,0,t,f,733.42
21457,2 PICTURE BOOK EGGS EASTER DUCKS,fora_do_escopo,,mensal,C,indicio,2009-12-04,2010-11-10,31,29,11.37,2.55,145,28,551.36,562,17.79,10.95,0.0780,0.381,0,t,f,733.42
21458,2 PICTURE BOOK EGGS EASTER BUNNY,fora_do_escopo,,semanal,C,ruptura,2009-12-04,2010-08-27,39,104,7.00,14.86,149,14,592.70,586,15.20,15.20,0.0000,0.354,0,t,f,733.42
21459,YELLOW EASTER EGG HUNT START POST,fora_do_escopo,,semanal,C,ruptura,2010-01-28,2010-04-06,23,247,3.09,79.91,9,14,370.17,187,16.09,36.45,0.0000,0.321,8,t,f,733.42
21460,GREEN EASTER EGG HUNT START POST,fora_do_escopo,,semanal,C,ruptura,2010-01-29,2010-04-06,15,247,4.79,51.61,14,14,192.87,85,12.86,18.81,0.0000,0.121,6,t,f,733.42
21461,BLUE EASTER EGG HUNT START POST,fora_do_escopo,,mensal,C,ruptura,2010-01-29,2010-10-04,17,66,15.50,4.26,181,28,147.18,72,8.66,3.91,0.0141,0.159,6,t,f,733.42
21462,"NURSERY A,B,C PAINTED LETTERS",fora_do_escopo,,semanal,B,normal,2009-12-04,2010-12-08,90,1,4.15,0.24,21,14,1567.26,226,17.41,29.40,0.7857,0.069,0,f,t,733.42
21463,MIRRORED DISCO BALL,fora_do_escopo,,semanal,A,normal,2009-12-01,2010-12-08,128,1,2.93,0.34,18,14,4182.51,725,32.68,78.09,0.7108,0.114,16,f,t,733.42
21464,DISCO BALL ROTATOR BATTERY OPERATED,fora_do_escopo,,semanal,B,normal,2009-12-02,2010-12-08,98,1,3.82,0.26,28,14,1320.75,311,13.48,24.67,0.7699,0.116,1,f,t,733.42
21465,PINK FLOWER CROCHET FOOD COVER,fora_do_escopo,,semanal,B,atraso,2009-12-01,2010-12-03,86,6,4.32,1.39,37,14,1989.09,559,23.13,37.50,0.2492,0.285,7,f,t,733.42
21466,RED FLOWER CROCHET FOOD COVER,fora_do_escopo,,semanal,B,normal,2009-12-01,2010-12-09,130,0,2.89,0.00,30,14,2400.40,633,18.46,44.70,1.0000,0.110,9,f,t,733.42
21467,CHERRY CROCHET FOOD COVER,fora_do_escopo,,semanal,B,normal,2009-12-01,2010-12-08,114,1,3.29,0.30,17,14,2281.86,767,20.02,42.56,0.7380,0.105,8,f,t,733.42
21468,BUTTERFLY CROCHET FOOD COVER,fora_do_escopo,,semanal,B,normal,2009-12-02,2010-12-08,68,1,5.54,0.18,24,14,1800.41,524,26.48,33.47,0.8348,0.315,7,f,t,733.42
21469,POLKA DOT RAFFIA FOOD COVER,fora_do_escopo,,semanal,B,normal,2009-12-01,2010-12-09,97,0,3.89,0.00,27,14,2426.69,883,25.02,45.07,1.0000,0.117,218,f,t,733.42
21470,FLOWER VINE RAFFIA FOOD COVER,fora_do_escopo,,semanal,A,normal,2009-12-01,2010-12-09,137,0,2.74,0.00,37,14,2792.10,738,20.38,52.02,1.0000,0.101,49,f,t,733.42
21471,STRAWBERRY RAFFIA FOOD COVER,fora_do_escopo,,semanal,A,normal,2009-12-01,2010-12-08,109,1,3.44,0.29,27,14,2916.29,778,26.75,54.37,0.7480,0.077,0,f,t,733.42
21472,LADYBIRD + BEE RAFFIA FOOD COVER,fora_do_escopo,,semanal,A,normal,2009-12-01,2010-12-09,160,0,2.35,0.00,13,14,3638.91,943,22.74,67.86,1.0000,0.087,0,f,t,733.42
21473,SWEETHEART CREAM STEEL TABLE RECT,monitorar,25,semanal,A,indicio,2009-12-13,2010-11-25,54,14,6.55,2.14,59,14,2593.50,130,48.03,51.35,0.1179,0.077,0,f,t,733.42
21474,SWEETHEART CREAM STEEL FOLDIN BENCH,provavel_descontinuacao,26,semanal,A,ruptura,2010-01-21,2010-09-12,70,88,3.39,25.95,18,14,4189.50,210,59.85,123.54,0.0000,0.057,30,f,t,733.42
21476,STEEL SWEETHEART ROUND TABLE CREAM,monitorar,42,semanal,B,indicio,2010-01-19,2010-11-21,49,18,6.38,2.82,53,14,1549.78,103,31.63,34.73,0.0594,0.058,55,f,t,733.42
21477,STRING OF 20 ROSE LIGHTS,provavel_descontinuacao,11,semanal,A,ruptura,2009-12-01,2010-03-31,22,253,5.71,44.27,39,14,3248.94,273,147.68,180.91,0.0000,0.506,6,f,t,733.42
21478,SILVER SKULL HOT WATER BOTTLE,sazonal,26,semanal,B,ruptura,2009-12-01,2010-10-31,60,39,5.66,6.89,49,14,865.48,207,14.42,17.84,0.0010,0.094,9,t,t,733.42
21479,WHITE SKULL HOT WATER BOTTLE,fora_do_escopo,,semanal,A,normal,2009-12-01,2010-12-09,76,0,4.97,0.00,248,14,14023.48,2954,184.52,259.71,1.0000,0.038,6,t,t,733.42
21480,PINK STRIPE HOT WATER BOTTLE,sazonal,2,diario,B,ruptura,2009-12-01,2009-12-22,17,352,1.31,268.19,4,7,902.47,286,53.09,283.13,0.0000,0.203,1,t,t,733.42
21481,FAWN BLUE HOT WATER BOTTLE,fora_do_escopo,,diario,A,normal,2009-12-01,2010-12-09,188,0,1.99,0.00,13,7,15522.61,5244,82.57,289.76,1.0000,0.244,15,t,t,733.42
21482,MUSHROOM BLUE HOT WATER BOTTLE,sazonal,17,semanal,B,ruptura,2009-12-01,2010-10-17,97,53,3.33,15.90,56,14,2308.56,744,23.80,49.98,0.0000,0.080,9,t,t,733.42
21484,CHICK GREY HOT WATER BOTTLE,fora_do_escopo,,semanal,A,normal,2009-12-01,2010-12-09,174,0,2.16,0.00,17,14,10577.63,2934,60.79,197.37,1.0000,0.046,3,t,t,733.42
21485,RETROSPOT HEART HOT WATER BOTTLE,fora_do_escopo,,diario,A,normal,2009-12-01,2010-12-09,215,0,1.74,0.00,17,7,21132.27,4394,98.29,394.74,1.0000,0.035,3,t,t,733.42
21486,PINK HEART DOTS HOT WATER BOTTLE,fora_do_escopo,,semanal,A,normal,2009-12-01,2010-12-07,148,2,2.52,0.79,40,14,3646.17,1118,24.64,68.33,0.4527,0.054,8,t,t,733.42
21488,RED WHITE SCARF  HOT WATER BOTTLE,fora_do_escopo,,semanal,A,normal,2009-12-01,2010-12-07,146,2,2.56,0.78,41,14,9719.81,2379,66.57,182.14,0.4576,0.077,14,t,t,733.42
21489,BLUE WHITE SCARF HOT WATER BOTTLE,fora_do_escopo,,mensal,C,ruptura,2009-12-01,2010-02-17,7,295,13.00,22.69,65,28,157.60,28,22.51,12.12,0.0000,0.100,9,t,f,733.42
21490,SET OF THREE 50'S GIFT WRAPS,provavel_descontinuacao,141,ocasional,B,ruptura,2009-12-01,2010-09-20,12,80,26.64,3.00,271,,1214.50,639,101.21,26.60,0.0496,0.341,8,f,t,733.42
21491,SET OF THREE VINTAGE GIFT WRAPS,monitorar,17,semanal,A,ruptura,2009-12-01,2010-11-21,87,18,4.13,4.36,104,14,5402.11,2896,62.09,105.30,0.0128,0.044,10,f,t,733.42
21493,VINTAGE DESIGN GIFT TAGS,fora_do_escopo,,ocasional,C,atraso,2009-12-01,2010-09-30,7,70,50.50,1.39,282,,252.45,272,36.06,5.00,0.2500,0.162,0,f,f,733.42
21494,ROTATING LEAVES T-LIGHT HOLDER,fora_do_escopo,,semanal,A,normal,2009-12-01,2010-12-09,120,0,3.13,0.00,22,14,3091.75,1998,25.76,57.54,1.0000,0.099,4,f,t,733.42
21495,SKULLS AND CROSSBONES WRAP,fora_do_escopo,,semanal,A,atraso,2009-12-01,2010-12-06,155,3,2.40,1.25,14,14,2784.30,6715,17.96,52.34,0.2869,0.072,93,f,t,733.42
21497,FANCY FONTS BIRTHDAY WRAP,fora_do_escopo,,semanal,A,atraso,2009-12-01,2010-12-06,168,3,2.22,1.35,16,14,3600.50,9025,21.43,67.71,0.2582,0.198,14,f,t,733.42
21498,RED RETROSPOT WRAP,fora_do_escopo,,diario,A,normal,2009-12-01,2010-12-09,239,0,1.57,0.00,13,7,6709.00,16650,28.07,125.38,1.0000,0.094,2,f,t,733.42
21499,BLUE POLKADOT WRAP,fora_do_escopo,,semanal,A,normal,2009-12-01,2010-12-07,171,2,2.18,0.92,28,14,3388.00,8500,19.81,63.55,0.3999,0.188,2,f,t,733.42
21500,PINK POLKADOT WRAP,fora_do_escopo,,semanal,A,atraso,2009-12-01,2010-12-06,185,3,2.01,1.49,13,14,3928.00,9800,21.23,73.91,0.2249,0.184,2,f,t,733.42
21503,TOYBOX  WRAP,fora_do_escopo,,mensal,C,ruptura,2009-12-16,2010-10-19,36,51,8.77,5.81,35,28,451.50,1075,12.54,10.01,0.0030,0.047,154,f,f,733.42
21504,SKULLS GREETING CARD,fora_do_escopo,,semanal,B,atraso,2009-12-02,2010-12-05,143,4,2.59,1.54,19,14,1261.41,3106,8.82,23.83,0.2136,0.134,7,f,t,733.42
21506,"FANCY FONT BIRTHDAY CARD,",fora_do_escopo,,diario,A,normal,2009-12-01,2010-12-09,209,0,1.79,0.00,15,7,2606.37,6344,12.47,48.68,1.0000,0.139,14,f,t,733.42
21507,"ELEPHANT, BIRTHDAY CARD,",fora_do_escopo,,diario,B,atraso,2009-12-02,2010-12-06,196,3,1.89,1.59,14,7,2070.12,4990,10.56,39.07,0.2049,0.092,2,f,t,733.42
21508,VINTAGE KID DOLLY CARD,fora_do_escopo,,diario,B,atraso,2009-12-01,2010-12-06,194,3,1.92,1.56,15,7,1797.18,4312,9.26,33.83,0.2091,0.091,7,f,t,733.42
21509,COWBOYS AND INDIANS BIRTHDAY CARD,fora_do_escopo,,diario,B,atraso,2009-12-03,2010-12-07,196,2,1.89,1.06,14,7,2064.75,5076,10.53,38.97,0.3475,0.082,7,f,t,733.42
21511,VINTAGE COLLAGE  GREETING  CARD,fora_do_escopo,,ocasional,C,ruptura,2010-04-13,2010-05-21,2,202,38.00,5.32,38,,16.80,40,8.40,1.55,0.0049,1.000,3,f,f,733.42
21518,BANK ACCOUNT  GREETING  CARD,fora_do_escopo,,semanal,C,atraso,2009-12-02,2010-12-02,67,7,5.53,1.27,27,14,346.92,813,5.18,6.55,0.2820,0.075,2,f,f,733.42
21519,GIN & TONIC DIET GREETING CARD,fora_do_escopo,,diario,B,normal,2009-12-01,2010-12-08,195,1,1.92,0.52,22,7,1816.21,4183,9.31,34.00,0.5936,0.069,7,f,t,733.42
21520,BOOZE & WOMEN GREETING CARD,fora_do_escopo,,mensal,C,normal,2009-12-01,2010-12-08,51,1,7.44,0.13,50,28,214.26,491,4.20,3.95,0.8742,0.071,1,f,f,733.42
21523,DOORMAT FANCY FONT HOME SWEET HOME,fora_do_escopo,,diario,A,normal,2009-12-01,2010-12-09,241,0,1.55,0.00,17,7,25623.77,3804,106.32,478.88,1.0000,0.107,0,f,t,733.42
21524,DOORMAT SPOTTY HOME SWEET HOME,fora_do_escopo,,diario,A,normal,2009-12-01,2010-12-09,272,0,1.38,0.00,12,7,23054.92,3585,84.76,431.08,1.0000,0.159,0,f,t,733.42
21527,RED RETROSPOT TRADITIONAL TEAPOT,fora_do_escopo,,diario,A,normal,2009-12-01,2010-12-09,261,0,1.43,0.00,19,7,21855.48,2948,83.74,408.58,1.0000,0.130,14,f,t,733.42
21528,DAIRY MAID TRADITIONAL TEAPOT,fora_do_escopo,,semanal,A,normal,2009-12-01,2010-12-07,124,2,3.02,0.66,14,14,4184.80,692,33.75,78.32,0.5153,0.195,0,f,t,733.42
21529,RETRO SPOT CERAMIC TOASTRACK,provavel_descontinuacao,111,semanal,B,ruptura,2009-12-01,2010-09-13,104,87,2.78,31.33,29,14,1824.94,513,17.55,44.24,0.0000,0.046,211,f,t,733.42
21530,DAIRY MAID TOASTRACK,fora_do_escopo,,mensal,C,normal,2009-12-01,2010-12-09,54,0,7.04,0.00,27,28,618.56,189,11.45,11.39,1.0000,0.086,9,f,f,733.42
21531,RED RETROSPOT SUGAR JAM BOWL,fora_do_escopo,,diario,A,normal,2009-12-01,2010-12-09,248,0,1.51,0.00,12,7,6657.10,2626,26.84,124.43,1.0000,0.145,14,f,t,733.42
21532,DAIRY MAID SUGAR JAM BOWL,cliente_principal_parou,15,semanal,B,ruptura,2009-12-01,2010-10-11,74,59,4.30,13.72,27,14,1423.91,1389,19.24,31.31,0.0000,0.594,199,f,t,733.42
21533,RETRO SPOT LARGE MILK JUG,fora_do_escopo,,diario,A,normal,2009-12-01,2010-12-09,268,0,1.40,0.00,13,7,10291.35,2060,38.40,192.41,1.0000,0.025,231,f,t,733.42
21534,DAIRY MAID LARGE MILK JUG,fora_do_escopo,,semanal,A,normal,2009-12-01,2010-12-07,141,2,2.65,0.75,15,14,2968.93,583,21.06,55.62,0.4701,0.074,15,f,t,733.42
21535,RED RETROSPOT SMALL MILK JUG,fora_do_escopo,,diario,A,normal,2009-12-01,2010-12-09,272,0,1.38,0.00,17,7,10914.74,4314,40.13,204.08,1.0000,0.093,14,f,t,733.42
21536,DAIRY MAID  SMALL  MILK JUG,fora_do_escopo,,semanal,C,ruptura,2009-12-03,2010-03-30,45,254,2.66,95.52,18,14,478.94,223,10.64,28.02,0.0000,0.053,48,f,f,733.42
21537,RED RETROSPOT PUDDING BOWL,fora_do_escopo,,semanal,A,normal,2009-12-01,2010-12-08,138,1,2.72,0.37,17,14,3155.63,721,22.87,58.95,0.6919,0.038,231,f,t,733.42
21538,DAIRY MAID  PUDDING BOWL,fora_do_escopo,,mensal,B,normal,2009-12-01,2010-12-09,41,0,9.33,0.00,55,28,1928.26,1309,47.03,35.30,1.0000,0.778,199,f,t,733.42
21539,RED RETROSPOT BUTTER DISH,fora_do_escopo,,diario,A,normal,2009-12-01,2010-12-09,237,0,1.58,0.00,13,7,9094.84,1812,38.37,169.96,1.0000,0.101,6,f,t,733.42
21540,DAIRY MAID CERAMIC BUTTER DISH,cliente_principal_parou,9,semanal,B,ruptura,2009-12-01,2010-09-09,71,91,4.03,22.59,20,14,2403.45,1325,33.85,58.82,0.0000,0.571,199,f,t,733.42
21541,DINOSAURS WATER TRANSFER TATTOOS,monitorar,48,semanal,B,ruptura,2009-12-01,2010-11-15,133,24,2.64,9.08,24,14,1636.24,1907,12.30,32.57,0.0001,0.079,2,f,t,733.42
21542,WOODLAND WATER TRANSFER TATTOOS,ruptura_provavel,25,semanal,B,ruptura,2009-12-01,2010-10-10,126,60,2.50,23.96,58,14,1605.00,1882,12.74,35.61,0.0000,0.081,143,f,t,733.42
21543,BUTTERFLY WATER TRANSFER TATTOOS,fora_do_escopo,,diario,C,ruptura,2009-12-01,2009-12-21,11,353,2.00,176.50,5,7,215.00,284,19.55,68.41,0.0000,0.605,2,f,f,733.42
21544,SKULLS  WATER TRANSFER TATTOOS,fora_do_escopo,,diario,A,normal,2009-12-01,2010-12-09,201,0,1.87,0.00,12,7,3429.46,4156,17.06,64.04,1.0000,0.114,80,f,t,733.42
21545,CERAMIC BIRDHOUSE BUTTERFLY SMALL,provavel_descontinuacao,102,semanal,B,ruptura,2009-12-01,2010-07-23,68,139,3.49,39.80,16,14,1643.07,698,24.16,48.43,0.0000,0.570,0,f,t,733.42
21547,CERAMIC BIRDHOUSE CRESTED TIT SMALL,fora_do_escopo,,semanal,B,normal,2009-12-01,2010-12-09,82,0,4.60,0.00,30,14,1624.45,649,19.81,30.11,1.0000,0.454,0,f,t,733.42
21548,CERAMIC BIRDHOUSE FINCH BLUE ROOF,ruptura_provavel,24,semanal,B,ruptura,2009-12-01,2010-11-01,82,38,4.14,9.19,21,14,1802.67,691,21.98,37.21,0.0001,0.409,0,f,t,733.42
21549,CERAMIC BIRDHOUSE RED ROOF SMALL,provavel_descontinuacao,74,semanal,B,ruptura,2009-12-01,2010-04-13,38,240,3.59,66.77,21,14,1270.39,547,33.43,65.10,0.0000,0.605,0,f,t,733.42
21550,CERAMIC BIRDHOUSE CRESTED TIT LARGE,provavel_descontinuacao,76,semanal,B,ruptura,2009-12-02,2010-05-21,50,202,3.47,58.22,16,14,1601.21,301,32.02,64.61,0.0000,0.300,0,f,t,733.42
21551,CERAMIC BIRDHOUSE BUTTERFLY LARGE,provavel_descontinuacao,39,semanal,B,ruptura,2009-12-02,2010-01-29,16,314,3.87,81.21,19,14,824.95,169,51.56,93.34,0.0000,0.504,0,f,t,733.42
21552,CERAMIC BIRDHOUSE BLACK ROSE  LARGE,provavel_descontinuacao,133,mensal,B,ruptura,2009-12-02,2010-06-03,24,189,7.96,23.75,118,28,843.55,166,35.15,30.92,0.0000,0.356,0,f,t,733.42
21553,CERAMIC BIRDHOUSE FINCH BLUE  LARGE,fora_do_escopo,,semanal,C,ruptura,2009-12-01,2010-04-06,26,247,5.04,49.01,49,14,593.17,92,22.81,31.69,0.0000,0.182,0,f,f,733.42
21554,CERAMIC BIRDHOUSE RED ROOF LARGE,provavel_descontinuacao,35,semanal,B,ruptura,2009-12-01,2010-01-21,16,322,3.40,94.71,18,14,773.70,168,48.36,99.56,0.0000,0.620,0,f,t,733.42
21555,CERAMIC STRAWBERRY TRINKET TRAY,fora_do_escopo,,semanal,B,normal,2009-12-02,2010-12-05,56,4,6.69,0.60,34,14,796.20,294,14.22,14.87,0.5500,0.203,3,f,t,733.42
21556,CERAMIC STRAWBERRY MONEY BOX,fora_do_escopo,,semanal,B,normal,2009-12-01,2010-12-09,122,0,3.08,0.00,77,14,1795.03,651,14.71,33.41,1.0000,0.030,23,f,t,733.42
21557,SET OF 6 FUNKY BEAKERS,fora_do_escopo,,semanal,B,normal,2009-12-01,2010-12-09,114,0,3.30,0.00,14,14,1416.28,405,12.42,26.35,1.0000,0.100,3,f,t,733.42
21558,SKULL LUNCH BOX WITH CUTLERY,fora_do_escopo,,semanal,A,normal,2009-12-01,2010-12-09,154,0,2.44,0.00,77,14,5420.45,2123,35.20,101.06,1.0000,0.132,9,f,t,733.42
21559,STRAWBERRY LUNCH BOX WITH CUTLERY,fora_do_escopo,,diario,A,normal,2009-12-01,2010-12-09,257,0,1.46,0.00,13,7,10935.79,4403,42.55,204.43,1.0000,0.196,9,f,t,733.42
21560,TOADSTOOL  LUNCHBOX WITH CUTLERY,fora_do_escopo,,ocasional,C,ruptura,2009-12-01,2009-12-22,2,352,21.00,16.76,21,,15.44,4,7.72,2.57,0.0000,,,f,f,733.42
21561,DINOSAUR LUNCH BOX WITH CUTLERY,fora_do_escopo,,diario,A,normal,2009-12-01,2010-12-09,193,0,1.94,0.00,13,7,4227.49,1707,21.90,78.93,1.0000,0.149,9,f,t,733.42
21562,HAWAIIAN GRASS SKIRT,fora_do_escopo,,mensal,C,atraso,2010-01-07,2010-11-29,42,10,7.95,1.26,52,28,589.92,354,14.05,12.37,0.2843,0.144,6,f,f,733.42
21563,RED HEART SHAPE LOVE BUCKET,fora_do_escopo,,semanal,A,normal,2009-12-02,2010-12-08,159,1,2.35,0.43,15,14,4128.66,1407,25.97,77.41,0.6532,0.074,28,f,t,733.42
21564,PINK  HEART SHAPE LOVE BUCKET,fora_do_escopo,,semanal,A,normal,2009-12-03,2010-12-09,141,0,2.65,0.00,15,14,2748.95,926,19.50,51.50,1.0000,0.111,9,f,t,733.42
21576,LETS GO SHOPPING COTTON TOTE BAG,fora_do_escopo,,semanal,B,normal,2009-12-01,2010-12-06,94,3,3.98,0.75,26,14,1128.41,491,12.00,21.12,0.4705,0.096,9,f,t,733.42
21577,SAVE THE PLANET COTTON TOTE BAG,fora_do_escopo,,semanal,A,normal,2009-12-01,2010-12-09,179,0,2.10,0.00,13,14,4162.97,1873,23.26,77.69,1.0000,0.252,211,f,t,733.42
21578,WOODLAND DESIGN  COTTON TOTE BAG,fora_do_escopo,,semanal,A,normal,2009-12-01,2010-12-08,164,1,2.28,0.44,13,14,3443.91,1475,21.00,64.41,0.6452,0.102,9,f,t,733.42
21579,LOLITA  DESIGN  COTTON TOTE BAG,fora_do_escopo,,semanal,B,normal,2009-12-01,2010-12-07,69,2,5.46,0.37,22,14,1183.19,866,17.15,22.00,0.6931,0.172,10,f,t,733.42
21580,RABBIT  DESIGN  COTTON TOTE BAG,fora_do_escopo,,semanal,B,normal,2009-12-01,2010-12-06,83,3,4.51,0.66,27,14,905.81,370,10.91,16.93,0.5143,0.070,10,f,t,733.42
21581,SKULLS  DESIGN  COTTON TOTE BAG,fora_do_escopo,,semanal,B,normal,2009-12-01,2010-12-09,88,0,4.29,0.00,17,14,1344.50,936,15.28,24.95,1.0000,0.126,8,f,t,733.42
21582,KINGS CHOICE SMALL TUBE MATCHES,fora_do_escopo,,mensal,C,ruptura,2009-12-01,2010-02-21,10,291,9.11,31.94,72,28,193.05,117,19.31,14.83,0.0000,0.171,77,f,f,733.42
21584,RETROSPOT SMALL TUBE MATCHES,fora_do_escopo,,semanal,A,normal,2009-12-01,2010-12-09,139,0,2.70,0.00,16,14,4491.70,2810,32.31,83.69,1.0000,0.162,6,f,t,733.42
21586,KINGS CHOICE GIANT TUBE MATCHES,fora_do_escopo,,semanal,A,normal,2009-12-01,2010-12-08,120,1,3.13,0.32,36,14,4481.85,1921,37.35,83.63,0.7262,0.209,9,f,t,733.42
21587,COSY HOUR GIANT TUBE MATCHES,fora_do_escopo,,semanal,A,normal,2009-12-01,2010-12-09,106,0,3.55,0.00,31,14,5027.70,2014,47.43,93.46,1.0000,0.067,0,f,t,733.42
21588,RETROSPOT GIANT TUBE MATCHES,fora_do_escopo,,semanal,A,normal,2009-12-01,2010-12-09,118,0,3.19,0.00,20,14,4418.25,1901,37.44,82.21,1.0000,0.202,9,f,t,733.42
21589,SWALLOW GIANT TUBE MATCHES,provavel_descontinuacao,42,semanal,A,ruptura,2009-12-01,2010-06-17,64,175,3.14,55.68,14,14,2583.45,1119,40.37,89.91,0.0000,0.226,6,f,t,733.42
21590,KINGS CHOICE CIGAR BOX MATCHES,ruptura_provavel,13,semanal,A,ruptura,2009-12-01,2010-11-10,169,29,2.05,14.16,15,14,4151.28,3456,24.56,83.97,0.0000,0.074,10,f,t,733.42
21591,COSY HOUR CIGAR BOX MATCHES,fora_do_escopo,,semanal,A,normal,2009-12-01,2010-12-09,112,0,3.36,0.00,27,14,4184.44,2746,37.36,77.83,1.0000,0.023,0,f,t,733.42
21592,RETROSPOT CIGAR BOX MATCHES,fora_do_escopo,,semanal,A,normal,2009-12-01,2010-12-09,160,0,2.35,0.00,21,14,4530.89,3829,28.32,84.50,1.0000,0.168,6,f,t,733.42
21593,SWALLOW CIGAR BOX MATCHES,provavel_descontinuacao,75,semanal,B,ruptura,2009-12-01,2010-05-23,66,200,2.66,75.14,17,14,1630.56,1392,24.71,64.98,0.0000,0.374,6,f,t,733.42
21594,Dr. Jam's Arouzer Stress Ball,fora_do_escopo,,ocasional,C,normal,2009-12-09,2010-12-01,4,8,119.00,0.07,166,,16.93,4,4.23,0.25,0.9350,,,f,f,733.42
21595,Dad's Cab Electronic Meter,fora_do_escopo,,ocasional,C,normal,2009-12-02,2010-12-07,9,2,46.25,0.04,178,,76.95,9,8.55,1.29,0.9577,,,f,f,733.42
21596,Hypochondriac Pill Stress Ball,fora_do_escopo,,ocasional,C,normal,2009-12-01,2010-11-04,6,35,67.60,0.52,174,,42.64,10,7.11,0.74,0.5959,,,f,f,733.42
21609,SET 12 LAVENDER  BOTANICAL T-LIGHTS,fora_do_escopo,,semanal,B,normal,2009-12-02,2010-12-09,119,0,3.15,0.00,18,14,2149.76,752,18.07,40.11,1.0000,0.114,211,f,t,733.42
21610,SET 12 PEAR BOTANICAL T-LIGHTS,ruptura_provavel,28,semanal,B,ruptura,2009-12-02,2010-11-18,78,21,4.56,4.61,18,14,1564.32,549,20.06,30.80,0.0100,0.078,1,f,t,733.42
21611,SET OF 12 LILY BOTANICAL T-LIGHTS,ruptura_provavel,20,semanal,B,ruptura,2009-12-01,2010-10-27,111,43,3.00,14.33,18,14,2193.99,754,19.77,46.12,0.0000,0.112,211,f,t,733.42
21612,SET 12 WILDFLOWER BOTANICAL T-LIGHT,provavel_descontinuacao,105,semanal,B,ruptura,2009-12-01,2010-09-29,88,71,3.47,20.45,47,14,2025.77,698,23.02,46.42,0.0000,0.181,14,f,t,733.42
21613,S/12 VANILLA  BOTANICAL T-LIGHTS,fora_do_escopo,,semanal,B,atraso,2009-12-02,2010-12-05,95,4,3.91,1.02,20,14,1211.32,409,12.75,22.80,0.3600,0.058,55,f,t,733.42
21614,SET OF 12 ROSE BOTANICAL T-LIGHTS,monitorar,19,semanal,A,ruptura,2009-12-02,2010-11-29,137,10,2.66,3.76,18,14,4387.83,1577,32.03,84.23,0.0234,0.120,6,f,t,733.42
21615,4 LAVENDER BOTANICAL DINNER CANDLES,fora_do_escopo,,mensal,B,normal,2009-12-01,2010-12-09,34,0,11.30,0.00,52,28,1028.25,295,30.24,18.73,1.0000,0.152,231,f,t,733.42
21616,4 PEAR BOTANICAL DINNER CANDLES,fora_do_escopo,,mensal,B,normal,2009-12-08,2010-12-09,53,0,7.04,0.00,30,28,1215.24,342,22.93,22.80,1.0000,0.128,78,f,t,733.42
21617,4 LILY  BOTANICAL DINNER CANDLES,fora_do_escopo,,semanal,B,normal,2009-12-02,2010-12-07,63,2,5.97,0.34,56,14,1189.50,326,18.88,22.15,0.7152,0.225,9,f,t,733.42
21618,4 WILDFLOWER BOTANICAL CANDLES,fora_do_escopo,,mensal,B,normal,2009-12-01,2010-12-06,47,3,8.04,0.37,28,28,1074.24,298,22.86,19.89,0.6887,0.145,137,f,t,733.42
21619,4 VANILLA BOTANICAL CANDLES,fora_do_escopo,,mensal,C,normal,2009-12-01,2010-12-03,47,6,7.98,0.75,41,28,611.49,161,13.01,11.42,0.4714,0.074,63,f,f,733.42
21620,SET OF 4 ROSE BOTANICAL CANDLES,fora_do_escopo,,mensal,B,atraso,2009-12-03,2010-12-01,52,8,7.12,1.12,28,28,784.74,208,15.09,14.84,0.3250,0.115,241,f,t,733.42
21621,VINTAGE UNION JACK BUNTING,fora_do_escopo,,diario,A,normal,2009-12-01,2010-12-09,274,0,1.37,0.00,14,7,36125.71,4156,131.85,675.49,1.0000,0.100,2,f,t,733.42
21622,VINTAGE UNION JACK CUSHION COVER,fora_do_escopo,,diario,A,normal,2009-12-01,2010-12-09,229,0,1.64,0.00,13,7,18152.30,3359,79.27,339.17,1.0000,0.246,2,f,t,733.42
21623,VINTAGE UNION JACK MEMOBOARD,fora_do_escopo,,diario,A,normal,2010-02-28,2010-12-09,163,0,1.75,0.00,12,7,29112.64,3928,178.61,713.16,1.0000,0.563,0,f,t,733.42
21624,VINTAGE UNION JACK DOORSTOP,fora_do_escopo,,diario,A,normal,2009-12-01,2010-12-09,192,0,1.95,0.00,14,7,9398.84,1570,48.95,175.47,1.0000,0.411,2,f,t,733.42
21625,VINTAGE UNION JACK APRON,fora_do_escopo,,semanal,A,normal,2009-12-01,2010-12-09,128,0,2.94,0.00,13,14,4330.11,605,33.83,80.63,1.0000,0.137,1,f,t,733.42
21626,VINTAGE UNION JACK PENNANT,fora_do_escopo,,semanal,B,normal,2009-12-01,2010-12-07,83,2,4.52,0.44,31,14,1474.15,720,17.76,27.48,0.6427,0.032,56,f,t,733.42
21627,ELEPHANT CARNIVAL POUFFE,fora_do_escopo,,semanal,A,normal,2009-12-04,2010-12-09,65,0,5.78,0.00,29,14,2585.90,138,39.78,48.17,1.0000,0.118,41,f,t,733.42
21628,TRIANGULAR POUFFE VINTAGE,fora_do_escopo,,mensal,B,normal,2009-12-02,2010-12-09,50,0,7.59,0.00,34,28,2053.53,103,41.07,37.87,1.0000,0.149,41,f,t,733.42
21629,SQUARE FLOOR CUSHION VINTAGE RED,fora_do_escopo,,semanal,B,normal,2009-12-03,2010-12-09,58,0,6.51,0.00,26,14,1305.22,108,22.50,24.20,1.0000,0.049,0,f,t,733.42
21630,FLOOR CUSHION ELEPHANT CARNIVAL,fora_do_escopo,,semanal,B,normal,2009-12-03,2010-12-09,60,0,6.29,0.00,34,14,1319.46,98,21.99,24.48,1.0000,0.095,0,f,t,733.42
21631,HIPPY CHIC DECORATIVE PARASOL,fora_do_escopo,,mensal,C,atraso,2009-12-09,2010-11-21,27,18,13.35,1.35,47,28,675.74,52,25.03,13.13,0.2596,0.132,197,f,f,733.42
21632,VINTAGE PINK DECORATIVE PARASOL,fora_do_escopo,,mensal,C,normal,2009-12-02,2010-12-06,28,3,13.67,0.22,96,28,624.72,46,22.31,11.43,0.8029,0.102,212,f,f,733.42
21633,SUNFLOWER DECORATIVE PARASOL,monitorar,100,mensal,B,indicio,2009-12-04,2010-11-09,29,30,12.14,2.47,59,28,780.40,51,26.91,15.51,0.0845,0.098,197,f,t,733.42
21634,ASSORTED MINI MADRAS NOTEBOOK,fora_do_escopo,,mensal,B,normal,2009-12-03,2010-12-07,41,2,9.23,0.22,40,28,1030.81,797,25.14,19.08,0.8051,0.175,137,f,t,733.42
21635,MADRAS NOTEBOOK LARGE,fora_do_escopo,,mensal,C,normal,2009-12-04,2010-12-05,26,4,14.64,0.27,57,28,499.03,132,19.19,9.18,0.7609,0.180,17,f,f,733.42
21636,MADRAS NOTEBOOK MEDIUM,fora_do_escopo,,mensal,C,atraso,2009-12-04,2010-11-11,25,28,14.25,1.96,41,28,311.18,113,12.45,6.11,0.1402,0.197,17,f,f,733.42
21637,ASSORTED SANSKRIT MINI NOTEBOOK,monitorar,59,semanal,B,indicio,2009-12-01,2010-11-24,69,15,5.26,2.85,22,14,1605.47,1249,23.27,30.94,0.0579,0.218,35,f,t,733.42
21638,ASSORTED TUTTI FRUTTI NOTEBOOK,fora_do_escopo,,semanal,B,normal,2009-12-01,2010-12-07,88,2,4.26,0.47,24,14,1742.55,799,19.80,32.50,0.6256,0.101,10,f,t,733.42
21639,ASSORTED TUTTI FRUTTI KEYRING,fora_do_escopo,,mensal,C,ruptura,2009-12-01,2010-03-03,8,281,13.14,21.38,83,28,228.65,259,28.58,15.22,0.0000,0.178,18,f,f,733.42
21640,ASSORTED TUTTI FRUTTI  FOB NOTEBOOK,fora_do_escopo,,semanal,B,normal,2009-12-01,2010-12-08,100,1,3.76,0.27,27,14,1444.39,1607,14.44,26.91,0.7663,0.127,51,f,t,733.42
21641,ASSORTED TUTTI FRUTTI KEYRING BALL,fora_do_escopo,,semanal,C,normal,2009-12-02,2010-12-09,61,0,6.20,0.00,33,14,508.00,521,8.33,9.40,1.0000,0.080,231,f,f,733.42
21642,ASSORTED TUTTI FRUTTI PEN,fora_do_escopo,,semanal,B,normal,2009-12-01,2010-12-07,111,2,3.37,0.59,19,14,1757.04,1953,15.83,32.85,0.5527,0.098,29,f,t,733.42
21643,ASSORTED TUTTI FRUTTI MIRROR,fora_do_escopo,,semanal,B,normal,2009-12-01,2010-12-09,108,0,3.49,0.00,15,14,1418.50,986,13.13,26.37,1.0000,0.063,85,f,t,733.42
21644,ASSORTED TUTTI FRUTTI HEART BOX,fora_do_escopo,,semanal,B,normal,2009-12-03,2010-12-06,88,3,4.23,0.71,20,14,1216.47,891,13.82,22.88,0.4920,0.099,4,f,t,733.42
21645,ASSORTED TUTTI FRUTTI ROUND BOX,ruptura_provavel,27,semanal,B,ruptura,2009-12-02,2010-11-16,96,23,3.67,6.26,17,14,1692.15,999,17.63,33.59,0.0019,0.082,63,f,t,733.42
21647,ASSORTED TUTTI FRUTTI LARGE PURSE,fora_do_escopo,,semanal,B,normal,2009-12-01,2010-12-07,87,2,4.31,0.46,26,14,1718.68,762,19.75,32.06,0.6290,0.073,85,f,t,733.42
21648,ASSORTED TUTTI FRUTTI SMALL PURSE,fora_do_escopo,,semanal,A,normal,2009-12-01,2010-12-09,121,0,3.11,0.00,20,14,3063.92,2260,25.32,57.02,1.0000,0.088,11,f,t,733.42
21649,ASSORTED TUTTI FRUTTI PHOTO FRAME,cliente_principal_parou,1,semanal,B,ruptura,2009-12-01,2010-01-08,16,335,2.53,132.24,17,14,1162.89,421,72.68,200.83,0.0000,0.535,321,f,t,733.42
21650,ASSORTED TUTTI FRUTTI BRACELET,fora_do_escopo,,semanal,C,normal,2009-12-01,2010-12-08,58,1,6.53,0.15,26,14,510.67,712,8.80,9.44,0.8579,0.084,11,f,f,733.42
21651,HANGING GLASS ETCHED TEALIGHT,fora_do_escopo,,semanal,B,normal,2009-12-03,2010-12-09,96,0,3.91,0.00,27,14,2119.06,1303,22.07,39.57,1.0000,0.148,44,f,t,733.42
21652,GLASS ETCHED T-LIGHT HOLDER MEDIUM,provavel_descontinuacao,96,semanal,B,ruptura,2009-12-06,2010-08-05,66,126,3.72,33.84,29,14,1761.59,903,26.69,50.18,0.0000,0.047,0,f,t,733.42
21653,GLASS ETCHED T-LIGHT HOLDER LARGE,monitorar,24,semanal,B,ruptura,2010-01-13,2010-11-22,93,17,3.40,5.00,21,14,2576.17,1251,27.70,56.99,0.0068,0.259,6,f,t,733.42
21654,RIDGED GLASS FINGER BOWL,fora_do_escopo,,mensal,C,normal,2009-12-03,2010-12-01,23,8,16.50,0.48,66,28,324.23,215,14.10,5.98,0.6158,0.331,232,f,f,733.42
21655,HANGING RIDGE GLASS T-LIGHT HOLDER,provavel_descontinuacao,64,semanal,B,ruptura,2009-12-02,2010-07-05,66,157,3.31,47.47,40,14,2226.80,1366,33.74,71.40,0.0000,0.117,6,f,t,733.42
21656,RIDGED GLASS POSY VASE,fora_do_escopo,,semanal,B,normal,2009-12-03,2010-12-07,81,2,4.61,0.43,21,14,1192.10,776,14.72,22.34,0.6482,0.090,44,f,t,733.42
21657,MILK BOTTLE WITH GLASS STOPPER,fora_do_escopo,,semanal,B,normal,2009-12-03,2010-12-08,91,1,4.11,0.24,17,14,1855.65,242,20.39,34.72,0.7841,0.038,0,f,t,733.42
21658,GLASS  BEURRE DISH,fora_do_escopo,,semanal,A,normal,2009-12-01,2010-12-09,183,0,2.05,0.00,27,14,5736.52,1382,31.35,107.07,1.0000,0.067,1,f,t,733.42
21659,GLASS CAKE STAND,monitorar,35,semanal,B,ruptura,2009-12-02,2010-11-07,56,32,6.18,5.18,61,14,1906.65,121,34.05,38.55,0.0056,0.080,52,f,t,733.42
21661,VINTAGE GLASS TEA CADDY,monitorar,62,semanal,B,ruptura,2009-12-04,2010-11-23,77,16,4.66,3.44,21,14,1499.41,237,19.47,29.26,0.0322,0.131,55,f,t,733.42
21662,VINTAGE GLASS COFFEE CADDY,fora_do_escopo,,semanal,B,normal,2009-12-04,2010-12-07,68,2,5.49,0.36,31,14,1225.26,188,18.02,22.96,0.6948,0.107,55,f,t,733.42
21663,VINTAGE GLASS SUGAR CADDY,fora_do_escopo,,semanal,C,ruptura,2009-12-02,2010-04-13,27,240,5.08,47.27,19,14,488.16,76,18.08,24.93,0.0000,0.134,55,f,f,733.42
21664,RIDGED GLASS STORAGE JAR CREAM LID,fora_do_escopo,,mensal,C,normal,2009-12-03,2010-12-05,48,4,7.81,0.51,28,28,714.60,169,14.89,13.35,0.5991,0.114,52,f,f,733.42
21665,TRIANGULAR RIDGED GLASS POSY HOLDER,fora_do_escopo,,semanal,C,ruptura,2009-12-02,2010-05-26,54,197,3.30,59.66,23,14,638.80,879,11.83,25.08,0.0000,0.086,232,f,f,733.42
21666,RIDGED GLASS T-LIGHT HOLDER,fora_do_escopo,,mensal,B,normal,2009-12-02,2010-12-07,37,2,10.28,0.19,34,28,827.20,1355,22.36,15.23,0.8232,0.399,284,f,t,733.42
21667,GLASS CAKE COVER AND PLATE,ruptura_provavel,7,semanal,A,ruptura,2009-12-03,2010-11-09,118,30,2.91,10.29,14,14,6096.35,352,51.66,124.08,0.0000,0.044,35,f,t,733.42
21668,RED STRIPE CERAMIC DRAWER KNOB,fora_do_escopo,,diario,A,normal,2009-12-01,2010-12-08,198,1,1.89,0.53,38,7,6525.63,4936,32.96,122.17,0.5889,0.128,9,f,t,733.42
21669,BLUE STRIPE CERAMIC DRAWER KNOB,fora_do_escopo,,semanal,A,normal,2009-12-01,2010-12-09,182,0,2.06,0.00,86,14,6956.17,5478,38.22,129.83,1.0000,0.088,9,f,t,733.42
21670,BLUE SPOT CERAMIC DRAWER KNOB,fora_do_escopo,,diario,A,normal,2009-12-01,2010-12-09,217,0,1.73,0.00,24,7,6146.05,4627,28.32,114.81,1.0000,0.100,9,f,t,733.42
21671,RED SPOT CERAMIC DRAWER KNOB,fora_do_escopo,,semanal,A,normal,2009-12-01,2010-12-09,181,0,2.07,0.00,97,14,6395.84,5169,35.34,119.37,1.0000,0.127,9,f,t,733.42
21672,WHITE SPOT RED CERAMIC DRAWER KNOB,fora_do_escopo,,diario,A,normal,2009-12-01,2010-12-09,210,0,1.78,0.00,28,7,7713.91,6188,36.73,144.08,1.0000,0.198,9,f,t,733.42
21673,WHITE SPOT BLUE CERAMIC DRAWER KNOB,fora_do_escopo,,diario,A,normal,2009-12-01,2010-12-09,220,0,1.70,0.00,20,7,7496.31,5881,34.07,140.04,1.0000,0.122,9,f,t,733.42
21674,RIDGED GLASS PENDANT LAMPSHADE,fora_do_escopo,,mensal,C,ruptura,2009-12-07,2010-03-10,9,274,11.63,23.57,35,28,697.80,44,77.53,46.69,0.0000,0.257,3,f,f,733.42
21675,BUTTERFLIES STICKERS,fora_do_escopo,,semanal,B,normal,2009-12-02,2010-12-08,123,1,3.04,0.33,14,14,1047.48,1195,8.52,19.60,0.7198,0.029,6,f,t,733.42
21676,FLOWERS  STICKERS,fora_do_escopo,,semanal,C,normal,2009-12-02,2010-12-08,83,1,4.52,0.22,15,14,664.51,955,8.01,12.39,0.8017,0.069,8,f,f,733.42
21677,HEARTS  STICKERS,fora_do_escopo,,semanal,B,normal,2009-12-01,2010-12-09,123,0,3.06,0.00,21,14,1171.37,1341,9.52,21.80,1.0000,0.044,55,f,t,733.42
21678,PAISLEY PATTERN  STICKERS,fora_do_escopo,,mensal,C,normal,2009-12-02,2010-12-06,48,3,7.85,0.38,21,28,320.45,457,6.68,5.95,0.6824,0.142,8,f,f,733.42
21679,SKULLS  STICKERS,fora_do_escopo,,semanal,A,normal,2009-12-01,2010-12-08,161,1,2.33,0.43,12,14,3080.57,3815,19.13,57.61,0.6504,0.404,7,f,t,733.42
21680,WOODLAND  STICKERS,fora_do_escopo,,semanal,B,normal,2009-12-01,2010-12-09,124,0,3.03,0.00,19,14,1767.84,2071,14.26,32.91,1.0000,0.117,143,f,t,733.42
21681,GIANT MEDINA STAMPED METAL BOWL,fora_do_escopo,,semanal,B,atraso,2009-12-02,2010-11-30,66,9,5.58,1.61,35,14,2234.81,233,33.86,42.44,0.1996,0.274,9,f,t,733.42
21682,LARGE MEDINA STAMPED METAL BOWL,fora_do_escopo,,semanal,B,normal,2009-12-03,2010-12-09,85,0,4.42,0.00,19,14,1935.63,397,22.77,36.09,1.0000,0.158,9,f,t,733.42
21683,MEDIUM MEDINA STAMPED METAL BOWL,fora_do_escopo,,semanal,B,normal,2009-12-02,2010-12-09,85,0,4.43,0.00,33,14,1888.43,652,22.22,35.12,1.0000,0.259,9,f,t,733.42
21684,SMALL MEDINA STAMPED METAL BOWL,fora_do_escopo,,semanal,B,normal,2009-12-01,2010-12-09,56,0,6.78,0.00,30,14,783.64,964,13.99,14.44,1.0000,0.294,9,f,t,733.42
21685,MEDINA STAMPED METAL TRAY,fora_do_escopo,,diario,C,ruptura,2009-12-01,2009-12-02,2,372,1.00,372.00,1,7,44.85,3,22.43,156.98,0.0000,0.667,302,f,f,733.42
21686,MEDINA STAMPED METAL STOOL,fora_do_escopo,,ocasional,B,normal,2009-12-11,2010-12-08,14,1,27.85,0.04,90,,1148.45,31,82.03,20.62,0.9647,0.400,21,f,t,733.42
21687,SILVER PLATE CANDLE BOWL LARGE,provavel_descontinuacao,108,semanal,B,ruptura,2009-12-01,2010-09-14,77,86,3.78,22.77,19,14,1886.23,481,24.50,45.41,0.0000,0.264,35,f,t,733.42
21688,SILVER PLATE CANDLE BOWL SMALL,fora_do_escopo,,semanal,B,normal,2009-12-01,2010-12-08,81,1,4.65,0.22,32,14,1909.58,619,23.58,35.49,0.8065,0.085,41,f,t,733.42
21689,SILVER VANILLA  FLOWER CANDLE POT,fora_do_escopo,,mensal,B,normal,2009-12-07,2010-12-07,32,2,11.77,0.17,62,28,905.75,249,28.30,16.83,0.8438,0.359,35,f,t,733.42
21690,SILVER  CANDLEPOT JARDIN,fora_do_escopo,,semanal,B,normal,2009-12-03,2010-12-09,63,0,5.98,0.00,31,14,1002.09,261,15.91,18.61,1.0000,0.090,267,f,t,733.42
21691,SILVER VANILLA FLOWER CANDLE POT,ruptura_provavel,33,semanal,B,ruptura,2009-12-01,2010-10-29,58,41,5.82,7.04,35,14,979.74,254,16.89,20.30,0.0009,0.092,41,f,t,733.42
21692,SILVER LATTICE VANILLA CANDLE POT,fora_do_escopo,,semanal,B,normal,2009-12-01,2010-12-09,88,0,4.29,0.00,21,14,1906.62,502,21.67,35.37,1.0000,0.085,16,f,t,733.42
21693,SMALL HAMMERED SILVER CANDLEPOT,fora_do_escopo,,semanal,B,normal,2009-12-03,2010-12-09,67,0,5.62,0.00,31,14,1744.29,576,26.03,32.42,1.0000,0.091,7,f,t,733.42
21694,SMALL REGAL  SILVER CANDLEPOT,fora_do_escopo,,mensal,B,normal,2009-12-01,2010-12-09,44,0,8.67,0.00,49,28,823.63,273,18.72,15.11,1.0000,0.129,7,f,t,733.42
21695,SMALL SILVER FLOWER CANDLE POT,fora_do_escopo,,mensal,B,normal,2009-12-02,2010-12-05,53,4,7.08,0.57,29,28,1147.60,364,21.65,21.42,0.5682,0.116,41,f,t,733.42
21696,SMALL SILVER TRELLIS CANDLEPOT,fora_do_escopo,,semanal,B,normal,2009-12-03,2010-12-09,67,0,5.62,0.00,39,14,1708.55,568,25.50,31.76,1.0000,0.047,41,f,t,733.42
21697,SET 5 MINI DOUGHNUT FRIDGE MAGNET,fora_do_escopo,,mensal,C,ruptura,2009-12-07,2010-02-15,6,297,14.00,21.21,32,28,295.08,372,49.18,24.59,0.0000,0.275,10,f,f,733.42
21698,MOCK LOBSTER FRIDGE MAGNET,fora_do_escopo,,semanal,C,normal,2009-12-08,2010-12-09,64,0,5.81,0.00,26,14,247.35,243,3.86,4.66,1.0000,0.105,10,f,f,733.42
21699,SET 5 MINI CHOCOLATE FRIDGE MAGNETS,fora_do_escopo,,ocasional,C,ruptura,2009-12-15,2010-02-15,3,297,31.00,9.58,32,,82.44,108,27.48,6.21,0.0001,0.508,267,f,f,733.42
21700,BIG DOUGHNUT FRIDGE MAGNETS,fora_do_escopo,,diario,A,normal,2009-12-01,2010-12-09,195,0,1.92,0.00,17,7,4884.52,4744,25.05,91.20,1.0000,0.102,9,f,t,733.42
21702,SET 5 MINI GATEAUX  FRIDGE MAGNETS,fora_do_escopo,,mensal,B,ruptura,2009-12-15,2010-02-15,6,297,12.40,23.95,25,28,918.68,2636,153.11,86.43,0.0000,0.853,267,f,t,733.42
21703,BAG 125g SWIRLY MARBLES,fora_do_escopo,,semanal,B,normal,2009-12-02,2010-12-09,174,0,2.15,0.00,20,14,2213.42,5407,12.72,41.41,1.0000,0.091,31,f,t,733.42
21704,BAG 250g SWIRLY MARBLES,fora_do_escopo,,diario,A,normal,2009-12-01,2010-12-09,190,0,1.97,0.00,17,7,9308.32,12160,48.99,173.77,1.0000,0.490,7,f,t,733.42
21705,BAG 500g SWIRLY MARBLES,fora_do_escopo,,semanal,B,normal,2009-12-01,2010-12-09,60,0,6.32,0.00,235,14,1748.49,1104,29.14,32.27,1.0000,0.279,1,f,t,733.42
21706,FOLDING UMBRELLA RED/WHITE POLKADOT,fora_do_escopo,,semanal,A,normal,2009-12-01,2010-12-08,110,1,3.41,0.29,17,14,3489.95,1013,31.73,65.07,0.7460,0.148,282,f,t,733.42
21707,FOLDING UMBRELLA BLACKBLUE POLKADOT,monitorar,21,semanal,A,indicio,2009-12-01,2010-11-29,77,10,4.78,2.09,27,14,3446.04,850,44.75,65.59,0.1232,0.370,289,f,t,733.42
21708,FOLDING UMBRELLA CREAM POLKADOT,fora_do_escopo,,semanal,B,atraso,2009-12-01,2010-12-01,56,8,6.64,1.21,25,14,1483.27,423,26.49,27.94,0.2995,0.126,10,f,t,733.42
21709,FOLDING UMBRELLA CHOCOLATE POLKADOT,fora_do_escopo,,semanal,B,normal,2009-12-02,2010-12-07,54,2,6.98,0.29,27,14,2289.29,567,42.39,42.51,0.7509,0.557,289,f,t,733.42
21710,FOLDING UMBRELLA PINKWHITE POLKADOT,fora_do_escopo,,semanal,B,normal,2009-12-01,2010-12-03,57,6,6.55,0.92,23,14,1768.22,624,31.02,33.13,0.4003,0.185,282,f,t,733.42
21711,FOLDING UMBRELLA WHITE/RED POLKADOT,fora_do_escopo,,mensal,B,normal,2009-12-01,2010-12-03,30,6,12.66,0.47,56,28,1062.71,281,35.42,19.59,0.6224,0.242,0,f,t,733.42
21713,CITRONELLA CANDLE FLOWERPOT,fora_do_escopo,,semanal,A,normal,2009-12-08,2010-12-08,141,1,2.61,0.38,28,14,3418.02,1988,24.24,65.09,0.6814,0.064,6,f,t,733.42
21714,CITRONELLA CANDLE GARDEN POT,fora_do_escopo,,semanal,A,normal,2009-12-07,2010-12-07,146,2,2.52,0.79,19,14,3218.01,2667,22.04,61.29,0.4518,0.087,8,f,t,733.42
21715,GIRLS VINTAGE TIN SEASIDE BUCKET,fora_do_escopo,,semanal,A,atraso,2009-12-13,2010-12-06,157,3,2.29,1.31,19,14,5510.63,2234,35.10,107.06,0.2706,0.096,6,f,t,733.42
21716,BOYS VINTAGE TIN SEASIDE BUCKET,fora_do_escopo,,semanal,A,normal,2009-12-13,2010-12-07,159,2,2.27,0.88,18,14,5618.02,2309,35.33,108.85,0.4147,0.117,0,f,t,733.42
21717,EASTER TIN BUCKET,fora_do_escopo,,semanal,A,normal,2009-12-02,2010-12-08,83,1,4.52,0.22,61,14,3115.61,1154,37.54,58.08,0.8017,0.043,28,t,t,733.42
21718,RED METAL BEACH SPADE,fora_do_escopo,,semanal,A,normal,2009-12-14,2010-12-08,146,1,2.48,0.40,20,14,3159.43,2553,21.64,61.18,0.6677,0.147,6,f,t,733.42
21719,LOVELY BONBON STICKER SHEET,fora_do_escopo,,semanal,C,normal,2009-12-01,2010-12-07,72,2,5.23,0.38,32,14,537.92,597,7.47,10.01,0.6820,0.076,2,f,f,733.42
21720,CAKE SHOP  STICKER SHEET,fora_do_escopo,,semanal,B,normal,2009-12-04,2010-12-06,87,3,4.27,0.70,32,14,893.26,1025,10.27,16.84,0.4951,0.081,211,f,t,733.42
21721,CANDY SHOP  STICKER SHEET,fora_do_escopo,,semanal,B,normal,2009-12-01,2010-12-09,96,0,3.93,0.00,26,14,863.26,945,8.99,16.03,1.0000,0.083,6,f,t,733.42
21722,SWEET PUDDING STICKER SHEET,fora_do_escopo,,mensal,C,normal,2009-12-01,2010-12-08,41,1,9.30,0.11,54,28,248.25,265,6.05,4.56,0.8981,0.288,10,f,f,733.42
21723,ALPHABET HEARTS STICKER SHEET,fora_do_escopo,,semanal,C,normal,2009-12-02,2010-12-08,72,1,5.23,0.19,28,14,446.13,498,6.20,8.30,0.8258,0.095,0,f,f,733.42
21724,PANDA AND BUNNIES STICKER SHEET,fora_do_escopo,,semanal,C,normal,2009-12-01,2010-12-08,82,1,4.59,0.22,32,14,570.64,630,6.96,10.61,0.8043,0.161,6,f,f,733.42
21725,SWEETIES  STICKERS,fora_do_escopo,,semanal,B,normal,2009-12-01,2010-12-09,98,0,3.85,0.00,17,14,786.88,858,8.03,14.62,1.0000,0.091,10,f,t,733.42
21726,MULTI HEARTS  STICKERS,fora_do_escopo,,semanal,B,normal,2009-12-01,2010-12-08,96,1,3.92,0.26,20,14,759.37,877,7.91,14.14,0.7746,0.106,1,f,t,733.42
21728,METAL MEDINA LANTERN,provavel_descontinuacao,46,semanal,A,ruptura,2009-12-03,2010-07-23,36,139,6.63,20.97,24,14,2798.61,300,77.74,82.10,0.0000,0.635,0,f,t,733.42
21729,SMALL MARAKESH METAL  LANTERN,fora_do_escopo,,semanal,C,ruptura,2009-12-02,2010-01-18,19,325,2.61,124.47,13,14,422.90,124,22.26,59.67,0.0000,0.308,9,f,f,733.42
21730,GLASS STAR FROSTED T-LIGHT HOLDER,fora_do_escopo,,semanal,A,normal,2009-12-01,2010-12-09,105,0,3.59,0.00,113,14,3754.06,760,35.75,69.78,1.0000,0.118,7,f,t,733.42
21731,RED TOADSTOOL LED NIGHT LIGHT,fora_do_escopo,,diario,A,normal,2009-12-01,2010-12-09,261,0,1.43,0.00,14,7,25606.71,15706,98.11,478.71,1.0000,0.204,9,f,t,733.42
21732,RED HANGING METAL STAR TLIGHT HLDR,provavel_descontinuacao,61,semanal,A,ruptura,2009-12-01,2010-09-28,48,72,6.40,11.24,31,14,3244.57,933,67.60,73.88,0.0000,0.648,50,f,t,733.42
21733,RED HANGING HEART T-LIGHT HOLDER,fora_do_escopo,,diario,A,normal,2009-12-01,2010-12-09,277,0,1.35,0.00,13,7,28328.23,10117,102.27,529.71,1.0000,0.066,2,f,t,733.42
21734,SMALL MARAKESH LANTERN ON STICK,fora_do_escopo,,semanal,C,ruptura,2009-12-02,2010-03-10,27,274,3.77,72.69,22,14,533.24,98,19.75,36.68,0.0000,0.084,164,f,f,733.42
21735,TWO DOOR CURIO CABINET,fora_do_escopo,,semanal,A,normal,2009-12-01,2010-12-09,118,0,3.19,0.00,100,14,8925.70,675,75.64,166.09,1.0000,0.348,9,f,t,733.42
21736,GOLD SCROLL GLASS T-LIGHT HOLDER,fora_do_escopo,,mensal,C,normal,2009-12-04,2010-11-30,21,9,18.05,0.50,56,28,281.67,125,13.41,5.20,0.6074,0.089,9,f,f,733.42
21737,SET 3 WICKER LOG BASKETS,ruptura_provavel,1,semanal,A,ruptura,2009-12-01,2010-10-18,112,52,2.89,17.98,18,14,7402.56,400,66.09,159.99,0.0000,0.241,6,f,t,733.42
21738,COSY SLIPPER SHOES SMALL  RED,fora_do_escopo,,semanal,B,normal,2009-12-01,2010-12-08,75,1,5.03,0.20,41,14,1266.58,403,16.89,23.52,0.8196,0.072,9,f,t,733.42
21739,COSY SLIPPER SHOES SMALL GREEN,fora_do_escopo,,semanal,B,normal,2009-12-02,2010-12-08,54,1,7.00,0.14,29,14,793.02,255,14.69,14.69,0.8669,0.089,85,f,t,733.42
21740,COSY SLIPPER SHOES LARGE RED,fora_do_escopo,,mensal,C,ruptura,2009-12-01,2010-05-30,22,193,8.57,22.52,53,28,706.86,204,32.13,26.24,0.0000,0.075,23,f,f,733.42
21741,COSY SLIPPER SHOES LARGE GREEN,fora_do_escopo,,semanal,B,normal,2009-12-01,2010-12-09,107,0,3.52,0.00,20,14,1931.60,592,18.05,35.91,1.0000,0.084,1,f,t,733.42
21742,LARGE ROUND WICKER PLATTER,fora_do_escopo,,semanal,B,atraso,2009-12-01,2010-12-01,83,8,4.45,1.80,24,14,1510.27,247,18.20,28.62,0.1658,0.032,14,f,t,733.42
21743,STAR PORTABLE TABLE LIGHT,fora_do_escopo,,semanal,A,normal,2009-12-01,2010-12-09,86,0,4.39,0.00,45,14,3318.97,1147,38.59,61.56,1.0000,0.184,7,f,t,733.42
21744,SNOWFLAKE PORTABLE TABLE LIGHT,fora_do_escopo,,semanal,B,normal,2009-12-01,2010-12-09,63,0,6.02,0.00,165,14,1242.80,400,19.73,22.95,1.0000,0.043,1,t,t,733.42
21745,GAOLERS KEYS DECORATIVE GARDEN,fora_do_escopo,,semanal,A,normal,2009-12-01,2010-12-09,183,0,2.05,0.00,14,14,5853.09,1799,31.98,109.24,1.0000,0.244,0,f,t,733.42
21746,SMALL RED RETROSPOT WINDMILL,fora_do_escopo,,semanal,A,normal,2009-12-01,2010-12-08,158,1,2.37,0.42,21,14,3711.44,2895,23.49,69.40,0.6557,0.059,6,f,t,733.42
21747,SMALL SKULL WINDMILL,monitorar,43,semanal,B,indicio,2009-12-01,2010-11-28,80,11,4.58,2.40,46,14,1807.99,1565,22.60,34.52,0.0907,0.415,7,f,t,733.42
21749,LARGE RED RETROSPOT WINDMILL,fora_do_escopo,,semanal,A,normal,2009-12-09,2010-12-09,106,0,3.48,0.00,17,14,7120.73,3698,67.18,135.27,1.0000,0.611,7,f,t,733.42
21750,LARGE SKULL WINDMILL,fora_do_escopo,,mensal,C,normal,2009-12-14,2010-12-08,38,1,9.70,0.10,44,28,468.97,222,12.34,8.90,0.9021,0.189,231,f,f,733.42
21752,GLASS CAKE STAND MIRRORED BASE,provavel_descontinuacao,135,mensal,B,ruptura,2009-12-02,2010-09-09,30,91,9.69,9.39,154,28,1259.76,78,41.99,30.34,0.0001,0.121,291,f,t,733.42
21754,HOME BUILDING BLOCK WORD,fora_do_escopo,,diario,A,normal,2009-12-01,2010-12-09,299,0,1.25,0.00,12,7,31029.77,5067,103.78,580.38,1.0000,0.024,2,f,t,733.42
21755,LOVE BUILDING BLOCK WORD,fora_do_escopo,,diario,A,normal,2009-12-01,2010-12-09,295,0,1.27,0.00,13,7,23069.28,3740,78.20,431.47,1.0000,0.029,22,f,t,733.42
21756,BATH BUILDING BLOCK WORD,fora_do_escopo,,semanal,A,normal,2009-12-01,2010-12-09,150,0,2.50,0.00,151,14,5227.80,848,34.85,97.45,1.0000,0.027,11,f,t,733.42
21757,LIGHTHOUSE PRINTED METAL SIGN,fora_do_escopo,,mensal,C,atraso,2009-12-08,2010-11-21,34,18,10.55,1.71,224,28,424.60,74,12.49,8.29,0.1814,0.245,111,f,f,733.42
21758,VINTAGE SHELLS PRINT,fora_do_escopo,,mensal,C,normal,2009-12-10,2010-12-08,48,1,7.72,0.13,33,28,680.46,88,14.18,12.85,0.8786,0.095,1,f,f,733.42
21759,METAL WALL SHELF UNIT WITH HOOKS,provavel_descontinuacao,52,mensal,B,ruptura,2010-01-13,2010-04-29,11,224,10.60,21.13,30,28,1274.47,30,115.86,76.51,0.0000,0.281,0,f,t,733.42
21760,FRENCH STYLE WALL DRESSER,provavel_descontinuacao,83,mensal,B,ruptura,2010-03-01,2010-09-09,12,91,17.45,5.21,62,28,1740.00,15,145.00,58.15,0.0054,0.155,91,f,t,733.42
21761,WOOD AND GLASS MEDICINE CABINET,fora_do_escopo,,ocasional,B,normal,2009-12-01,2010-12-05,15,4,26.36,0.15,188,,1575.15,57,105.01,27.89,0.8592,0.753,172,f,t,733.42
21763,VINTAGE WOODEN BAR STOOL,provavel_descontinuacao,131,mensal,B,ruptura,2010-01-31,2010-08-25,13,106,17.17,6.17,78,28,988.15,37,76.01,30.99,0.0021,0.240,0,f,t,733.42
21764,VINTAGE WOODEN PLATE RACK,fora_do_escopo,,mensal,C,ruptura,2009-12-08,2010-03-12,9,272,11.75,23.15,26,28,659.15,17,73.24,43.63,0.0000,0.212,78,f,f,733.42
21765,HANGING METAL BIRD BATH,monitorar,22,semanal,A,ruptura,2009-12-06,2010-11-15,105,24,3.31,7.26,50,14,3155.89,381,30.06,63.61,0.0007,0.084,15,f,t,733.42
21768,WALL MOUNTED VINTAGE ORGANISER,monitorar,11,semanal,A,ruptura,2009-12-01,2010-11-15,108,24,3.26,7.36,129,14,6924.04,510,64.11,137.59,0.0006,0.330,0,f,t,733.42
21769,VINTAGE POST OFFICE CABINET,fora_do_escopo,,mensal,A,normal,2009-12-03,2010-12-07,42,2,9.00,0.22,29,28,7954.87,123,189.40,147.31,0.8007,0.425,0,f,t,733.42
21770,OPEN CLOSED METAL SIGN,monitorar,13,semanal,A,ruptura,2009-12-01,2010-11-28,114,11,3.20,3.43,104,14,6893.27,1355,60.47,132.13,0.0323,0.511,2,f,t,733.42
21773,DECORATIVE ROSE BATHROOM BOTTLE,fora_do_escopo,,semanal,B,normal,2009-12-01,2010-12-09,124,0,3.03,0.00,12,14,785.32,495,6.33,14.62,1.0000,0.038,3,f,t,733.42
21774,DECORATIVE CATS BATHROOM BOTTLE,fora_do_escopo,,semanal,B,normal,2009-12-03,2010-12-09,149,0,2.51,0.00,26,14,1048.86,653,7.04,19.66,1.0000,0.097,1,f,t,733.42
21775,DECORATIVE FLORE BATHROOM BOTTLE,fora_do_escopo,,semanal,C,normal,2009-12-02,2010-12-08,111,1,3.37,0.30,19,14,630.76,368,5.68,11.79,0.7434,0.048,65,f,f,733.42
21777,RECIPE BOX WITH METAL HEART,fora_do_escopo,,diario,A,atraso,2009-12-01,2010-12-06,201,3,1.85,1.62,30,7,9147.06,1135,45.51,172.19,0.1976,0.210,6,f,t,733.42
21779,MA CAMPAGNE MINI WOODEN CHEST,provavel_descontinuacao,15,semanal,B,ruptura,2009-12-04,2010-01-15,15,328,3.00,109.33,19,14,1097.80,301,73.19,170.77,0.0000,0.127,8,f,t,733.42
21780,MA CAMPAGNE 4 DRAWER WALL SHELF,provavel_descontinuacao,7,semanal,B,ruptura,2009-12-08,2010-01-13,14,330,2.77,119.17,17,14,1745.85,203,124.70,315.22,0.0000,0.058,31,f,t,733.42
21781,MA CAMPAGNE CUTLERY BOX,fora_do_escopo,,semanal,A,normal,2009-12-01,2010-12-09,175,0,2.14,0.00,15,14,7688.17,502,43.93,143.46,1.0000,0.149,15,f,t,733.42
21784,SHOE SHINE BOX,fora_do_escopo,,semanal,A,normal,2009-12-01,2010-12-09,106,0,3.55,0.00,26,14,3024.61,245,28.53,56.23,1.0000,0.053,0,f,t,733.42
21785,RAIN PONCHO,fora_do_escopo,,semanal,B,normal,2009-12-04,2010-12-08,79,1,4.73,0.21,24,14,1255.18,1604,15.89,23.51,0.8095,0.075,168,f,t,733.42
21786,POLKADOT RAIN HAT,fora_do_escopo,,semanal,B,normal,2009-12-01,2010-12-08,150,1,2.50,0.40,21,14,2275.34,5861,15.17,42.53,0.6700,0.177,6,f,t,733.42
21787,RAIN PONCHO RETROSPOT,fora_do_escopo,,diario,A,normal,2010-03-25,2010-12-09,140,0,1.86,0.00,6,7,4829.51,6314,34.50,129.59,1.0000,0.082,6,f,t,733.42
21788,KIDS RAIN MAC BLUE,fora_do_escopo,,semanal,B,atraso,2009-12-01,2010-12-02,98,7,3.77,1.86,18,14,1717.10,2107,17.52,32.51,0.1564,0.071,0,f,t,733.42
21789,KIDS RAIN MAC PINK,fora_do_escopo,,semanal,B,normal,2009-12-01,2010-12-07,100,2,3.75,0.53,18,14,1657.99,2022,16.58,30.97,0.5864,0.062,0,f,t,733.42
21790,VINTAGE SNAP CARDS,fora_do_escopo,,diario,A,normal,2009-12-01,2010-12-09,287,0,1.30,0.00,13,7,11579.64,13414,40.35,216.56,1.0000,0.065,3,f,t,733.42
21791,VINTAGE HEADS AND TAILS CARD GAME,fora_do_escopo,,diario,A,normal,2009-12-01,2010-12-09,256,0,1.46,0.00,13,7,13457.58,10696,52.57,251.57,1.0000,0.181,15,f,t,733.42
21792,CLASSIC FRENCH STYLE BASKET GREEN,fora_do_escopo,,semanal,B,normal,2010-01-20,2010-12-07,56,2,5.84,0.34,31,14,1053.98,154,18.82,22.57,0.7099,0.097,0,f,t,733.42
21793,CLASSIC FRENCH STYLE BASKET BROWN,fora_do_escopo,,mensal,C,normal,2010-01-20,2010-11-30,27,9,12.08,0.75,91,28,330.75,49,12.25,7.10,0.4746,0.102,4,f,f,733.42
21794,CLASSIC FRENCH STYLE BASKET NATURAL,fora_do_escopo,,semanal,B,normal,2010-01-27,2010-12-09,67,0,4.79,0.00,38,14,1372.56,194,20.49,29.95,1.0000,0.069,149,f,t,733.42
21795,SET OF 3 BLUE STRIPE BASKET,provavel_descontinuacao,33,semanal,A,ruptura,2009-12-01,2010-08-11,69,120,3.72,32.25,29,14,3734.94,441,54.13,101.84,0.0000,0.601,0,f,t,733.42
21796,SET OF 3 RED STRIPE BASKETS,provavel_descontinuacao,56,semanal,A,ruptura,2009-12-01,2010-08-11,59,120,4.36,27.51,26,14,2782.19,324,47.16,75.67,0.0000,0.565,0,f,t,733.42
21801,CHRISTMAS TREE DECORATION WITH BELL,fora_do_escopo,,semanal,B,normal,2009-12-02,2010-12-09,84,0,4.48,0.00,69,14,1103.57,2538,13.14,20.52,1.0000,0.041,0,t,t,733.42
21802,CHRISTMAS TREE HEART DECORATION,fora_do_escopo,,semanal,B,normal,2009-12-02,2010-12-09,87,0,4.33,0.00,100,14,1150.12,2613,13.22,21.39,1.0000,0.026,1,t,t,733.42
21803,CHRISTMAS TREE STAR DECORATION,fora_do_escopo,,semanal,B,normal,2009-12-02,2010-12-09,79,0,4.77,0.00,84,14,1073.66,2463,13.59,19.95,1.0000,0.042,0,t,t,733.42
21804,WHITE CHRISTMAS GARLAND STARS TREES,fora_do_escopo,,mensal,B,normal,2009-12-01,2010-12-09,54,0,7.04,0.00,215,28,1508.82,395,27.94,27.79,1.0000,0.089,14,t,t,733.42
21805,WHITE CHRISTMAS TREE DECORATION,sazonal,25,semanal,B,ruptura,2009-12-01,2010-11-21,66,18,5.46,3.30,120,14,957.63,2221,14.51,18.60,0.0370,0.054,212,t,t,733.42
21806,WHITE CHRISTMAS HEART DECORATION,sazonal,22,semanal,B,indicio,2009-12-01,2010-11-29,82,10,4.48,2.23,57,14,1183.63,2717,14.43,22.55,0.1074,0.044,137,t,t,733.42
21807,WHITE CHRISTMAS STAR DECORATION,fora_do_escopo,,semanal,B,normal,2009-12-01,2010-12-09,89,0,4.24,0.00,63,14,1322.11,2994,14.86,24.53,1.0000,0.039,137,t,t,733.42
21808,"CHRISTMAS GARLAND STARS,TREES",fora_do_escopo,,semanal,B,normal,2009-12-01,2010-12-05,60,4,6.25,0.64,181,14,2130.20,835,35.50,39.74,0.5275,0.084,0,t,t,733.42
21809,CHRISTMAS HANGING TREE WITH BELL,fora_do_escopo,,semanal,B,normal,2009-12-01,2010-12-09,68,0,5.57,0.00,104,14,1365.08,1084,20.07,25.24,1.0000,0.112,52,t,t,733.42
21810,CHRISTMAS HANGING STAR WITH BELL,fora_do_escopo,,semanal,B,normal,2009-12-02,2010-12-08,67,1,5.62,0.18,147,14,1473.97,1169,22.00,27.40,0.8370,0.104,52,t,t,733.42
21811,HANGING HEART WITH BELL,fora_do_escopo,,semanal,B,normal,2009-12-01,2010-12-08,99,1,3.80,0.26,34,14,2054.89,1607,20.76,38.28,0.7684,0.074,28,f,t,733.42
21812,GARLAND WITH HEARTS AND BELLS,fora_do_escopo,,semanal,B,normal,2009-12-01,2010-12-09,78,0,4.84,0.00,60,14,2365.35,447,30.33,43.82,1.0000,0.050,15,f,t,733.42
21813,GARLAND WITH STARS AND BELLS,fora_do_escopo,,semanal,B,normal,2009-12-01,2010-12-09,56,0,6.78,0.00,163,14,1706.93,299,30.48,31.46,1.0000,0.070,0,f,t,733.42
21814,HEART T-LIGHT HOLDER,fora_do_escopo,,semanal,B,normal,2009-12-01,2010-12-07,63,2,5.98,0.33,38,14,930.94,613,14.78,17.29,0.7159,0.112,7,f,t,733.42
21815,STAR  T-LIGHT HOLDER,fora_do_escopo,,mensal,B,normal,2009-12-01,2010-12-09,54,0,7.04,0.00,96,28,915.99,591,16.96,16.87,1.0000,0.076,0,f,t,733.42
21816,CHRISTMAS TREE T-LIGHT HOLDER,fora_do_escopo,,mensal,C,normal,2009-12-01,2010-12-01,32,8,11.77,0.68,129,28,593.84,392,18.56,11.03,0.5069,0.117,10,t,f,733.42
21817,GLITTER CHRISTMAS TREE,fora_do_escopo,,mensal,B,normal,2009-12-01,2010-12-08,54,1,7.02,0.14,240,28,733.43,860,13.58,13.55,0.8672,0.056,45,t,t,733.42
21818,GLITTER CHRISTMAS HEART,fora_do_escopo,,semanal,B,normal,2009-12-01,2010-12-08,86,1,4.38,0.23,71,14,1428.79,1694,16.61,26.57,0.7957,0.073,1,t,t,733.42
21819,GLITTER CHRISTMAS STAR,fora_do_escopo,,semanal,B,normal,2009-12-01,2010-12-08,71,1,5.31,0.19,207,14,1256.10,1465,17.69,23.30,0.8285,0.049,15,t,t,733.42
21820,GLITTER HEART GARLAND WITH BELLS,fora_do_escopo,,semanal,B,normal,2009-12-01,2010-12-08,69,1,5.47,0.18,73,14,1918.03,504,27.80,35.57,0.8329,0.118,25,f,t,733.42
21821,GLITTER STAR GARLAND WITH BELLS,fora_do_escopo,,semanal,B,normal,2009-12-01,2010-12-08,61,1,6.20,0.16,208,14,1946.76,485,31.91,36.03,0.8510,0.128,25,f,t,733.42
21822,GLITTER CHRISTMAS TREE WITH BELLS,fora_do_escopo,,mensal,B,normal,2009-12-01,2010-12-09,39,0,9.82,0.00,233,28,782.66,392,20.07,14.31,1.0000,0.149,0,t,t,733.42
21823,PAINTED METAL HEART WITH HOLLY BELL,fora_do_escopo,,semanal,B,normal,2009-12-02,2010-12-09,75,0,5.03,0.00,171,14,1625.59,1114,21.67,30.18,1.0000,0.086,4,f,t,733.42
21824,PAINTED METAL STAR WITH HOLLY BELLS,fora_do_escopo,,semanal,B,normal,2009-12-02,2010-12-06,65,3,5.77,0.52,208,14,1279.57,886,19.69,23.90,0.5943,0.094,137,f,t,733.42
21825,PAINTED METAL TREE WITH HOLLY BELLS,monitorar,79,semanal,B,ruptura,2009-12-01,2010-11-14,55,25,6.44,3.88,206,14,1058.99,737,19.25,20.91,0.0207,0.113,137,f,t,733.42
21826,EIGHT PIECE DINOSAUR SET,fora_do_escopo,,semanal,B,normal,2009-12-01,2010-12-09,147,0,2.55,0.00,17,14,2196.81,1707,14.94,40.95,1.0000,0.093,245,f,t,733.42
21827,EIGHT PIECE CREEPY CRAWLIE SET,fora_do_escopo,,semanal,B,normal,2009-12-01,2010-12-07,101,2,3.71,0.54,24,14,1071.39,837,10.61,20.01,0.5833,0.078,22,f,t,733.42
21828,EIGHT PIECE SNAKE  SET,fora_do_escopo,,semanal,B,normal,2009-12-01,2010-12-07,86,2,4.36,0.46,21,14,980.89,785,11.41,18.29,0.6324,0.207,245,f,t,733.42
21829,DINOSAUR KEYRINGS ASSORTED,fora_do_escopo,,semanal,B,normal,2009-12-01,2010-12-09,157,0,2.39,0.00,15,14,1814.50,8396,11.56,33.84,1.0000,0.043,266,f,t,733.42
21830,ASSORTED CREEPY CRAWLIES,fora_do_escopo,,semanal,B,normal,2009-12-04,2010-12-09,119,0,3.14,0.00,16,14,2253.71,5450,18.94,42.28,1.0000,0.092,30,f,t,733.42
21832,CHOCOLATE CALCULATOR,fora_do_escopo,,semanal,A,normal,2009-12-01,2010-12-09,151,0,2.49,0.00,17,14,4234.19,2479,28.04,78.94,1.0000,0.137,321,f,t,733.42
21833,CAMOUFLAGE LED TORCH,fora_do_escopo,,semanal,A,normal,2009-12-01,2010-12-09,161,0,2.33,0.00,16,14,6624.06,3837,41.14,123.54,1.0000,0.072,6,f,t,733.42
21836,GINGHAM OVEN GLOVE RED HEART,fora_do_escopo,,semanal,B,normal,2009-12-07,2010-12-09,81,0,4.59,0.00,25,14,1000.14,248,12.35,18.84,1.0000,0.052,85,f,t,733.42
21837,CROSS STITCH ALPHABET CUSHION COVER,provavel_descontinuacao,70,semanal,B,ruptura,2009-12-01,2010-05-18,64,205,2.67,76.87,16,14,1628.59,245,25.45,66.80,0.0000,0.088,70,f,t,733.42
21839,MUMMY MOUSE RED GINGHAM RIBBON,ruptura_provavel,31,semanal,B,ruptura,2009-12-01,2010-11-02,73,37,4.67,7.93,27,14,1096.49,203,15.02,22.53,0.0004,0.187,29,f,t,733.42
21841,BABY MOUSE RED GINGHAM DRESS,monitorar,61,semanal,B,indicio,2009-12-01,2010-11-30,88,9,4.18,2.15,27,14,1559.97,367,17.73,29.66,0.1164,0.087,9,f,t,733.42
21842,PINK HEART CANDY BUTTON CALCULATOR,provavel_descontinuacao,38,semanal,B,ruptura,2009-12-01,2010-03-04,27,280,3.58,78.28,25,14,1308.74,551,48.47,94.86,0.0000,0.321,321,f,t,733.42
21843,RED RETROSPOT CAKE STAND,fora_do_escopo,,diario,A,normal,2009-12-01,2010-12-09,289,0,1.30,0.00,12,7,45254.95,4277,156.59,846.35,1.0000,0.073,0,f,t,733.42
21844,RED RETROSPOT MUG,fora_do_escopo,,diario,A,normal,2009-12-01,2010-12-09,206,0,1.82,0.00,14,7,10386.03,3595,50.42,193.97,1.0000,0.151,14,f,t,733.42
21845,DAIRY MAID STRIPE MUG,fora_do_escopo,,semanal,B,normal,2009-12-09,2010-12-07,67,2,5.50,0.36,27,14,2091.21,633,31.21,39.72,0.6951,0.088,6,f,t,733.42
21846,PINK DIAMANTE PEN IN GIFT BOX,fora_do_escopo,,semanal,A,normal,2009-12-02,2010-12-09,118,0,3.18,0.00,16,14,2730.43,1225,23.14,50.94,1.0000,0.124,8,f,t,733.42
21847,GREEN  DIAMANTE PEN IN GIFT BOX,fora_do_escopo,,mensal,C,normal,2009-12-08,2010-12-06,31,3,12.10,0.25,70,28,500.69,272,16.15,9.34,0.7804,0.360,8,f,f,733.42
21849,SILVER DIAMANTE PEN IN GIFT BOX,fora_do_escopo,,semanal,B,normal,2009-12-02,2010-12-08,59,1,6.40,0.16,41,14,1053.15,485,17.85,19.53,0.8553,0.142,4,f,t,733.42
21850,BLUE  DIAMANTE PEN IN GIFT BOX,fora_do_escopo,,mensal,C,normal,2009-12-10,2010-12-08,43,1,8.64,0.12,36,28,639.07,330,14.86,12.04,0.8907,0.188,8,f,f,733.42
21851,LILAC DIAMANTE PEN IN GIFT BOX,fora_do_escopo,,semanal,B,normal,2009-12-02,2010-12-09,70,0,5.39,0.00,46,14,1094.58,504,15.64,20.30,1.0000,0.171,8,f,t,733.42
21852,EMPIRE TEDDY,fora_do_escopo,,mensal,C,ruptura,2009-12-04,2009-12-18,2,356,14.00,25.43,14,28,13.90,2,6.95,3.47,0.0000,0.500,111,f,f,733.42
21853,GUMBALL CUSTOM CARS TOP TRUMPS GAME,fora_do_escopo,,ocasional,C,ruptura,2009-12-02,2010-04-19,3,234,69.00,3.39,131,,15.40,3,5.13,0.52,0.0337,,,f,f,733.42
21857,STAR WARS TOP TRUMPS GAME,fora_do_escopo,,mensal,C,ruptura,2010-01-11,2010-01-20,2,323,9.00,35.89,9,28,10.23,2,5.12,3.98,0.0000,,,f,f,733.42
21858,HIGH SCHOOL MUSICAL 3 TOP TRUMPS,fora_do_escopo,,ocasional,C,ruptura,2009-12-10,2010-03-08,2,276,88.00,3.14,88,,10.23,2,5.12,0.41,0.0434,,,f,f,733.42
21864,UNION JACK FLAG PASSPORT COVER,fora_do_escopo,,semanal,A,normal,2009-12-01,2010-12-08,153,1,2.45,0.41,15,14,2648.29,1136,17.31,49.51,0.6646,0.153,1,f,t,733.42
21865,PINK UNION JACK  PASSPORT COVER,fora_do_escopo,,semanal,B,normal,2009-12-01,2010-12-08,144,1,2.60,0.38,19,14,1489.83,634,10.35,27.84,0.6809,0.073,39,f,t,733.42
21866,UNION JACK FLAG LUGGAGE TAG,fora_do_escopo,,semanal,B,normal,2009-12-01,2010-12-09,174,0,2.16,0.00,19,14,2407.51,1477,13.84,44.92,1.0000,0.052,23,f,t,733.42
21867,PINK UNION JACK  LUGGAGE TAG,fora_do_escopo,,semanal,B,normal,2009-12-01,2010-12-09,129,0,2.91,0.00,22,14,1125.13,829,8.72,20.95,1.0000,0.111,23,f,t,733.42
21868,POTTING SHED TEA MUG,fora_do_escopo,,diario,A,normal,2009-12-01,2010-12-09,241,0,1.55,0.00,16,7,8146.47,6776,33.80,152.25,1.0000,0.085,0,f,t,733.42
21869,POTTING SHED COFFEE MUG,provavel_descontinuacao,82,semanal,B,ruptura,2009-12-01,2010-05-23,64,200,2.75,72.83,18,14,1473.33,1267,23.02,58.68,0.0000,0.155,289,f,t,733.42
21870,I CAN ONLY PLEASE ONE PERSON MUG,fora_do_escopo,,diario,A,normal,2009-12-01,2010-12-09,227,0,1.65,0.00,13,7,6164.07,4983,27.15,115.17,1.0000,0.139,6,f,t,733.42
21871,SAVE THE PLANET MUG,fora_do_escopo,,diario,A,normal,2009-12-01,2010-12-09,201,0,1.87,0.00,44,7,7274.70,6244,36.19,135.84,1.0000,0.216,0,f,t,733.42
21872,GLAMOROUS  MUG,fora_do_escopo,,semanal,A,normal,2009-12-02,2010-12-09,132,0,2.84,0.00,16,14,3753.51,3829,28.44,70.10,1.0000,0.559,0,f,t,733.42
21873,IF YOU CAN'T STAND THE HEAT MUG,fora_do_escopo,,semanal,C,normal,2009-12-02,2010-12-08,71,1,5.30,0.19,26,14,610.32,458,8.60,11.35,0.8281,0.098,1,f,f,733.42
21874,GIN AND TONIC MUG,fora_do_escopo,,diario,A,normal,2009-12-02,2010-12-09,198,0,1.89,0.00,13,7,4301.91,3508,21.73,80.54,1.0000,0.218,6,f,t,733.42
21875,KINGS CHOICE MUG,fora_do_escopo,,semanal,A,normal,2009-12-01,2010-12-09,169,0,2.22,0.00,14,14,5524.19,4805,32.69,103.06,1.0000,0.252,0,f,t,733.42
21876,POTTERING MUG,fora_do_escopo,,semanal,A,normal,2009-12-01,2010-12-09,176,0,2.13,0.00,16,14,2638.48,1932,14.99,49.23,1.0000,0.034,99,f,t,733.42
21877,HOME SWEET HOME MUG,fora_do_escopo,,diario,A,normal,2009-12-01,2010-12-09,209,0,1.79,0.00,16,7,9183.69,8769,43.94,171.52,1.0000,0.335,0,f,t,733.42
21878,PACK OF 6 SANDCASTLE FLAGS ASSORTED,fora_do_escopo,,semanal,B,atraso,2010-03-25,2010-12-06,100,3,2.59,1.16,21,14,2422.74,3072,24.23,65.58,0.3134,0.364,7,f,t,733.42
21879,HEARTS GIFT TAPE,fora_do_escopo,,mensal,C,normal,2009-12-04,2010-12-09,52,0,7.25,0.00,37,28,287.89,401,5.54,5.34,1.0000,0.135,29,f,f,733.42
21880,RED RETROSPOT TAPE,fora_do_escopo,,semanal,C,normal,2009-12-02,2010-12-09,78,0,4.83,0.00,27,14,455.46,616,5.84,8.46,1.0000,0.069,23,f,f,733.42
21881,CUTE CATS TAPE,fora_do_escopo,,mensal,C,normal,2009-12-02,2010-12-05,38,4,9.95,0.40,42,28,180.29,243,4.74,3.34,0.6689,0.087,98,f,f,733.42
21882,SKULLS TAPE,fora_do_escopo,,mensal,C,normal,2009-12-02,2010-12-09,51,0,7.44,0.00,57,28,255.78,358,5.02,4.72,1.0000,0.104,0,f,f,733.42
21883,STARS GIFT TAPE,fora_do_escopo,,semanal,C,normal,2009-12-01,2010-12-09,79,0,4.78,0.00,28,14,518.98,761,6.57,9.62,1.0000,0.090,2,f,f,733.42
21884,CAKES AND BOWS GIFT  TAPE,fora_do_escopo,,semanal,C,normal,2009-12-02,2010-12-08,66,1,5.71,0.18,34,14,259.45,289,3.93,4.82,0.8393,0.060,13,f,f,733.42
21888,BINGO SET,fora_do_escopo,,diario,A,normal,2009-12-01,2010-12-09,210,0,1.78,0.00,15,7,7504.55,1896,35.74,140.17,1.0000,0.088,0,f,t,733.42
21889,WOODEN BOX OF DOMINOES,fora_do_escopo,,diario,A,normal,2009-12-01,2010-12-09,233,0,1.61,0.00,15,7,8774.03,6829,37.66,163.95,1.0000,0.087,3,f,t,733.42
21890,S/6 WOODEN SKITTLES IN COTTON BAG,fora_do_escopo,,semanal,A,normal,2009-12-01,2010-12-09,187,0,2.01,0.00,14,14,6969.34,2397,37.27,130.09,1.0000,0.183,34,f,t,733.42
21891,TRADITIONAL WOODEN SKIPPING ROPE,fora_do_escopo,,semanal,A,normal,2009-12-01,2010-12-09,184,0,2.04,0.00,45,14,5230.65,4137,28.43,97.63,1.0000,0.041,31,f,t,733.42
21892,TRADITIONAL WOODEN CATCH CUP GAME,fora_do_escopo,,diario,A,normal,2009-12-01,2010-12-09,201,0,1.87,0.00,21,7,6048.16,4776,30.09,112.94,1.0000,0.088,34,f,t,733.42
21893,POTTING SHED SEED TIN,fora_do_escopo,,semanal,C,ruptura,2009-12-01,2010-02-15,15,297,5.43,54.71,16,14,587.80,172,39.19,50.53,0.0000,0.572,0,f,f,733.42
21894,POTTING SHED SEED ENVELOPES,fora_do_escopo,,semanal,B,normal,2009-12-02,2010-12-09,100,0,3.76,0.00,27,14,977.89,755,9.78,18.22,1.0000,0.077,1,f,t,733.42
21895,POTTING SHED SOW 'N' GROW SET,fora_do_escopo,,semanal,B,normal,2009-12-01,2010-12-09,65,0,5.83,0.00,54,14,1718.63,555,26.44,31.76,1.0000,0.196,0,f,t,733.42
21896,POTTING SHED TWINE,fora_do_escopo,,semanal,A,normal,2009-12-01,2010-12-08,132,1,2.84,0.35,14,14,2732.22,1429,20.70,51.02,0.7032,0.220,0,f,t,733.42
21897,POTTING SHED CANDLE CITRONELLA,monitorar,67,semanal,B,ruptura,2009-12-01,2010-11-22,86,17,4.19,4.06,24,14,1390.87,467,16.17,27.03,0.0173,0.102,0,f,t,733.42
21898,POTTING SHED ROSE CANDLE,monitorar,85,semanal,B,ruptura,2009-12-01,2010-11-12,73,27,4.81,5.62,28,14,1003.60,336,13.75,20.03,0.0036,0.088,0,f,t,733.42
21899,"KEY FOB , GARAGE DESIGN",fora_do_escopo,,diario,A,normal,2009-12-01,2010-12-09,208,0,1.80,0.00,12,7,2650.51,4120,12.74,49.50,1.0000,0.125,56,f,t,733.42
21900,"KEY FOB , SHED",fora_do_escopo,,diario,A,normal,2009-12-01,2010-12-09,229,0,1.64,0.00,13,7,3430.98,5238,14.98,64.11,1.0000,0.097,56,f,t,733.42
21901,"KEY FOB , BACK DOOR",fora_do_escopo,,diario,A,normal,2009-12-01,2010-12-09,214,0,1.75,0.00,18,7,2878.37,4468,13.45,53.77,1.0000,0.115,56,f,t,733.42
21902,"KEY FOB , FRONT  DOOR",fora_do_escopo,,semanal,B,normal,2009-12-01,2010-12-09,164,0,2.29,0.00,13,14,2201.92,3482,13.43,41.07,1.0000,0.150,56,f,t,733.42
21903,MAN FLU METAL SIGN,fora_do_escopo,,semanal,A,normal,2009-12-03,2010-12-09,165,0,2.26,0.00,13,14,4523.86,2314,27.42,84.84,1.0000,0.367,6,f,t,733.42
21904,HOUSE WRECKING METAL SIGN,fora_do_escopo,,semanal,B,normal,2009-12-08,2010-12-09,104,0,3.55,0.00,19,14,1109.12,713,10.66,21.01,1.0000,0.110,8,f,t,733.42
21905,MORE BUTTER METAL SIGN,fora_do_escopo,,semanal,B,normal,2009-12-06,2010-12-09,83,0,4.49,0.00,22,14,1336.26,863,16.10,25.11,1.0000,0.442,0,f,t,733.42
21906,PHARMACIE FIRST AID TIN,fora_do_escopo,,semanal,A,normal,2009-12-06,2010-12-09,164,0,2.26,0.00,54,14,8713.24,1238,53.13,164.73,1.0000,0.383,2,f,t,733.42
21907,I'M ON HOLIDAY METAL SIGN,fora_do_escopo,,diario,A,normal,2010-01-29,2010-12-09,208,0,1.52,0.00,6,7,6037.05,2891,29.02,133.94,1.0000,0.042,2,f,t,733.42
21908,CHOCOLATE THIS WAY METAL SIGN,fora_do_escopo,,diario,A,normal,2009-12-01,2010-12-09,246,0,1.52,0.00,14,7,11777.69,6092,47.88,220.13,1.0000,0.219,6,f,t,733.42
21910,WAY OUT METAL SIGN,fora_do_escopo,,semanal,B,normal,2009-12-03,2010-12-05,85,4,4.37,0.92,24,14,1340.43,1031,15.77,25.27,0.4003,0.430,0,f,t,733.42
21911,GARDEN METAL SIGN,fora_do_escopo,,semanal,A,normal,2009-12-01,2010-12-08,186,1,2.01,0.50,17,14,3922.43,2455,21.09,73.41,0.6082,0.169,0,f,t,733.42
21912,VINTAGE SNAKES & LADDERS,fora_do_escopo,,diario,A,normal,2009-12-01,2010-12-09,211,0,1.78,0.00,16,7,7905.79,2010,37.47,147.66,1.0000,0.104,6,f,t,733.42
21913,VINTAGE SEASIDE JIGSAW PUZZLES,fora_do_escopo,,semanal,A,normal,2009-12-01,2010-12-08,124,1,3.02,0.33,16,14,2864.87,759,23.10,53.47,0.7185,0.232,6,f,t,733.42
21914,BLUE HARMONICA IN BOX,fora_do_escopo,,semanal,A,normal,2009-12-01,2010-12-09,167,0,2.25,0.00,52,14,7854.54,5432,47.03,146.52,1.0000,0.032,6,f,t,733.42
21915,RED  HARMONICA IN BOX,fora_do_escopo,,semanal,A,normal,2009-12-04,2010-12-09,171,0,2.18,0.00,103,14,18477.22,16258,108.05,347.52,1.0000,0.455,7,f,t,733.42
21916,SET 12 RETRO WHITE CHALK STICKS,fora_do_escopo,,diario,A,normal,2009-12-01,2010-12-09,209,0,1.79,0.00,13,7,2841.86,6554,13.60,53.08,1.0000,0.193,9,f,t,733.42
21917,SET 12 KIDS  WHITE CHALK STICKS,fora_do_escopo,,semanal,B,normal,2009-12-01,2010-12-09,167,0,2.25,0.00,20,14,1654.30,3926,9.91,30.86,1.0000,0.073,44,f,t,733.42
21918,SET 12 KIDS COLOUR  CHALK STICKS,fora_do_escopo,,diario,A,normal,2009-12-01,2010-12-09,222,0,1.69,0.00,14,7,3133.57,7547,14.12,58.54,1.0000,0.121,3,f,t,733.42
21919,Electronic Talking Breath-A-Loser,fora_do_escopo,,ocasional,C,normal,2009-12-14,2010-10-07,5,63,74.25,0.85,214,,30.47,6,6.09,0.57,0.4281,,,f,f,733.42
21922,UNION STRIPE WITH FRINGE  HAMMOCK,fora_do_escopo,,semanal,A,atraso,2010-04-11,2010-12-06,100,3,2.41,1.24,21,14,4345.51,553,43.46,126.00,0.2886,0.048,129,f,t,733.42
21923,RED/CREAM STRIPE FRINGE HAMMOCK,provavel_descontinuacao,54,semanal,A,ruptura,2009-12-03,2010-08-03,75,128,3.28,38.98,20,14,2678.54,339,35.71,76.13,0.0000,0.079,2,f,t,733.42
21924,BLUE/CREAM STRIPE FRINGE HAMMOCK,ruptura_provavel,17,semanal,B,ruptura,2009-12-02,2010-10-18,83,52,3.90,13.33,44,14,2486.66,315,29.96,53.74,0.0000,0.067,17,f,t,733.42
21925,UNION STRIPE CUSHION COVER,fora_do_escopo,,semanal,B,atraso,2010-04-11,2010-12-02,68,7,3.51,2.00,28,14,1078.58,814,15.86,31.66,0.1359,0.067,17,f,t,733.42
21926,RED/CREAM STRIPE CUSHION COVER,monitorar,70,semanal,B,indicio,2010-04-11,2010-11-28,59,11,3.98,2.76,26,14,817.87,597,13.86,24.36,0.0632,0.052,17,f,t,733.42
21927,BLUE/CREAM STRIPE CUSHION COVER,fora_do_escopo,,semanal,B,atraso,2010-04-11,2010-12-02,65,7,3.67,1.91,35,14,987.09,661,15.19,28.95,0.1486,0.043,17,f,t,733.42
21928,JUMBO BAG SCANDINAVIAN PAISLEY,fora_do_escopo,,diario,A,normal,2009-12-01,2010-12-09,259,0,1.45,0.00,19,7,25941.17,14307,100.16,484.95,1.0000,0.127,6,f,t,733.42
21929,JUMBO BAG PINK VINTAGE PAISLEY,fora_do_escopo,,diario,A,normal,2009-12-01,2010-12-09,252,0,1.49,0.00,43,7,27152.96,14947,107.75,507.55,1.0000,0.109,6,f,t,733.42
21930,JUMBO STORAGE BAG SKULLS,fora_do_escopo,,diario,A,normal,2009-12-01,2010-12-09,267,0,1.40,0.00,13,7,13892.41,7207,52.03,259.74,1.0000,0.059,8,f,t,733.42
21931,JUMBO STORAGE BAG SUKI,fora_do_escopo,,diario,A,normal,2009-12-01,2010-12-09,298,0,1.26,0.00,13,7,31515.16,15849,105.76,589.45,1.0000,0.047,8,f,t,733.42
21932,SCANDINAVIAN PAISLEY PICNIC BAG,fora_do_escopo,,semanal,A,normal,2009-12-02,2010-12-08,132,1,2.83,0.35,20,14,3547.49,1165,26.87,66.43,0.7025,0.224,6,f,t,733.42
21933,PINK VINTAGE PAISLEY PICNIC BAG,fora_do_escopo,,semanal,A,normal,2009-12-02,2010-12-09,137,0,2.74,0.00,18,14,4227.57,1475,30.86,78.97,1.0000,0.184,6,f,t,733.42
21934,SKULL SHOULDER BAG,fora_do_escopo,,diario,A,normal,2009-12-01,2010-12-09,195,0,1.92,0.00,14,7,3922.69,2227,20.12,73.24,1.0000,0.111,8,f,t,733.42
21935,SUKI  SHOULDER BAG,fora_do_escopo,,diario,A,normal,2009-12-01,2010-12-09,207,0,1.81,0.00,17,7,7055.20,3816,34.08,131.76,1.0000,0.062,8,f,t,733.42
21936,RED RETROSPOT PICNIC BAG,fora_do_escopo,,diario,A,normal,2009-12-02,2010-12-09,219,0,1.71,0.00,15,7,11176.50,3846,51.03,209.35,1.0000,0.080,7,f,t,733.42
21937,STRAWBERRY   PICNIC BAG,fora_do_escopo,,semanal,A,normal,2009-12-02,2010-12-09,185,0,2.02,0.00,15,14,7216.71,2415,39.01,135.06,1.0000,0.108,6,f,t,733.42
21942,SKULLS DESIGN FLANNEL,fora_do_escopo,,semanal,B,normal,2009-12-01,2010-12-09,83,0,4.55,0.00,29,14,851.49,1402,10.26,15.79,1.0000,0.257,80,f,t,733.42
21943,CAKES AND RABBITS DESIGN FLANNEL,fora_do_escopo,,semanal,C,normal,2009-12-07,2010-12-07,75,2,4.93,0.41,26,14,397.99,474,5.31,7.53,0.6667,0.051,0,f,f,733.42
21944,KITTENS DESIGN FLANNEL,fora_do_escopo,,semanal,B,normal,2009-12-02,2010-12-09,74,0,5.10,0.00,41,14,809.95,1461,10.95,15.04,1.0000,0.270,80,f,t,733.42
21945,STRAWBERRIES  DESIGN FLANNEL,fora_do_escopo,,semanal,B,normal,2009-12-01,2010-12-09,99,0,3.81,0.00,24,14,982.38,1545,9.92,18.25,1.0000,0.223,80,f,t,733.42
21946,PARTY TIME DESIGN FLANNEL,fora_do_escopo,,mensal,C,normal,2009-12-07,2010-11-29,33,10,11.16,0.90,53,28,283.62,539,8.59,5.39,0.4081,0.322,8,f,f,733.42
21947,SET OF 6 HEART CHOPSTICKS,fora_do_escopo,,semanal,B,normal,2009-12-01,2010-12-09,114,0,3.30,0.00,19,14,1209.44,898,10.61,22.50,1.0000,0.087,10,f,t,733.42
21948,SET OF 6 CAKE CHOPSTICKS,fora_do_escopo,,semanal,B,normal,2009-12-01,2010-12-09,104,0,3.62,0.00,17,14,1973.21,1669,18.97,36.67,1.0000,0.516,3,f,t,733.42
21949,SET OF 6 STRAWBERRY CHOPSTICKS,fora_do_escopo,,semanal,B,normal,2009-12-01,2010-12-07,98,2,3.82,0.52,22,14,2169.84,1835,22.14,40.52,0.5928,0.469,3,f,t,733.42
21950,SET OF 6 DOTS CHOPSTICKS,fora_do_escopo,,mensal,C,ruptura,2009-12-03,2010-04-01,15,252,8.50,29.65,31,28,263.63,211,17.58,14.47,0.0000,0.724,6,f,f,733.42
21955,DOORMAT UNION JACK GUNS AND ROSES,fora_do_escopo,,diario,A,normal,2009-12-01,2010-12-09,229,0,1.64,0.00,13,7,16427.15,2713,71.73,306.94,1.0000,0.320,0,f,t,733.42
21967,PACK OF 12 SKULL TISSUES,fora_do_escopo,,semanal,A,normal,2009-12-01,2010-12-09,155,0,2.42,0.00,45,14,2901.10,10642,18.72,54.09,1.0000,0.447,80,f,t,733.42
21972,SET OF 36 DINOSAUR PAPER DOILIES,monitorar,83,semanal,B,indicio,2009-12-02,2010-11-29,85,10,4.31,2.32,23,14,1063.19,721,12.51,20.32,0.0982,0.082,29,f,t,733.42
21973,SET OF 36 MUSHROOM PAPER DOILIES,fora_do_escopo,,semanal,B,atraso,2009-12-02,2010-12-06,133,3,2.80,1.07,21,14,2198.18,1517,16.53,41.39,0.3419,0.172,9,f,t,733.42
21974,SET OF 36 PAISLEY FLOWER DOILIES,fora_do_escopo,,diario,A,atraso,2009-12-02,2010-12-06,224,3,1.65,1.81,13,7,7110.70,4840,31.74,134.29,0.1632,0.070,6,f,t,733.42
21975,PACK OF 60 DINOSAUR CAKE CASES,fora_do_escopo,,diario,A,normal,2009-12-01,2010-12-09,271,0,1.38,0.00,15,7,9264.04,19235,34.18,173.21,1.0000,0.156,20,f,t,733.42
21976,PACK OF 60 MUSHROOM CAKE CASES,fora_do_escopo,,diario,A,normal,2009-12-01,2010-12-09,259,0,1.45,0.00,15,7,5059.08,9588,19.53,94.58,1.0000,0.140,9,f,t,733.42
21977,PACK OF 60 PINK PAISLEY CAKE CASES,fora_do_escopo,,diario,A,normal,2009-12-01,2010-12-09,296,0,1.26,0.00,14,7,16245.96,31940,54.89,303.85,1.0000,0.092,14,f,t,733.42
21980,PACK OF 12 RED RETROSPOT TISSUES,fora_do_escopo,,diario,A,normal,2009-12-01,2010-12-09,214,0,1.75,0.00,15,7,6592.68,24864,30.81,123.15,1.0000,0.531,80,f,t,733.42
21981,PACK OF 12 WOODLAND TISSUES,fora_do_escopo,,semanal,A,normal,2009-12-02,2010-12-09,161,0,2.33,0.00,78,14,5558.50,20990,34.52,103.95,1.0000,0.644,80,f,t,733.42
21982,PACK OF 12 SUKI TISSUES,fora_do_escopo,,semanal,A,normal,2009-12-07,2010-12-09,177,0,2.09,0.00,84,14,8285.21,25215,46.81,157.14,1.0000,0.652,80,f,t,733.42
21983,PACK OF 12 BLUE PAISLEY TISSUES,fora_do_escopo,,semanal,B,normal,2009-12-02,2010-12-09,143,0,2.62,0.00,16,14,1147.92,3974,8.03,21.45,1.0000,0.094,6,f,t,733.42
21984,PACK OF 12 PINK PAISLEY TISSUES,fora_do_escopo,,semanal,A,normal,2009-12-02,2010-12-09,159,0,2.35,0.00,16,14,5960.10,22036,37.48,111.45,1.0000,0.671,80,f,t,733.42
21985,PACK OF 12 HEARTS DESIGN TISSUES,fora_do_escopo,,diario,A,normal,2009-12-01,2010-12-09,233,0,1.61,0.00,13,7,6295.33,16905,27.02,117.64,1.0000,0.477,80,f,t,733.42
21986,PACK OF 12 PINK POLKADOT TISSUES,fora_do_escopo,,semanal,A,normal,2009-12-01,2010-12-09,171,0,2.19,0.00,14,14,3610.84,9469,21.12,67.37,1.0000,0.485,80,f,t,733.42
21987,PACK OF 6 SKULL PAPER CUPS,fora_do_escopo,,semanal,A,atraso,2009-12-01,2010-12-05,156,4,2.38,1.68,21,14,2655.06,4325,17.02,50.04,0.1863,0.216,80,f,t,733.42
21988,PACK OF 6 SKULL PAPER PLATES,fora_do_escopo,,semanal,A,atraso,2009-12-06,2010-12-05,157,4,2.33,1.71,15,14,3985.93,5534,25.39,76.16,0.1801,0.247,7,f,t,733.42
21989,PACK OF 20 SKULL PAPER NAPKINS,fora_do_escopo,,diario,A,normal,2009-12-01,2010-12-09,189,0,1.98,0.00,18,7,4587.23,6172,24.27,85.63,1.0000,0.214,7,f,t,733.42
21990,MODERN FLORAL STATIONERY SET,fora_do_escopo,,semanal,B,normal,2009-12-01,2010-12-09,97,0,3.89,0.00,22,14,1765.78,821,18.20,32.80,1.0000,0.102,8,f,t,733.42
21991,BOHEMIAN COLLAGE STATIONERY SET,fora_do_escopo,,semanal,B,normal,2009-12-02,2010-12-08,59,1,6.40,0.16,66,14,885.25,483,15.00,16.42,0.8553,0.203,8,f,t,733.42
21992,VINTAGE PAISLEY STATIONERY SET,fora_do_escopo,,semanal,A,normal,2009-12-02,2010-12-09,149,0,2.51,0.00,12,14,3510.15,1524,23.56,65.61,1.0000,0.051,8,f,t,733.42
21993,FLORAL FOLK STATIONERY SET,fora_do_escopo,,semanal,B,normal,2009-12-01,2010-12-09,106,0,3.55,0.00,38,14,2003.20,964,18.90,37.24,1.0000,0.090,8,f,t,733.42
22021,BLUE FELT EASTER EGG BASKET,fora_do_escopo,,semanal,B,normal,2009-12-14,2010-12-05,64,4,5.65,0.71,228,14,1862.76,1074,29.11,36.06,0.4927,0.042,15,t,t,733.42
22023,EMPIRE BIRTHDAY CARD,fora_do_escopo,,semanal,B,normal,2009-12-01,2010-12-09,176,0,2.13,0.00,14,14,1592.70,3894,9.05,29.72,1.0000,0.114,2,f,t,733.42
22024,RAINY LADIES BIRTHDAY CARD,fora_do_escopo,,semanal,B,normal,2009-12-01,2010-12-08,157,1,2.38,0.42,16,14,1261.02,3048,8.03,23.58,0.6575,0.164,2,f,t,733.42
22025,RING OF ROSES BIRTHDAY CARD,fora_do_escopo,,semanal,B,normal,2009-12-01,2010-12-08,116,1,3.23,0.31,18,14,894.92,2164,7.71,16.69,0.7341,0.226,9,f,t,733.42
22026,BANQUET BIRTHDAY  CARD,fora_do_escopo,,semanal,B,normal,2009-12-01,2010-12-09,139,0,2.70,0.00,20,14,1016.32,2410,7.31,18.94,1.0000,0.085,7,f,t,733.42
22027,TEA PARTY BIRTHDAY CARD,fora_do_escopo,,diario,A,normal,2009-12-01,2010-12-09,242,0,1.55,0.00,13,7,2993.32,7067,12.37,55.94,1.0000,0.104,9,f,t,733.42
22028,PENNY FARTHING BIRTHDAY CARD,fora_do_escopo,,semanal,B,atraso,2009-12-01,2010-12-06,157,3,2.37,1.26,36,14,1384.55,3354,8.82,26.03,0.2823,0.162,2,f,t,733.42
22029,SPACEBOY BIRTHDAY CARD,fora_do_escopo,,diario,A,normal,2009-12-01,2010-12-09,247,0,1.52,0.00,16,7,4008.32,9710,16.23,74.92,1.0000,0.117,9,f,t,733.42
22030,SWALLOWS GREETING CARD,fora_do_escopo,,diario,A,normal,2009-12-01,2010-12-09,217,0,1.73,0.00,14,7,3085.95,7508,14.22,57.65,1.0000,0.151,14,f,t,733.42
22031,BOTANICAL LAVENDER BIRTHDAY CARD,fora_do_escopo,,semanal,C,atraso,2009-12-01,2010-12-02,54,7,6.91,1.01,39,14,273.44,633,5.06,5.13,0.3629,0.055,4,f,f,733.42
22032,BOTANICAL LILY GREETING CARD,fora_do_escopo,,mensal,C,ruptura,2009-12-03,2010-11-10,43,29,8.14,3.56,26,28,236.14,553,5.49,4.72,0.0284,0.043,85,f,f,733.42
22033,BOTANICAL ROSE GREETING CARD,fora_do_escopo,,semanal,C,ruptura,2009-12-03,2010-11-10,86,29,4.02,7.21,28,14,545.02,1278,6.34,11.03,0.0007,0.048,1,f,f,733.42
22034,ROBIN CHRISTMAS CARD,fora_do_escopo,,semanal,C,normal,2009-12-01,2010-12-05,58,4,6.47,0.62,150,14,684.85,1646,11.81,12.77,0.5391,0.076,9,t,f,733.42
22035,VINTAGE CARAVAN GREETING CARD,fora_do_escopo,,semanal,B,normal,2009-12-01,2010-12-09,156,0,2.41,0.00,22,14,1120.66,2645,7.18,20.90,1.0000,0.046,2,f,t,733.42
22036,DINOSAUR BIRTHDAY CARD,fora_do_escopo,,semanal,C,ruptura,2009-12-01,2010-10-04,97,66,3.20,20.64,39,14,705.19,1673,7.27,15.91,0.0000,0.079,8,f,f,733.42
22037,ROBOT BIRTHDAY CARD,fora_do_escopo,,semanal,B,normal,2009-12-01,2010-12-09,162,0,2.32,0.00,56,14,1380.76,3215,8.52,25.75,1.0000,0.052,7,f,t,733.42
22038,BOTANICAL LAVENDER GIFT WRAP,fora_do_escopo,,mensal,C,normal,2009-12-22,2010-11-28,26,11,13.64,0.81,40,28,281.50,675,10.83,5.56,0.4464,0.075,80,f,f,733.42
22039,BOTANICAL LILY GIFT WRAP,fora_do_escopo,,mensal,C,atraso,2009-12-22,2010-11-10,21,29,16.15,1.80,90,28,248.00,600,11.81,5.12,0.1660,0.085,55,f,f,733.42
22040,BOTANICAL ROSE GIFT WRAP,fora_do_escopo,,semanal,B,atraso,2009-12-04,2010-11-28,59,11,6.19,1.78,32,14,839.80,2090,14.23,16.10,0.1691,0.162,9,f,t,733.42
22041,"RECORD FRAME 7"" SINGLE SIZE",fora_do_escopo,,semanal,A,normal,2009-12-01,2010-12-09,128,0,2.94,0.00,21,14,8016.90,3487,62.63,149.28,1.0000,0.294,1,f,t,733.42
22042,CHRISTMAS CARD SINGING ANGEL,fora_do_escopo,,semanal,C,normal,2009-12-01,2010-12-09,62,0,6.11,0.00,194,14,497.27,1430,8.02,9.18,1.0000,0.051,0,t,f,733.42
22043,CHRISTMAS CARD SCREEN PRINT,fora_do_escopo,,mensal,C,normal,2009-12-06,2010-12-09,42,0,8.98,0.00,131,28,330.42,996,7.87,6.14,1.0000,0.046,17,t,f,733.42
22044,CHRISTMAS CARD STACK OF PRESENTS,fora_do_escopo,,mensal,C,normal,2009-12-01,2010-12-08,39,1,9.79,0.10,150,28,379.04,1184,9.72,6.95,0.9029,0.072,15,t,f,733.42
22045,SPACEBOY GIFT WRAP,fora_do_escopo,,semanal,A,atraso,2009-12-04,2010-12-06,170,3,2.17,1.38,16,14,3350.30,8115,19.71,63.53,0.2512,0.056,14,f,t,733.42
22046,TEA PARTY  WRAPPING PAPER,monitorar,49,semanal,B,indicio,2009-12-02,2010-11-29,107,10,3.42,2.93,21,14,1684.50,4125,15.74,32.27,0.0535,0.075,8,f,t,733.42
22047,EMPIRE GIFT WRAP,monitorar,38,semanal,B,indicio,2009-12-02,2010-11-30,115,9,3.18,2.83,18,14,1977.50,4875,17.20,37.80,0.0592,0.077,6,f,t,733.42
22048,BIRTHDAY BANQUET GIFT WRAP,fora_do_escopo,,semanal,B,normal,2009-12-04,2010-12-08,63,1,5.95,0.17,26,14,783.30,1865,12.43,14.62,0.8453,0.054,226,f,t,733.42
22049,WRAP CHRISTMAS SCREEN PRINT,fora_do_escopo,,mensal,B,normal,2009-12-02,2010-12-03,51,6,7.32,0.82,221,28,760.50,2550,14.91,14.26,0.4406,0.068,0,t,t,733.42
22050,PINK PAISLEY ROSE GIFT WRAP,fora_do_escopo,,semanal,B,normal,2009-12-04,2010-12-06,67,3,5.56,0.54,19,14,866.00,2100,12.93,16.27,0.5830,0.079,10,f,t,733.42
22051,BLUE SCANDINAVIAN PAISLEY WRAP,fora_do_escopo,,semanal,B,normal,2009-12-01,2010-12-08,70,1,5.39,0.19,28,14,918.50,2225,13.12,17.04,0.8307,0.074,60,f,t,733.42
22052,VINTAGE CARAVAN GIFT WRAP,fora_do_escopo,,semanal,B,normal,2009-12-04,2010-12-08,85,1,4.39,0.23,33,14,1219.00,2950,14.34,22.85,0.7964,0.073,10,f,t,733.42
22053,EMPIRE DESIGN ROSETTE,fora_do_escopo,,mensal,C,atraso,2009-12-03,2010-11-26,49,13,7.46,1.74,30,28,416.97,309,8.51,7.99,0.1750,0.120,183,f,f,733.42
22054,MINI CAKE STAND HANGING HEARTS,fora_do_escopo,,semanal,C,ruptura,2009-12-01,2010-03-08,46,276,2.16,128.04,13,14,658.31,363,14.31,46.47,0.0000,0.070,15,f,f,733.42
22055,MINI CAKE STAND  HANGING STRAWBERY,ruptura_provavel,8,diario,A,ruptura,2009-12-01,2010-11-25,228,14,1.58,8.85,13,7,6125.70,3568,26.87,118.92,0.0001,0.078,36,f,t,733.42
22056,CERAMIC PLATE LOVE HEART DESIGN,fora_do_escopo,,mensal,C,ruptura,2009-12-08,2010-07-27,30,135,7.97,16.95,32,28,662.83,611,22.09,19.42,0.0000,0.543,0,f,f,733.42
22057,CERAMIC PLATE STRAWBERRY DESIGN,fora_do_escopo,,semanal,A,normal,2009-12-03,2010-12-08,135,1,2.76,0.36,21,14,3375.10,2497,25.00,63.38,0.6962,0.196,7,f,t,733.42
22058,CERAMIC LOVE HEARTS DESIGN MUG,monitorar,98,semanal,B,ruptura,2009-12-01,2010-11-21,76,18,4.73,3.80,21,14,807.64,528,10.63,15.72,0.0223,0.065,57,f,t,733.42
22059,CERAMIC STRAWBERRY DESIGN MUG,fora_do_escopo,,diario,A,normal,2009-12-03,2010-12-09,190,0,1.96,0.00,16,7,4753.11,3294,25.02,89.21,1.0000,0.164,7,f,t,733.42
22060,LARGE CAKE STAND HANGING HEARTS,fora_do_escopo,,semanal,A,atraso,2009-12-04,2010-12-02,104,7,3.52,1.99,13,14,4600.26,504,44.23,87.86,0.1372,0.287,0,f,t,733.42
22061,LARGE CAKE STAND  HANGING STRAWBERY,fora_do_escopo,,diario,A,normal,2009-12-02,2010-12-08,216,1,1.73,0.58,12,7,15072.46,1606,69.78,283.07,0.5602,0.169,7,f,t,733.42
22062,CERAMIC BOWL WITH LOVE HEART DESIGN,fora_do_escopo,,semanal,C,ruptura,2009-12-01,2010-11-15,51,24,6.98,3.44,28,14,579.14,181,11.36,11.39,0.0321,0.189,9,f,f,733.42
22063,CERAMIC BOWL WITH STRAWBERRY DESIGN,fora_do_escopo,,semanal,A,normal,2009-12-01,2010-12-08,158,1,2.37,0.42,16,14,5038.76,1737,31.89,94.22,0.6557,0.273,7,f,t,733.42
22064,PINK DOUGHNUT TRINKET POT,fora_do_escopo,,diario,A,normal,2009-12-01,2010-12-09,232,0,1.61,0.00,12,7,8235.36,4977,35.50,153.88,1.0000,0.085,7,f,t,733.42
22065,CHRISTMAS PUDDING TRINKET POT,fora_do_escopo,,semanal,A,normal,2009-12-01,2010-12-09,110,0,3.42,0.00,71,14,3033.41,2035,27.58,56.41,1.0000,0.079,7,t,t,733.42
22066,LOVE HEART TRINKET POT,monitorar,46,semanal,B,ruptura,2009-12-04,2010-11-28,100,11,3.63,3.03,22,14,1694.50,1203,16.95,32.71,0.0482,0.142,8,f,t,733.42
22067,CHOC TRUFFLE GOLD TRINKET POT,fora_do_escopo,,semanal,B,normal,2009-12-02,2010-12-08,139,1,2.69,0.37,16,14,2460.02,1493,17.70,46.08,0.6894,0.143,6,f,t,733.42
22068,BLACK PIRATE TREASURE CHEST,fora_do_escopo,,semanal,B,normal,2009-12-01,2010-12-08,106,1,3.54,0.28,19,14,1175.97,608,11.09,21.92,0.7541,0.086,10,f,t,733.42
22069,BROWN  PIRATE TREASURE CHEST,fora_do_escopo,,semanal,B,normal,2009-12-01,2010-12-09,90,0,4.19,0.00,19,14,1228.28,570,13.65,22.79,1.0000,0.057,57,f,t,733.42
22070,SMALL RED RETROSPOT MUG IN BOX,fora_do_escopo,,semanal,A,normal,2009-12-01,2010-12-08,160,1,2.34,0.43,15,14,3410.84,904,21.32,63.78,0.6522,0.036,9,f,t,733.42
22071,SMALL WHITE RETROSPOT MUG IN BOX,fora_do_escopo,,semanal,A,normal,2009-12-01,2010-12-09,135,0,2.78,0.00,17,14,3054.20,822,22.62,56.89,1.0000,0.080,8,f,t,733.42
22072,RED RETROSPOT TEA CUP AND SAUCER,fora_do_escopo,,diario,A,normal,2009-12-01,2010-12-09,205,0,1.83,0.00,12,7,6671.09,1624,32.54,124.58,1.0000,0.104,6,f,t,733.42
22073,RED RETROSPOT STORAGE JAR,fora_do_escopo,,diario,A,normal,2009-12-01,2010-12-09,231,0,1.62,0.00,12,7,7303.49,1840,31.62,136.47,1.0000,0.059,8,f,t,733.42
22074,6 RIBBONS SHIMMERING PINKS,fora_do_escopo,,semanal,B,normal,2009-12-03,2010-12-08,76,1,4.93,0.20,18,14,989.87,762,13.02,18.48,0.8165,0.095,9,f,t,733.42
22075,6 RIBBONS ELEGANT CHRISTMAS,fora_do_escopo,,semanal,A,normal,2009-12-01,2010-12-09,108,0,3.49,0.00,49,14,2619.60,1584,24.26,48.71,1.0000,0.200,2,t,t,733.42
22076,6 RIBBONS EMPIRE,fora_do_escopo,,semanal,B,normal,2009-12-01,2010-12-07,116,2,3.23,0.62,22,14,1872.90,1120,16.15,35.03,0.5380,0.111,9,f,t,733.42
22077,6 RIBBONS RUSTIC CHARM,fora_do_escopo,,diario,A,normal,2009-12-01,2010-12-09,227,0,1.65,0.00,56,7,15008.22,8386,66.12,280.41,1.0000,0.042,9,f,t,733.42
22078,RIBBON REEL LACE DESIGN,fora_do_escopo,,diario,A,normal,2009-12-02,2010-12-09,192,0,1.95,0.00,19,7,5631.75,2663,29.33,105.42,1.0000,0.270,9,f,t,733.42
22079,RIBBON REEL HEARTS DESIGN,fora_do_escopo,,diario,A,normal,2009-12-01,2010-12-09,201,0,1.87,0.00,14,7,5204.65,3169,25.89,97.19,1.0000,0.134,9,f,t,733.42
22080,RIBBON REEL SPOTS DESIGN,fora_do_escopo,,diario,A,normal,2009-12-01,2010-12-08,208,1,1.80,0.56,16,7,4656.90,2766,22.39,87.21,0.5732,0.037,6,f,t,733.42
22081,RIBBON REEL FLORA + FAUNA,fora_do_escopo,,semanal,B,normal,2009-12-01,2010-12-09,126,0,2.98,0.00,21,14,1630.66,930,12.94,30.36,1.0000,0.062,0,f,t,733.42
22082,RIBBON REEL STRIPES DESIGN,fora_do_escopo,,diario,A,normal,2009-12-01,2010-12-09,240,0,1.56,0.00,18,7,7966.64,4822,33.19,148.89,1.0000,0.109,9,f,t,733.42
22083,PAPER CHAIN KIT RETROSPOT,fora_do_escopo,,diario,A,normal,2009-12-01,2010-12-09,279,0,1.34,0.00,12,7,27219.52,9350,97.56,508.99,1.0000,0.097,7,f,t,733.42
22084,PAPER CHAIN KIT EMPIRE,fora_do_escopo,,diario,A,normal,2009-12-02,2010-12-09,201,0,1.86,0.00,12,7,10357.41,3690,51.53,193.93,1.0000,0.059,1,f,t,733.42
22085,PAPER CHAIN KIT SKULLS,fora_do_escopo,,semanal,A,normal,2009-12-01,2010-12-08,107,1,3.51,0.28,20,14,5340.48,1998,49.91,99.55,0.7521,0.535,7,f,t,733.42
22086,PAPER CHAIN KIT 50'S CHRISTMAS,fora_do_escopo,,semanal,A,normal,2009-12-01,2010-12-09,153,0,2.45,0.00,39,14,58189.25,17226,380.32,1084.89,1.0000,0.072,7,t,t,733.42
22087,PAPER BUNTING WHITE LACE,fora_do_escopo,,diario,A,normal,2009-12-01,2010-12-09,215,0,1.74,0.00,18,7,13669.94,4443,63.58,255.35,1.0000,0.050,3,f,t,733.42
22088,PAPER BUNTING COLOURED LACE,fora_do_escopo,,diario,A,normal,2009-12-01,2010-12-08,204,1,1.83,0.55,21,7,7448.29,2516,36.51,139.47,0.5794,0.064,0,f,t,733.42
22089,PAPER BUNTING VINTAGE PAISLEY,fora_do_escopo,,semanal,A,normal,2009-12-01,2010-12-09,180,0,2.08,0.00,22,14,5875.43,2092,32.64,109.65,1.0000,0.102,6,f,t,733.42
22090,PAPER BUNTING RETROSPOT,fora_do_escopo,,diario,A,normal,2009-12-01,2010-12-09,290,0,1.29,0.00,13,7,27962.14,9244,96.42,522.95,1.0000,0.095,7,f,t,733.42
22091,EMPIRE TISSUE BOX,fora_do_escopo,,semanal,B,normal,2009-12-01,2010-12-09,114,0,3.30,0.00,19,14,1482.07,1211,13.00,27.57,1.0000,0.103,283,f,t,733.42
22092,BLUE PAISLEY TISSUE BOX,fora_do_escopo,,mensal,C,normal,2009-12-18,2010-12-08,45,1,8.07,0.12,41,28,307.76,292,6.84,5.93,0.8834,0.097,1,f,f,733.42
22093,MOTORING TISSUE BOX,fora_do_escopo,,semanal,C,normal,2009-12-01,2010-12-08,91,1,4.13,0.24,25,14,640.25,541,7.04,11.92,0.7851,0.060,364,f,f,733.42
22094,RED RETROSPOT TISSUE BOX,fora_do_escopo,,semanal,B,normal,2009-12-02,2010-12-08,113,1,3.31,0.30,31,14,1560.32,1426,13.81,29.18,0.7394,0.342,207,f,t,733.42
22095,LADS ONLY TISSUE BOX,fora_do_escopo,,semanal,B,normal,2009-12-02,2010-12-09,100,0,3.76,0.00,25,14,2027.21,1729,20.27,37.76,1.0000,0.422,1,f,t,733.42
22096,PINK PAISLEY SQUARE TISSUE BOX,fora_do_escopo,,semanal,C,normal,2009-12-02,2010-12-06,61,3,6.15,0.49,28,14,364.79,307,5.98,6.81,0.6140,0.146,0,f,f,733.42
22097,SWALLOW SQUARE TISSUE BOX,fora_do_escopo,,semanal,C,normal,2009-12-02,2010-12-08,85,1,4.42,0.23,22,14,578.12,490,6.80,10.78,0.7974,0.052,85,f,f,733.42
22098,BOUDOIR SQUARE TISSUE BOX,fora_do_escopo,,semanal,B,normal,2009-12-03,2010-12-09,110,0,3.40,0.00,22,14,1001.82,906,9.11,18.73,1.0000,0.075,1,f,t,733.42
22099,CARAVAN SQUARE TISSUE BOX,fora_do_escopo,,semanal,B,normal,2009-12-02,2010-12-06,106,3,3.51,0.85,20,14,816.14,706,7.70,15.34,0.4259,0.041,11,f,t,733.42
22100,SKULLS SQUARE TISSUE BOX,fora_do_escopo,,semanal,C,normal,2009-12-02,2010-12-07,62,2,6.07,0.33,37,14,378.48,264,6.10,7.04,0.7191,0.079,2,f,f,733.42
22101,MIRROR MOSAIC VOTIVE HOLDER,fora_do_escopo,,mensal,B,normal,2009-12-01,2010-12-07,44,2,8.63,0.23,34,28,794.11,496,18.05,14.64,0.7931,0.084,366,f,t,733.42
22102,MIRROR MOSAIC T-LIGHT HOLDER,fora_do_escopo,,mensal,C,atraso,2009-12-01,2010-11-23,26,16,14.28,1.12,48,28,374.70,229,14.41,7.06,0.3261,0.167,77,f,f,733.42
22103,MIRROR MOSAIC T-LIGHT HOLDER ROUND,fora_do_escopo,,mensal,B,atraso,2009-12-01,2010-11-23,41,16,8.93,1.79,32,28,862.30,504,21.03,16.50,0.1665,0.141,15,f,t,733.42
22104,MIRROR MOSAIC CANDLE PLATE,fora_do_escopo,,mensal,C,normal,2009-12-08,2010-12-06,38,3,9.81,0.31,43,28,631.01,903,16.61,11.85,0.7365,0.319,8,f,f,733.42
22105,MIRROR MOSAIC GOBLET CANDLE HOLDER,fora_do_escopo,,mensal,C,normal,2009-12-07,2010-12-03,20,6,19.00,0.32,71,28,451.09,119,22.55,8.31,0.7292,0.200,0,f,f,733.42
22106,MIRROR MOSAIC HURRICANE LAMP,fora_do_escopo,,mensal,C,normal,2010-01-15,2010-12-09,31,0,10.93,0.00,50,28,721.96,166,23.29,14.91,1.0000,0.235,0,f,f,733.42
22107,PIZZA PLATE IN BOX,fora_do_escopo,,semanal,A,normal,2009-12-01,2010-12-09,124,0,3.03,0.00,17,14,2891.95,686,23.32,53.83,1.0000,0.056,31,f,t,733.42
22108,PING! MICROWAVE PLATE,fora_do_escopo,,semanal,C,normal,2009-12-01,2010-12-09,58,0,6.54,0.00,49,14,587.17,168,10.12,10.83,1.0000,0.077,182,f,f,733.42
22109,FULL ENGLISH BREAKFAST PLATE,fora_do_escopo,,diario,A,normal,2009-12-01,2010-12-09,189,0,1.98,0.00,13,7,7287.78,1794,38.56,136.04,1.0000,0.151,23,f,t,733.42
22110,BIRD HOUSE HOT WATER BOTTLE,fora_do_escopo,,semanal,A,normal,2009-12-01,2010-12-09,134,0,2.80,0.00,29,14,4349.18,1575,32.46,81.01,1.0000,0.072,8,t,t,733.42
22111,SCOTTIE DOG HOT WATER BOTTLE,fora_do_escopo,,diario,A,normal,2009-12-01,2010-12-09,225,0,1.67,0.00,12,7,27682.47,5552,123.03,517.20,1.0000,0.044,1,t,t,733.42
22112,CHOCOLATE HOT WATER BOTTLE,fora_do_escopo,,diario,A,normal,2009-12-01,2010-12-09,224,0,1.67,0.00,13,7,27896.94,5531,124.54,521.20,1.0000,0.033,7,t,t,733.42
22113,GREY HEART HOT WATER BOTTLE,fora_do_escopo,,semanal,A,normal,2009-12-01,2010-12-09,89,0,4.24,0.00,271,14,10367.49,2828,116.49,192.38,1.0000,0.051,7,t,t,733.42
22114,HOT WATER BOTTLE TEA AND SYMPATHY,fora_do_escopo,,diario,A,normal,2009-12-01,2010-12-09,246,0,1.52,0.00,13,7,30515.16,6715,124.05,570.34,1.0000,0.033,0,t,t,733.42
22115,METAL SIGN EMPIRE TEA,fora_do_escopo,,semanal,A,normal,2009-12-01,2010-12-09,167,0,2.25,0.00,14,14,3765.71,1364,22.55,70.25,1.0000,0.245,0,f,t,733.42
22116,METAL SIGN HIS DINNER IS SERVED,fora_do_escopo,,mensal,C,normal,2009-12-01,2010-12-06,45,3,8.41,0.36,38,28,524.78,260,11.66,9.71,0.6999,0.229,8,f,f,733.42
22117,METAL SIGN HER DINNER IS SERVED,fora_do_escopo,,semanal,B,normal,2009-12-01,2010-12-09,102,0,3.69,0.00,24,14,1326.04,449,13.00,24.64,1.0000,0.092,14,f,t,733.42
22118,JOY WOODEN BLOCK LETTERS,fora_do_escopo,,semanal,A,normal,2009-12-01,2010-12-09,119,0,3.16,0.00,38,14,3083.39,591,25.91,57.38,1.0000,0.301,2,f,t,733.42
22119,PEACE WOODEN BLOCK LETTERS,fora_do_escopo,,semanal,A,normal,2009-12-01,2010-12-09,135,0,2.78,0.00,25,14,4059.20,587,30.07,75.61,1.0000,0.038,7,f,t,733.42
22120,WELCOME  WOODEN BLOCK LETTERS,fora_do_escopo,,semanal,A,normal,2009-12-01,2010-12-09,117,0,3.22,0.00,138,14,5167.08,504,44.16,96.14,1.0000,0.049,7,f,t,733.42
22121,NOEL WOODEN BLOCK LETTERS,fora_do_escopo,,semanal,A,normal,2009-12-01,2010-12-09,111,0,3.39,0.00,87,14,7370.63,1185,66.40,137.08,1.0000,0.160,2,f,t,733.42
22122,SET OF 2 FANCY FONT TEA TOWELS,provavel_descontinuacao,43,semanal,A,ruptura,2009-12-01,2010-08-20,124,111,2.13,52.11,17,14,3295.98,1097,26.58,87.35,0.0000,0.195,14,f,t,733.42
22123,PING MICROWAVE APRON,fora_do_escopo,,mensal,C,normal,2009-12-02,2010-12-08,45,1,8.43,0.12,39,28,660.62,152,14.68,12.19,0.8882,0.162,0,f,f,733.42
22124,SET OF 2 TEA TOWELS PING MICROWAVE,fora_do_escopo,,semanal,C,normal,2009-12-07,2010-12-06,54,3,6.87,0.44,22,14,455.81,153,8.44,8.60,0.6461,0.155,1,f,f,733.42
22125,UNION JACK HOT WATER BOTTLE,sazonal,3,diario,A,ruptura,2009-12-01,2010-03-11,59,273,1.72,158.34,12,7,3978.98,645,67.44,273.81,0.0000,0.066,0,t,t,733.42
22127,PARTY CONES CARNIVAL ASSORTED,fora_do_escopo,,semanal,A,normal,2009-12-01,2010-12-06,101,3,3.70,0.81,22,14,3685.73,3094,36.49,69.04,0.4445,0.207,4,f,t,733.42
22128,PARTY CONES CANDY ASSORTED,fora_do_escopo,,semanal,A,normal,2009-12-01,2010-12-05,93,4,4.01,1.00,24,14,2744.56,2251,29.51,51.50,0.3689,0.116,6,f,t,733.42
22129,PARTY CONES CANDY TREE DECORATION,fora_do_escopo,,semanal,B,normal,2009-12-02,2010-12-05,62,4,6.03,0.66,30,14,1873.80,2064,30.22,35.07,0.5153,0.111,6,f,t,733.42
22130,PARTY CONE CHRISTMAS DECORATION,fora_do_escopo,,semanal,A,normal,2009-12-01,2010-12-09,131,0,2.87,0.00,36,14,8625.39,7695,65.84,160.63,1.0000,0.019,1,t,t,733.42
22131,FOOD CONTAINER SET 3 LOVE HEART,fora_do_escopo,,diario,A,normal,2009-12-01,2010-12-08,218,1,1.71,0.58,20,7,6118.30,3278,28.07,114.60,0.5580,0.427,9,f,t,733.42
22132,RED LOVE HEART SHAPE CUP,fora_do_escopo,,semanal,B,normal,2009-12-01,2010-12-08,149,1,2.51,0.40,13,14,2072.48,2323,13.91,38.74,0.6718,0.077,10,f,t,733.42
22133,PINK LOVE HEART SHAPE CUP,fora_do_escopo,,semanal,B,normal,2009-12-01,2010-12-09,140,0,2.68,0.00,13,14,1533.38,1692,10.95,28.57,1.0000,0.110,10,f,t,733.42
22134,MINI LADLE LOVE HEART RED,fora_do_escopo,,semanal,C,normal,2009-12-01,2010-12-08,114,1,3.29,0.30,20,14,638.15,1484,5.60,11.90,0.7380,0.162,49,f,f,733.42
22135,MINI LADLE LOVE HEART PINK,fora_do_escopo,,semanal,C,normal,2009-12-01,2010-12-09,110,0,3.42,0.00,14,14,507.05,1094,4.61,9.43,1.0000,0.204,55,f,f,733.42
22136,LOVE HEART SOCK HANGER,fora_do_escopo,,semanal,A,normal,2009-12-01,2010-12-07,133,2,2.81,0.71,15,14,2667.99,1621,20.06,49.96,0.4909,0.149,8,f,t,733.42
22137,BATHROOM SET LOVE HEART DESIGN,fora_do_escopo,,mensal,B,normal,2009-12-14,2010-12-03,28,6,13.11,0.46,53,28,1273.25,525,45.47,24.28,0.6328,0.763,6,f,t,733.42
22138,BAKING SET 9 PIECE RETROSPOT,monitorar,1,diario,A,ruptura,2009-12-01,2010-11-29,258,10,1.41,7.08,24,7,21726.44,4435,84.21,417.34,0.0008,0.072,6,f,t,733.42
22139,RETROSPOT TEA SET CERAMIC 11 PC,fora_do_escopo,,diario,A,normal,2009-12-01,2010-12-09,265,0,1.41,0.00,26,7,30301.50,6148,114.35,566.51,1.0000,0.116,15,f,t,733.42
22141,CHRISTMAS CRAFT TREE TOP ANGEL,fora_do_escopo,,mensal,A,normal,2009-12-01,2010-12-09,31,0,12.43,0.00,324,28,2780.42,998,89.69,50.50,1.0000,0.064,27,t,t,733.42
22142,CHRISTMAS CRAFT WHITE FAIRY,fora_do_escopo,,mensal,B,normal,2009-12-01,2010-12-09,39,0,9.82,0.00,285,28,1686.50,1169,43.24,30.84,1.0000,0.148,9,t,t,733.42
22143,CHRISTMAS CRAFT HEART DECORATIONS,sazonal,24,mensal,B,ruptura,2009-12-01,2010-10-27,48,43,7.02,6.12,71,28,947.08,448,19.73,19.67,0.0022,0.281,14,t,t,733.42
22144,CHRISTMAS CRAFT LITTLE FRIENDS,fora_do_escopo,,mensal,A,normal,2009-12-01,2010-12-09,41,0,9.33,0.00,188,28,3342.91,1300,81.53,61.21,1.0000,0.066,27,t,t,733.42
22145,CHRISTMAS CRAFT HEART STOCKING,fora_do_escopo,,semanal,A,normal,2009-12-01,2010-12-08,89,1,4.23,0.24,57,14,2761.06,1310,31.02,51.37,0.7893,0.080,27,t,t,733.42
22146,EASTER CRAFT IVY WREATH WITH CHICK,sazonal,14,semanal,A,indicio,2009-12-04,2010-11-24,52,15,6.96,2.15,81,14,2638.98,1416,50.75,51.04,0.1159,0.300,211,t,t,733.42
22147,FELTCRAFT BUTTERFLY HEARTS,fora_do_escopo,,diario,A,normal,2009-12-01,2010-12-09,259,0,1.45,0.00,13,7,9798.61,6945,37.83,183.18,1.0000,0.061,9,f,t,733.42
22148,EASTER CRAFT 4 CHICKS,sazonal,16,semanal,B,ruptura,2009-12-02,2010-11-17,61,22,5.83,3.77,69,14,2570.64,1308,42.14,50.57,0.0230,0.154,211,t,t,733.42
22149,FELTCRAFT 6 FLOWER FRIENDS,fora_do_escopo,,diario,A,normal,2009-12-01,2010-12-09,275,0,1.36,0.00,13,7,14481.38,6844,52.66,270.78,1.0000,0.058,9,f,t,733.42
22150,3 STRIPEY MICE FELTCRAFT,fora_do_escopo,,diario,A,normal,2009-12-01,2010-12-09,227,0,1.65,0.00,17,7,8916.01,4939,39.28,166.59,1.0000,0.278,15,f,t,733.42
22151,PLACE SETTING WHITE HEART,fora_do_escopo,,diario,A,normal,2009-12-01,2010-12-09,206,0,1.82,0.00,16,7,5422.56,12747,26.32,101.27,1.0000,0.065,65,f,t,733.42
22152,PLACE SETTING WHITE STAR,fora_do_escopo,,semanal,B,normal,2009-12-01,2010-12-09,98,0,3.85,0.00,49,14,1644.94,3949,16.79,30.56,1.0000,0.149,9,f,t,733.42
22153,ANGEL DECORATION STARS ON DRESS,fora_do_escopo,,semanal,B,normal,2009-12-01,2010-12-09,96,0,3.93,0.00,54,14,1430.82,3265,14.90,26.57,1.0000,0.049,63,f,t,733.42
22154,ANGEL DECORATION 3 BUTTONS,fora_do_escopo,,semanal,B,normal,2009-12-01,2010-12-09,89,0,4.24,0.00,82,14,1802.38,4237,20.25,33.44,1.0000,0.086,0,f,t,733.42
22155,STAR DECORATION RUSTIC,fora_do_escopo,,semanal,B,normal,2009-12-01,2010-12-09,104,0,3.62,0.00,32,14,1720.77,3878,16.55,31.98,1.0000,0.059,9,f,t,733.42
22156,HEART DECORATION WITH PEARLS,fora_do_escopo,,diario,A,normal,2009-12-01,2010-12-09,188,0,1.99,0.00,14,7,3572.95,4129,19.01,66.70,1.0000,0.051,3,f,t,733.42
22157,ANGEL DECORATION WITH LACE PADDED,fora_do_escopo,,semanal,B,normal,2009-12-02,2010-12-08,70,1,5.38,0.19,112,14,1336.65,1563,19.10,24.86,0.8303,0.092,3,f,t,733.42
22158,3 HEARTS HANGING DECORATION RUSTIC,fora_do_escopo,,semanal,A,normal,2009-12-03,2010-12-09,127,0,2.94,0.00,125,14,18553.30,5980,146.09,347.31,1.0000,0.208,9,f,t,733.42
22161,HEART DECORATION RUSTIC HANGING,fora_do_escopo,,semanal,B,normal,2009-12-07,2010-12-09,104,0,3.56,0.00,36,14,1178.60,1754,11.33,22.26,1.0000,0.121,0,f,t,733.42
22162,HEART GARLAND RUSTIC PADDED,fora_do_escopo,,semanal,A,normal,2009-12-01,2010-12-08,116,1,3.23,0.31,27,14,3036.22,997,26.17,56.64,0.7341,0.121,1,f,t,733.42
22163,HEART STRING MEMO HOLDER HANGING,fora_do_escopo,,semanal,B,normal,2009-12-01,2010-12-09,68,0,5.57,0.00,37,14,1252.08,413,18.41,23.15,1.0000,0.057,18,f,t,733.42
22164,STRING OF STARS CARD HOLDER,fora_do_escopo,,mensal,C,normal,2009-12-03,2010-12-08,33,1,11.56,0.09,107,28,656.61,244,19.90,12.05,0.9171,0.108,196,f,f,733.42
22165,"DIAMANTE HEART SHAPED WALL MIRROR,",fora_do_escopo,,semanal,A,normal,2009-12-01,2010-12-09,99,0,3.81,0.00,36,14,4516.02,576,45.62,83.89,1.0000,0.144,0,f,t,733.42
22166,WALL MIRROR RECTANGLE DIAMANTE PINK,fora_do_escopo,,semanal,B,normal,2009-12-01,2010-12-09,63,0,6.02,0.00,27,14,2091.09,247,33.19,38.62,1.0000,0.310,0,f,t,733.42
22167,OVAL WALL MIRROR DIAMANTE,fora_do_escopo,,semanal,A,normal,2009-12-01,2010-12-09,113,0,3.33,0.00,20,14,3753.24,460,33.21,69.81,1.0000,0.101,56,f,t,733.42
22168,ORGANISER WOOD ANTIQUE WHITE,fora_do_escopo,,semanal,A,normal,2009-12-08,2010-12-09,160,0,2.30,0.00,27,14,4398.13,531,27.49,83.59,1.0000,0.123,6,f,t,733.42
22169,FAMILY ALBUM WHITE PICTURE FRAME,fora_do_escopo,,diario,A,normal,2009-12-01,2010-12-09,194,0,1.93,0.00,42,7,9602.04,1128,49.50,179.27,1.0000,0.083,1,f,t,733.42
22170,PICTURE FRAME WOOD TRIPLE PORTRAIT,fora_do_escopo,,semanal,A,normal,2009-12-02,2010-12-09,173,0,2.16,0.00,59,14,8931.06,1354,51.62,167.09,1.0000,0.119,2,f,t,733.42
22171,3 HOOK PHOTO SHELF ANTIQUE WHITE,fora_do_escopo,,semanal,A,normal,2009-12-01,2010-12-09,181,0,2.07,0.00,18,14,10503.85,1391,58.03,196.03,1.0000,0.318,0,f,t,733.42
22172,METAL SHELF WITH RAIL,provavel_descontinuacao,50,semanal,A,ruptura,2009-12-01,2010-09-29,117,71,2.60,27.27,58,14,3451.82,378,29.50,79.33,0.0000,0.053,102,f,t,733.42
22173,METAL 4 HOOK HANGER FRENCH CHATEAU,fora_do_escopo,,diario,A,normal,2009-12-01,2010-12-09,195,0,1.92,0.00,106,7,8010.00,2696,41.08,149.55,1.0000,0.088,0,f,t,733.42
22174,PHOTO CUBE,fora_do_escopo,,semanal,A,normal,2009-12-01,2010-12-09,136,0,2.76,0.00,80,14,5022.87,2210,36.93,93.57,1.0000,0.028,2,f,t,733.42
22175,PINK OWL SOFT TOY,fora_do_escopo,,semanal,A,normal,2009-12-02,2010-12-09,138,0,2.72,0.00,14,14,2772.64,971,20.09,51.80,1.0000,0.090,0,f,t,733.42
22176,BLUE OWL SOFT TOY,fora_do_escopo,,semanal,B,normal,2009-12-02,2010-12-09,115,0,3.26,0.00,15,14,2058.97,688,17.90,38.41,1.0000,0.119,6,f,t,733.42
22177,5 HOOK BLACKBOARD ORGANISER,provavel_descontinuacao,49,semanal,A,ruptura,2009-12-01,2010-08-25,73,106,3.71,28.58,113,14,3111.41,326,42.62,80.46,0.0000,0.232,0,f,t,733.42
22178,VICTORIAN GLASS HANGING T-LIGHT,fora_do_escopo,,diario,A,normal,2009-12-01,2010-12-09,277,0,1.35,0.00,13,7,20142.52,16444,72.72,376.65,1.0000,0.125,6,f,t,733.42
22179,SET 10 LIGHTS NIGHT OWL,fora_do_escopo,,semanal,A,normal,2009-12-01,2010-12-09,185,0,2.03,0.00,16,14,7727.55,1127,41.77,144.24,1.0000,0.074,7,f,t,733.42
22180,RETROSPOT LAMP,fora_do_escopo,,semanal,A,normal,2009-12-01,2010-12-09,167,0,2.25,0.00,20,14,6881.67,674,41.21,128.37,1.0000,0.044,56,f,t,733.42
22181,SNOWSTORM PHOTO FRAME FRIDGE MAGNET,fora_do_escopo,,semanal,B,normal,2009-12-02,2010-12-09,75,0,5.03,0.00,42,14,816.74,976,10.89,15.16,1.0000,0.169,56,f,t,733.42
22182,CAKE STAND VICTORIAN FILIGREE SMALL,fora_do_escopo,,mensal,B,normal,2009-12-02,2010-12-09,45,0,8.45,0.00,42,28,769.55,197,17.10,14.16,1.0000,0.129,135,f,t,733.42
22183,CAKE STAND VICTORIAN FILIGREE MED,fora_do_escopo,,semanal,B,normal,2009-12-02,2010-12-09,72,0,5.24,0.00,39,14,1549.21,291,21.52,28.75,1.0000,0.069,175,f,t,733.42
22184,CAKE STAND VICTORIAN FILIGREE LARGE,fora_do_escopo,,semanal,B,normal,2009-12-02,2010-12-09,91,0,4.13,0.00,28,14,2525.35,346,27.75,47.00,1.0000,0.089,0,f,t,733.42
22185,SLATE TILE NATURAL HANGING,fora_do_escopo,,semanal,A,normal,2009-12-01,2010-12-07,184,2,2.03,0.99,14,14,4046.59,2458,21.99,75.94,0.3729,0.026,9,f,t,733.42
22186,RED STAR CARD HOLDER,fora_do_escopo,,semanal,A,normal,2009-12-01,2010-12-09,107,0,3.52,0.00,44,14,3575.63,1193,33.42,66.48,1.0000,0.050,0,f,t,733.42
22187,GREEN CHRISTMAS TREE CARD HOLDER,fora_do_escopo,,semanal,A,normal,2009-12-01,2010-12-09,87,0,4.34,0.00,70,14,3872.07,893,44.51,71.83,1.0000,0.046,10,t,t,733.42
22188,BLACK HEART CARD HOLDER,fora_do_escopo,,diario,A,normal,2009-12-14,2010-12-09,201,0,1.80,0.00,42,7,20713.83,7613,103.05,400.77,1.0000,0.661,0,f,t,733.42
22189,CREAM HEART CARD HOLDER,fora_do_escopo,,diario,A,normal,2009-12-01,2010-12-09,239,0,1.57,0.00,60,7,31135.26,10072,130.27,581.86,1.0000,0.411,0,f,t,733.42
22190,LOCAL CAFE MUG,fora_do_escopo,,semanal,B,normal,2009-12-01,2010-12-09,94,0,4.01,0.00,26,14,1602.60,752,17.05,29.76,1.0000,0.364,23,f,t,733.42
22191,IVORY DINER WALL CLOCK,fora_do_escopo,,semanal,A,normal,2009-12-01,2010-12-09,133,0,2.83,0.00,112,14,4550.90,551,34.22,84.76,1.0000,0.105,6,f,t,733.42
22192,BLUE DINER WALL CLOCK,fora_do_escopo,,semanal,A,normal,2009-12-01,2010-12-09,113,0,3.33,0.00,84,14,4102.47,492,36.31,76.31,1.0000,0.065,1,f,t,733.42
22193,RED DINER WALL CLOCK,fora_do_escopo,,semanal,A,normal,2009-12-01,2010-12-09,98,0,3.85,0.00,177,14,4473.41,535,45.65,83.09,1.0000,0.106,6,f,t,733.42
22194,BLACK DINER WALL CLOCK,fora_do_escopo,,semanal,A,normal,2009-12-01,2010-12-09,101,0,3.73,0.00,35,14,2620.41,311,25.94,48.69,1.0000,0.105,31,f,t,733.42
22195,LARGE HEART MEASURING SPOONS,fora_do_escopo,,diario,A,normal,2009-12-01,2010-12-09,205,0,1.83,0.00,13,7,5730.99,3300,27.96,107.03,1.0000,0.040,0,f,t,733.42
22196,SMALL HEART MEASURING SPOONS,fora_do_escopo,,diario,A,normal,2009-12-01,2010-12-09,238,0,1.57,0.00,13,7,3528.79,3881,14.83,65.95,1.0000,0.053,0,f,t,733.42
22197,SMALL POPCORN HOLDER,fora_do_escopo,,diario,A,normal,2009-12-01,2010-12-09,277,0,1.35,0.00,13,7,29566.62,32977,106.74,552.87,1.0000,0.230,6,f,t,733.42
22198,LARGE POPCORN HOLDER,fora_do_escopo,,diario,A,normal,2009-12-01,2010-12-09,248,0,1.51,0.00,13,7,11733.02,6782,47.31,219.30,1.0000,0.084,6,f,t,733.42
22199,FRYING PAN RED RETROSPOT,fora_do_escopo,,semanal,A,normal,2009-12-01,2010-12-09,166,0,2.26,0.00,18,14,5715.83,1395,34.43,106.62,1.0000,0.345,6,f,t,733.42
22200,FRYING PAN PINK POLKADOT,fora_do_escopo,,semanal,A,normal,2009-12-01,2010-12-08,148,1,2.53,0.40,13,14,4073.13,919,27.52,76.13,0.6736,0.244,9,f,t,733.42
22201,FRYING PAN BLUE POLKADOT,fora_do_escopo,,semanal,B,normal,2009-12-01,2010-12-09,74,0,5.11,0.00,29,14,1330.32,318,17.98,24.63,1.0000,0.419,6,f,t,733.42
22202,MILK PAN PINK RETROSPOT,fora_do_escopo,,semanal,A,normal,2009-12-02,2010-12-08,156,1,2.39,0.42,14,14,4095.77,1030,26.25,76.78,0.6585,0.252,9,f,t,733.42
22203,MILK PAN RED RETROSPOT,fora_do_escopo,,semanal,A,normal,2009-12-01,2010-12-09,168,0,2.23,0.00,16,14,4054.36,1013,24.13,75.63,1.0000,0.255,6,f,t,733.42
22204,MILK PAN BLUE POLKADOT,fora_do_escopo,,semanal,B,atraso,2009-12-03,2010-11-30,72,9,5.10,1.77,18,14,1308.50,341,18.17,24.95,0.1712,0.373,6,f,t,733.42
22206,"MUG , DOTCOMGIFTSHOP.COM",fora_do_escopo,,ocasional,C,normal,2010-06-07,2010-11-23,5,16,42.25,0.38,88,,7.65,9,1.53,0.25,0.6848,,,f,f,733.42
22207,FRYING PAN UNION FLAG,fora_do_escopo,,semanal,A,normal,2009-12-01,2010-12-09,173,0,2.17,0.00,15,14,7886.57,1853,45.59,147.15,1.0000,0.223,7,f,t,733.42
22208,WOOD STAMP SET THANK YOU,fora_do_escopo,,semanal,B,normal,2009-12-01,2010-12-09,114,0,3.30,0.00,19,14,1537.01,890,13.48,28.59,1.0000,0.045,31,f,t,733.42
22209,WOOD STAMP SET HAPPY BIRTHDAY,fora_do_escopo,,semanal,B,normal,2009-12-03,2010-12-06,75,3,4.97,0.60,26,14,814.53,484,10.86,15.29,0.5470,0.073,0,f,t,733.42
22210,WOOD STAMP SET BEST WISHES,fora_do_escopo,,semanal,B,normal,2009-12-02,2010-12-09,85,0,4.43,0.00,20,14,993.30,599,11.69,18.47,1.0000,0.140,143,f,t,733.42
22211,WOOD STAMP SET FLOWERS,fora_do_escopo,,semanal,B,normal,2009-12-01,2010-12-08,75,1,5.03,0.20,27,14,909.86,529,12.13,16.89,0.8196,0.109,0,f,t,733.42
22212,FOUR HOOK  WHITE LOVEBIRDS,fora_do_escopo,,diario,A,normal,2009-12-01,2010-12-09,231,0,1.62,0.00,13,7,5155.74,2499,22.32,96.34,1.0000,0.062,7,f,t,733.42
22214,CANDLE PLATE LACE WHITE,monitorar,97,mensal,B,indicio,2009-12-01,2010-11-15,33,24,10.91,2.20,31,28,863.19,356,26.16,16.79,0.1107,0.234,85,f,t,733.42
22215,CAKE STAND WHITE TWO TIER LACE,fora_do_escopo,,semanal,A,atraso,2009-12-01,2010-12-06,167,3,2.23,1.35,16,14,6449.04,755,38.62,121.28,0.2603,0.052,6,f,t,733.42
22216,T-LIGHT HOLDER WHITE LACE,fora_do_escopo,,mensal,C,normal,2009-12-02,2010-12-03,45,6,8.32,0.72,29,28,719.50,818,15.99,13.46,0.4861,0.209,77,f,f,733.42
22217,T-LIGHT HOLDER HANGING LACE,fora_do_escopo,,semanal,B,normal,2009-12-09,2010-12-06,106,3,3.45,0.87,15,14,2012.34,1554,18.98,38.55,0.4189,0.051,111,f,t,733.42
22218,CAKE STAND LACE WHITE,monitorar,16,semanal,A,ruptura,2009-12-01,2010-11-21,168,18,2.13,8.47,19,14,5374.16,1234,31.99,105.34,0.0002,0.100,0,f,t,733.42
22219,LOVEBIRD HANGING DECORATION WHITE,fora_do_escopo,,diario,A,normal,2009-12-01,2010-12-09,264,0,1.42,0.00,21,7,5389.68,5796,20.42,100.76,1.0000,0.052,0,f,t,733.42
22220,CAKE STAND LOVEBIRD 2 TIER WHITE,monitorar,18,semanal,A,indicio,2009-12-02,2010-12-01,136,8,2.70,2.97,17,14,5046.14,515,37.10,96.33,0.0515,0.061,234,f,t,733.42
22221,CAKE STAND LOVEBIRD 2 TIER PINK,fora_do_escopo,,semanal,A,normal,2009-12-17,2010-12-06,88,3,4.07,0.74,18,14,5628.12,776,63.96,110.03,0.4784,0.558,0,f,t,733.42
22222,CAKE PLATE LOVEBIRD WHITE,fora_do_escopo,,semanal,B,atraso,2009-12-01,2010-12-05,137,4,2.71,1.47,16,14,2330.14,442,17.01,43.88,0.2289,0.045,0,f,t,733.42
22223,CAKE PLATE LOVEBIRD PINK,fora_do_escopo,,semanal,B,normal,2009-12-04,2010-12-06,85,3,4.37,0.69,26,14,1553.17,287,18.27,29.28,0.5033,0.066,85,f,t,733.42
22224,WHITE LOVEBIRD LANTERN,fora_do_escopo,,semanal,A,normal,2009-12-01,2010-12-09,157,0,2.39,0.00,17,14,4870.14,1569,31.02,90.81,1.0000,0.144,9,f,t,733.42
22227,HANGING HEART MIRROR DECORATION,fora_do_escopo,,diario,A,normal,2009-12-02,2010-12-09,207,0,1.81,0.00,14,7,2728.79,3810,13.18,51.10,1.0000,0.029,107,f,t,733.42
22228,BUNNY WOODEN PAINTED WITH BIRD,fora_do_escopo,,semanal,C,ruptura,2009-12-03,2010-11-22,80,17,4.48,3.79,34,14,679.67,728,8.50,13.27,0.0225,0.060,233,f,f,733.42
22229,BUNNY WOODEN PAINTED WITH FLOWER,fora_do_escopo,,semanal,C,indicio,2009-12-04,2010-11-22,62,17,5.79,2.94,74,14,412.84,439,6.66,8.05,0.0530,0.074,64,f,f,733.42
22230,JIGSAW TREE WITH WATERING CAN,fora_do_escopo,,semanal,C,atraso,2009-12-02,2010-11-30,75,9,4.91,1.83,24,14,654.86,611,8.73,12.46,0.1597,0.047,30,f,f,733.42
22231,JIGSAW TREE WITH BIRDHOUSE,fora_do_escopo,,semanal,B,normal,2009-12-01,2010-12-09,108,0,3.49,0.00,21,14,1729.71,1168,16.02,32.16,1.0000,0.173,9,f,t,733.42
22232,JIGSAW TOADSTOOLS 3 PIECE,fora_do_escopo,,semanal,C,indicio,2009-12-01,2010-11-24,64,15,5.68,2.64,26,14,714.53,419,11.16,13.75,0.0714,0.130,9,f,f,733.42
22233,JIGSAW RABBIT AND BIRDHOUSE,fora_do_escopo,,mensal,C,normal,2009-12-09,2010-12-09,52,0,7.16,0.00,44,28,607.92,356,11.69,11.43,1.0000,0.098,30,f,f,733.42
22236,CAKE STAND 3 TIER MAGIC GARDEN,fora_do_escopo,,semanal,A,normal,2009-12-10,2010-12-09,181,0,2.02,0.00,14,14,10497.82,833,58.00,200.77,1.0000,0.052,0,f,t,733.42
22241,GARLAND WOODEN HAPPY EASTER,sazonal,13,semanal,A,indicio,2009-12-01,2010-12-01,103,8,3.58,2.24,40,14,3257.99,2401,31.63,61.88,0.1069,0.103,1,t,t,733.42
22242,"HOOK, 5 HANGER , MAGIC TOADSTOOL",fora_do_escopo,,diario,A,normal,2009-12-10,2010-12-09,197,0,1.86,0.00,18,7,6698.61,4195,34.00,128.17,1.0000,0.250,9,f,t,733.42
22243,5 HOOK HANGER RED MAGIC TOADSTOOL,fora_do_escopo,,semanal,A,normal,2009-12-13,2010-12-09,154,0,2.36,0.00,90,14,7207.67,4639,46.80,138.85,1.0000,0.522,9,f,t,733.42
22244,3 HOOK HANGER MAGIC GARDEN,fora_do_escopo,,semanal,A,normal,2009-12-09,2010-12-09,154,0,2.39,0.00,71,14,5971.91,3125,38.78,113.79,1.0000,0.345,9,f,t,733.42
22245,"HOOK, 1 HANGER ,MAGIC GARDEN",fora_do_escopo,,diario,A,normal,2009-12-09,2010-12-08,194,1,1.89,0.53,16,7,2992.64,3454,15.43,57.25,0.5885,0.089,2,f,t,733.42
22246,"GARLAND, MAGIC GARDEN 1.8M",fora_do_escopo,,semanal,B,normal,2009-12-01,2010-12-09,84,0,4.49,0.00,28,14,1426.31,681,16.98,26.45,1.0000,0.167,8,f,t,733.42
22247,BUNNY DECORATION MAGIC GARDEN,fora_do_escopo,,mensal,C,atraso,2009-12-13,2010-11-29,51,10,7.02,1.42,100,28,434.75,520,8.52,8.50,0.2406,0.226,0,f,f,733.42
22248,DECORATION  PINK CHICK MAGIC GARDEN,fora_do_escopo,,semanal,C,normal,2009-12-02,2010-12-03,55,6,6.78,0.89,56,14,378.92,422,6.89,7.12,0.4126,0.108,112,f,f,733.42
22249,DECORATION WHITE CHICK MAGIC GARDEN,fora_do_escopo,,semanal,C,indicio,2009-12-13,2010-11-28,71,11,5.00,2.20,59,14,623.50,710,8.78,12.29,0.1108,0.092,7,f,f,733.42
22250,DECORATION  BUTTERFLY  MAGIC GARDEN,fora_do_escopo,,semanal,C,atraso,2009-12-13,2010-12-03,91,6,3.94,1.52,35,14,659.54,708,7.25,12.86,0.2185,0.140,8,f,f,733.42
22251,BIRDHOUSE DECORATION MAGIC GARDEN,fora_do_escopo,,semanal,B,atraso,2009-12-17,2010-12-05,115,4,3.10,1.29,19,14,1448.16,1174,12.59,28.47,0.2748,0.158,7,f,t,733.42
22252,BIRDCAGE DECORATION TEALIGHT HOLDER,fora_do_escopo,,mensal,C,normal,2009-12-10,2010-12-05,40,4,9.23,0.43,29,28,436.49,331,10.91,8.28,0.6483,0.093,22,f,f,733.42
22253,6 CROCHET STRAWBERRIES,provavel_descontinuacao,79,semanal,B,ruptura,2009-12-01,2010-04-08,59,245,2.21,111.02,16,14,1164.53,969,19.74,62.61,0.0000,0.350,9,f,t,733.42
22254,FELT TOADSTOOL LARGE,fora_do_escopo,,semanal,B,normal,2009-12-01,2010-12-09,69,0,5.49,0.00,36,14,971.66,754,14.08,17.97,1.0000,0.077,0,f,t,733.42
22255,FELT TOADSTOOL  SMALL,fora_do_escopo,,semanal,C,normal,2009-12-01,2010-12-09,59,0,6.43,0.00,35,14,554.15,589,9.39,10.22,1.0000,0.055,16,f,f,733.42
22256,FELT FARM ANIMAL CHICKEN,fora_do_escopo,,mensal,B,normal,2009-12-07,2010-12-07,51,2,7.30,0.27,77,28,819.68,652,16.07,15.41,0.7604,0.186,49,f,t,733.42
22257,FELT FARM ANIMAL SHEEP,fora_do_escopo,,mensal,C,ruptura,2010-01-21,2010-05-09,15,214,7.71,27.74,39,28,66.31,47,4.42,4.01,0.0000,0.226,93,f,f,733.42
22258,FELT FARM ANIMAL RABBIT,fora_do_escopo,,mensal,C,atraso,2009-12-04,2010-11-25,42,14,8.68,1.61,212,28,550.91,433,13.12,10.57,0.1994,0.277,49,f,f,733.42
22259,FELT FARM ANIMAL HEN,fora_do_escopo,,mensal,C,normal,2010-01-24,2010-11-29,24,10,13.43,0.74,129,28,152.61,111,6.36,3.31,0.4750,0.098,52,f,f,733.42
22260,FELT EGG COSY BLUE RABBIT,fora_do_escopo,,semanal,B,normal,2009-12-02,2010-12-09,98,0,3.84,0.00,21,14,1040.77,1024,10.62,19.38,1.0000,0.208,0,f,t,733.42
22261,FELT EGG COSY WHITE RABBIT,fora_do_escopo,,semanal,B,normal,2009-12-01,2010-12-08,90,1,4.18,0.24,64,14,1491.30,1534,16.57,27.75,0.7872,0.169,0,f,t,733.42
22262,FELT EGG COSY CHICKEN,fora_do_escopo,,semanal,B,normal,2009-12-01,2010-12-09,114,0,3.30,0.00,16,14,1032.50,1031,9.06,19.21,1.0000,0.040,31,f,t,733.42
22263,FELT EGG COSY LADYBIRD,fora_do_escopo,,mensal,C,atraso,2009-12-06,2010-11-29,48,10,7.62,1.31,37,28,435.66,515,9.08,8.34,0.2691,0.476,9,f,f,733.42
22264,FELT FARM ANIMAL WHITE BUNNY,fora_do_escopo,,semanal,C,normal,2009-12-14,2010-12-08,54,1,6.77,0.15,58,14,433.05,473,8.02,8.29,0.8627,0.071,22,f,f,733.42
22265,EASTER DECORATION NATURAL CHICK,fora_do_escopo,,semanal,B,normal,2009-12-02,2010-12-08,76,1,4.95,0.20,25,14,849.41,1313,11.18,15.82,0.8170,0.177,0,t,t,733.42
22266,EASTER DECORATION HANGING BUNNY,fora_do_escopo,,semanal,C,ruptura,2009-12-17,2010-06-25,48,167,4.04,41.31,32,14,446.21,658,9.30,16.10,0.0000,0.111,196,t,f,733.42
22267,EASTER DECORATION EGG BUNNY,fora_do_escopo,,semanal,C,ruptura,2009-12-07,2010-03-30,29,254,4.04,62.94,29,14,619.55,637,21.36,37.06,0.0000,0.339,0,t,f,733.42
22268,EASTER DECORATION SITTING BUNNY,fora_do_escopo,,semanal,C,indicio,2009-12-13,2010-11-24,54,15,6.53,2.30,61,14,474.05,551,8.78,9.41,0.1005,0.219,8,t,f,733.42
22269,EGG CUP NATURAL CHICKEN,fora_do_escopo,,semanal,B,normal,2009-12-02,2010-12-09,67,0,5.64,0.00,35,14,739.97,591,11.04,13.72,1.0000,0.183,216,f,t,733.42
22270,HAPPY EASTER HANGING DECORATION,sazonal,20,semanal,B,ruptura,2009-12-03,2010-11-12,69,27,5.06,5.34,40,14,1718.97,448,24.91,34.47,0.0048,0.189,2,t,t,733.42
22271,FELTCRAFT DOLL ROSIE,fora_do_escopo,,diario,A,normal,2009-12-01,2010-12-09,227,0,1.65,0.00,20,7,9196.15,3260,40.51,171.82,1.0000,0.126,30,f,t,733.42
22272,FELTCRAFT DOLL MARIA,fora_do_escopo,,semanal,A,normal,2009-12-01,2010-12-09,167,0,2.25,0.00,14,14,3366.04,1201,20.16,62.79,1.0000,0.102,0,f,t,733.42
22273,FELTCRAFT DOLL MOLLY,fora_do_escopo,,diario,A,normal,2009-12-01,2010-12-09,222,0,1.69,0.00,14,7,8329.43,2899,37.52,155.61,1.0000,0.088,211,f,t,733.42
22274,FELTCRAFT DOLL EMILY,fora_do_escopo,,diario,A,normal,2009-12-01,2010-12-09,205,0,1.83,0.00,18,7,6999.57,2487,34.14,130.72,1.0000,0.105,211,f,t,733.42
22275,WEEKEND BAG VINTAGE ROSE PAISLEY,monitorar,9,semanal,A,ruptura,2009-12-01,2010-12-02,172,7,2.14,3.27,25,14,7909.33,950,45.98,150.39,0.0380,0.193,7,f,t,733.42
22276,WASH BAG VINTAGE ROSE PAISLEY,fora_do_escopo,,semanal,A,normal,2009-12-01,2010-12-09,180,0,2.08,0.00,13,14,4273.97,1666,23.74,79.76,1.0000,0.115,7,f,t,733.42
22277,COSMETIC BAG VINTAGE ROSE PAISLEY,fora_do_escopo,,semanal,B,normal,2009-12-01,2010-12-06,121,3,3.08,0.97,17,14,2130.60,1026,17.61,39.98,0.3780,0.125,211,f,t,733.42
22278,OVERNIGHT BAG VINTAGE ROSE PAISLEY,fora_do_escopo,,semanal,A,normal,2009-12-02,2010-12-09,147,0,2.55,0.00,13,14,3582.71,660,24.37,66.96,1.0000,0.099,6,f,t,733.42
22279,POCKET BAG BLUE PAISLEY RED SPOT,fora_do_escopo,,semanal,B,normal,2009-12-02,2010-12-06,68,3,5.51,0.54,29,14,1107.47,614,16.29,20.70,0.5800,0.200,67,f,t,733.42
22280,POCKET BAG PINK PAISELY BROWN SPOT,fora_do_escopo,,semanal,B,normal,2009-12-01,2010-12-06,57,3,6.61,0.45,31,14,747.50,415,13.11,13.89,0.6350,0.297,67,f,t,733.42
22281,EASTER TREE YELLOW BIRDS,sazonal,18,semanal,B,indicio,2009-12-01,2010-11-22,54,17,6.72,2.53,144,14,2368.32,382,43.86,45.71,0.0796,0.270,0,t,t,733.42
22282,12 EGG HOUSE PAINTED WOOD,fora_do_escopo,,semanal,A,normal,2009-12-01,2010-12-09,99,0,3.81,0.00,18,14,5028.13,416,50.79,93.41,1.0000,0.255,0,f,t,733.42
22283,6 EGG HOUSE PAINTED WOOD,fora_do_escopo,,semanal,A,normal,2009-12-01,2010-12-09,157,0,2.39,0.00,14,14,5950.22,749,37.90,110.96,1.0000,0.157,0,f,t,733.42
22284,HEN HOUSE DECORATION,fora_do_escopo,,semanal,B,atraso,2009-12-03,2010-12-06,126,3,2.94,1.02,22,14,2448.78,1554,19.43,46.21,0.3609,0.123,0,f,t,733.42
22285,"DECORATION HEN ON NEST, HANGING",fora_do_escopo,,semanal,A,normal,2009-12-06,2010-12-06,104,3,3.54,0.85,33,14,2812.63,1868,27.04,53.42,0.4289,0.297,9,f,t,733.42
22286,"DECORATION , WOBBLY RABBIT , METAL",monitorar,73,semanal,B,indicio,2009-12-01,2010-11-24,53,15,6.88,2.18,144,14,1179.91,815,22.26,22.64,0.1132,0.254,0,f,t,733.42
22287,"DECORATION , WOBBLY CHICKEN, METAL",fora_do_escopo,,semanal,C,ruptura,2009-12-03,2010-06-01,34,191,5.45,35.02,53,14,727.14,551,21.39,27.45,0.0000,0.413,0,f,f,733.42
22288,HANGING METAL RABBIT DECORATION,fora_do_escopo,,mensal,B,normal,2009-12-01,2010-12-09,48,0,7.94,0.00,62,28,920.33,841,19.17,16.91,1.0000,0.228,0,f,t,733.42
22289,"DECORATION , HANGING METAL CHICKEN",fora_do_escopo,,mensal,C,indicio,2009-12-01,2010-11-17,38,22,9.49,2.32,42,28,623.96,616,16.42,12.12,0.0984,0.337,0,f,f,733.42
22290,STANDING METAL RABBIT WITH EGG,provavel_descontinuacao,51,semanal,B,ruptura,2009-12-09,2010-03-31,48,253,2.38,106.17,27,14,1260.82,688,26.27,77.16,0.0000,0.333,0,f,t,733.42
22291,"SPRING DEC , HANGING CHICK CREAM",monitorar,29,semanal,B,indicio,2009-12-03,2010-11-28,81,11,4.50,2.44,31,14,2509.81,1906,30.99,48.20,0.0868,0.275,7,f,t,733.42
22292,HANGING CHICK  YELLOW DECORATION,fora_do_escopo,,semanal,B,normal,2009-12-03,2010-12-08,83,1,4.51,0.22,29,14,2188.16,1655,26.36,40.90,0.8012,0.165,9,f,t,733.42
22293,HANGING CHICK GREEN DECORATION,fora_do_escopo,,semanal,B,normal,2009-12-02,2010-12-08,80,1,4.70,0.21,64,14,1567.99,1159,19.60,29.21,0.8082,0.163,0,f,t,733.42
22294,HEART FILIGREE DOVE  SMALL,fora_do_escopo,,diario,A,normal,2009-12-01,2010-12-09,254,0,1.47,0.00,15,7,14315.69,11593,56.36,267.60,1.0000,0.158,9,f,t,733.42
22295,HEART FILIGREE DOVE LARGE,fora_do_escopo,,diario,A,normal,2009-12-01,2010-12-08,197,1,1.90,0.53,74,7,9782.98,5933,49.66,183.15,0.5904,0.128,9,f,t,733.42
22296,HEART IVORY TRELLIS LARGE,fora_do_escopo,,diario,A,normal,2009-12-01,2010-12-09,220,0,1.70,0.00,58,7,11182.74,6818,50.83,208.91,1.0000,0.168,9,f,t,733.42
22297,HEART IVORY TRELLIS SMALL,fora_do_escopo,,diario,A,normal,2009-12-01,2010-12-09,250,0,1.50,0.00,16,7,12595.44,9810,50.38,235.43,1.0000,0.073,9,f,t,733.42
22299,PIG KEYRING WITH LIGHT & SOUND,fora_do_escopo,,semanal,A,normal,2009-12-03,2010-12-07,91,2,4.10,0.49,43,14,3120.16,2588,34.29,58.54,0.6140,0.326,10,f,t,733.42
22300,COFFEE MUG DOG + BALL DESIGN,fora_do_escopo,,diario,A,normal,2009-12-01,2010-12-09,204,0,1.84,0.00,16,7,6747.19,2687,33.07,126.00,1.0000,0.045,0,f,t,733.42
22301,COFFEE MUG CAT + BIRD DESIGN,fora_do_escopo,,diario,A,normal,2009-12-01,2010-12-09,217,0,1.73,0.00,15,7,7490.23,2927,34.52,139.92,1.0000,0.040,0,f,t,733.42
22302,COFFEE MUG PEARS  DESIGN,ruptura_provavel,9,semanal,A,ruptura,2009-12-01,2010-10-15,120,55,2.67,20.58,22,14,5373.46,2603,44.78,117.30,0.0000,0.287,0,f,t,733.42
22303,COFFEE MUG APPLES DESIGN,ruptura_provavel,6,semanal,A,ruptura,2009-12-01,2010-11-19,177,20,2.01,9.97,19,14,6381.23,2630,36.05,125.83,0.0000,0.059,9,f,t,733.42
22304,COFFEE MUG BLUE PAISLEY DESIGN,fora_do_escopo,,semanal,A,normal,2009-12-01,2010-12-08,97,1,3.88,0.26,19,14,3448.80,1661,35.55,64.23,0.7725,0.230,0,f,t,733.42
22305,COFFEE MUG PINK PAISLEY DESIGN,fora_do_escopo,,semanal,A,normal,2009-12-01,2010-12-08,82,1,4.59,0.22,22,14,3173.25,1600,38.70,58.98,0.8043,0.300,0,f,t,733.42
22306,SILVER MUG BONE CHINA TREE OF LIFE,fora_do_escopo,,mensal,B,normal,2009-12-09,2010-12-09,49,0,7.60,0.00,204,28,1046.22,536,21.35,19.66,1.0000,0.114,23,f,t,733.42
22307,GOLD MUG BONE CHINA TREE OF LIFE,fora_do_escopo,,mensal,B,normal,2009-12-07,2010-12-07,42,2,8.90,0.22,154,28,972.54,502,23.16,18.21,0.7988,0.122,63,f,t,733.42
22308,TEA COSY BLUE STRIPE,fora_do_escopo,,semanal,B,normal,2009-12-01,2010-12-07,85,2,4.42,0.45,19,14,1238.03,433,14.57,23.08,0.6358,0.102,135,f,t,733.42
22309,TEA COSY RED  STRIPE,fora_do_escopo,,semanal,B,normal,2009-12-02,2010-12-09,118,0,3.18,0.00,15,14,2423.73,974,20.54,45.22,1.0000,0.285,6,f,t,733.42
22310,IVORY KNITTED MUG COSY,fora_do_escopo,,semanal,B,normal,2009-12-03,2010-12-09,94,0,3.99,0.00,32,14,1976.38,1134,21.03,36.89,1.0000,0.369,6,f,t,733.42
22311,OFFICE MUG WARMER BLACK+SILVER,fora_do_escopo,,semanal,A,normal,2009-12-01,2010-12-09,102,0,3.69,0.00,29,14,3505.39,1017,34.37,65.14,1.0000,0.276,9,f,t,733.42
22312,OFFICE MUG WARMER POLKADOT,fora_do_escopo,,semanal,B,normal,2009-12-01,2010-12-09,108,0,3.49,0.00,27,14,2580.96,672,23.90,47.99,1.0000,0.114,2,f,t,733.42
22313,OFFICE MUG WARMER PINK,fora_do_escopo,,semanal,B,normal,2009-12-02,2010-12-08,60,1,6.29,0.16,52,14,1695.34,458,28.26,31.45,0.8530,0.112,2,f,t,733.42
22314,OFFICE MUG WARMER CHOC+BLUE,fora_do_escopo,,semanal,B,normal,2009-12-02,2010-12-09,97,0,3.88,0.00,25,14,2326.76,592,23.99,43.33,1.0000,0.170,9,f,t,733.42
22315,200 RED + WHITE BENDY STRAWS,fora_do_escopo,,semanal,B,normal,2009-12-01,2010-12-09,151,0,2.49,0.00,14,14,1609.34,1282,10.66,30.00,1.0000,0.076,0,f,t,733.42
22316,200 BENDY SKULL STRAWS,fora_do_escopo,,semanal,C,normal,2009-12-09,2010-12-05,60,4,6.12,0.65,40,14,709.20,612,11.82,13.52,0.5201,0.287,63,f,f,733.42
22317,FIVE CATS HANGING DECORATION,fora_do_escopo,,semanal,B,atraso,2009-12-04,2010-12-01,70,8,5.25,1.52,22,14,965.69,305,13.80,18.41,0.2177,0.046,41,f,t,733.42
22318,FIVE HEART HANGING DECORATION,fora_do_escopo,,semanal,A,normal,2009-12-01,2010-12-07,172,2,2.17,0.92,18,14,3578.09,1164,20.80,67.12,0.3978,0.034,9,f,t,733.42
22319,HAIRCLIPS FORTIES FABRIC ASSORTED,fora_do_escopo,,semanal,B,normal,2009-12-01,2010-12-09,92,0,4.10,0.00,19,14,1141.38,1689,12.41,21.19,1.0000,0.048,9,f,t,733.42
22320,BIRDS MOBILE VINTAGE DESIGN,fora_do_escopo,,semanal,B,atraso,2009-12-01,2010-12-02,89,7,4.16,1.68,16,14,2421.55,413,27.21,45.79,0.1858,0.108,9,f,t,733.42
22321,BIRD DECORATION RED RETROSPOT,fora_do_escopo,,semanal,B,normal,2009-12-01,2010-12-09,140,0,2.68,0.00,17,14,1532.29,1691,10.94,28.55,1.0000,0.068,10,f,t,733.42
22322,BIRD DECORATION GREEN POLKADOT,fora_do_escopo,,semanal,B,normal,2009-12-02,2010-12-09,109,0,3.44,0.00,23,14,798.90,814,7.33,14.90,1.0000,0.051,0,f,t,733.42
22323,PINK POLKADOT KIDS BAG,monitorar,47,semanal,B,ruptura,2009-12-03,2010-11-25,95,14,3.80,3.69,25,14,1685.26,636,17.74,32.70,0.0251,0.272,6,f,t,733.42
22324,BLUE POLKADOT KIDS BAG,fora_do_escopo,,semanal,B,normal,2009-12-01,2010-12-09,73,0,5.18,0.00,34,14,1153.21,395,15.80,21.35,1.0000,0.354,6,f,t,733.42
22325,MOBILE VINTAGE HEARTS,fora_do_escopo,,semanal,B,normal,2009-12-01,2010-12-08,90,1,4.18,0.24,33,14,2027.28,454,22.53,37.72,0.7872,0.101,9,f,t,733.42
22326,ROUND SNACK BOXES SET OF4 WOODLAND,fora_do_escopo,,diario,A,normal,2010-01-07,2010-12-09,225,0,1.50,0.00,27,7,20608.06,7130,91.59,427.43,1.0000,0.250,9,f,t,733.42
22327,ROUND SNACK BOXES SET OF 4 SKULLS,fora_do_escopo,,diario,A,normal,2010-01-10,2010-12-09,198,0,1.69,0.00,8,7,5759.09,1931,29.09,120.45,1.0000,0.129,9,f,t,733.42
22328,ROUND SNACK BOXES SET OF 4 FRUITS,fora_do_escopo,,diario,A,normal,2010-01-07,2010-12-09,229,0,1.47,0.00,16,7,21377.89,7789,93.35,443.43,1.0000,0.179,0,f,t,733.42
22329,ROUND CONTAINER SET OF 5 RETROSPOT,fora_do_escopo,,diario,A,normal,2010-01-10,2010-12-08,207,1,1.61,0.62,7,7,5800.21,3570,28.02,121.70,0.5377,0.193,9,f,t,733.42
22330,72 ROUND PINK DOILIES,fora_do_escopo,,semanal,C,ruptura,2009-12-01,2010-02-07,18,305,4.00,76.25,13,14,197.90,128,10.99,19.24,0.0000,0.176,176,f,f,733.42
22331,WOODLAND PARTY BAG + STICKER SET,fora_do_escopo,,semanal,A,normal,2009-12-02,2010-12-09,173,0,2.16,0.00,20,14,3160.36,1892,18.27,59.13,1.0000,0.132,211,f,t,733.42
22332,SKULLS PARTY BAG + STICKER SET,fora_do_escopo,,semanal,A,normal,2009-12-03,2010-12-09,163,0,2.29,0.00,21,14,4873.90,3145,29.90,91.40,1.0000,0.343,7,f,t,733.42
22333,RETROSPOT PARTY BAG + STICKER SET,fora_do_escopo,,diario,A,normal,2009-12-01,2010-12-09,217,0,1.73,0.00,21,7,8830.13,5678,40.69,164.95,1.0000,0.205,7,f,t,733.42
22334,DINOSAUR PARTY BAG + STICKER SET,fora_do_escopo,,semanal,B,atraso,2009-12-03,2010-12-05,130,4,2.84,1.41,21,14,2421.35,1541,18.63,45.83,0.2451,0.228,6,f,t,733.42
22335,HEART DECORATION PAINTED ZINC,fora_do_escopo,,semanal,A,normal,2009-12-01,2010-12-09,172,0,2.18,0.00,13,14,4044.97,6370,23.52,75.47,1.0000,0.274,9,f,t,733.42
22336,DOVE DECORATION PAINTED ZINC,fora_do_escopo,,semanal,B,normal,2009-12-01,2010-12-09,87,0,4.34,0.00,48,14,1542.24,2353,17.73,28.61,1.0000,0.205,9,f,t,733.42
22337,ANGEL DECORATION PAINTED ZINC,fora_do_escopo,,mensal,B,normal,2009-12-01,2010-12-08,53,1,7.15,0.14,171,28,976.42,1597,18.42,18.03,0.8695,0.487,9,f,t,733.42
22338,STAR DECORATION PAINTED ZINC,fora_do_escopo,,semanal,B,normal,2009-12-01,2010-12-09,64,0,5.92,0.00,59,14,963.44,1471,15.05,17.80,1.0000,0.164,9,f,t,733.42
22339,CHRISTMAS TREE PAINTED ZINC,fora_do_escopo,,mensal,C,normal,2009-12-02,2010-12-08,52,1,7.27,0.14,94,28,724.19,1084,13.93,13.40,0.8716,0.097,3,t,f,733.42
22340,NOEL GARLAND PAINTED ZINC,fora_do_escopo,,mensal,B,normal,2009-12-01,2010-12-06,41,3,9.25,0.32,73,28,747.00,414,18.22,13.79,0.7230,0.080,80,f,t,733.42
22341,LOVE GARLAND PAINTED ZINC,fora_do_escopo,,semanal,A,normal,2009-12-02,2010-12-09,129,0,2.91,0.00,17,14,4901.08,3030,37.99,91.51,1.0000,0.535,30,f,t,733.42
22342,HOME GARLAND PAINTED ZINC,fora_do_escopo,,semanal,B,normal,2009-12-02,2010-12-07,98,2,3.81,0.52,15,14,1461.00,848,14.91,27.36,0.5920,0.095,260,f,t,733.42
22343,PARTY PIZZA DISH RED RETROSPOT,fora_do_escopo,,semanal,B,normal,2009-12-02,2010-12-08,82,1,4.58,0.22,21,14,1122.61,1335,13.69,20.92,0.8039,0.404,9,f,t,733.42
22344,PARTY PIZZA DISH PINK POLKADOT,fora_do_escopo,,mensal,C,normal,2009-12-02,2010-12-06,52,3,7.24,0.41,28,28,359.37,368,6.91,6.69,0.6606,0.085,1,f,f,733.42
22345,PARTY PIZZA DISH BLUE POLKADOT,fora_do_escopo,,mensal,C,normal,2009-12-02,2010-12-06,53,3,7.10,0.42,31,28,325.07,363,6.13,6.05,0.6552,0.094,1,f,f,733.42
22346,PARTY PIZZA DISH GREEN POLKADOT,fora_do_escopo,,mensal,C,normal,2009-12-02,2010-12-05,39,4,9.68,0.41,31,28,242.57,279,6.22,4.50,0.6616,0.221,9,f,f,733.42
22347,PIZZA SLICE DISH,provavel_descontinuacao,44,semanal,A,ruptura,2009-12-01,2010-08-20,75,111,3.54,31.35,39,14,3126.68,2722,41.69,82.42,0.0000,0.468,6,f,t,733.42
22348,TEA BAG PLATE RED RETROSPOT,fora_do_escopo,,diario,A,normal,2009-12-01,2010-12-09,254,0,1.47,0.00,14,7,7130.14,8488,28.07,133.28,1.0000,0.156,14,f,t,733.42
22349,DOG BOWL CHASING BALL DESIGN,fora_do_escopo,,semanal,A,normal,2009-12-01,2010-12-08,163,1,2.30,0.44,13,14,5230.27,1220,32.09,97.82,0.6470,0.047,57,f,t,733.42
22350,ILLUSTRATED CAT BOWL,fora_do_escopo,,semanal,A,normal,2009-12-01,2010-12-09,154,0,2.44,0.00,18,14,4132.44,1451,26.83,77.05,1.0000,0.110,14,f,t,733.42
22352,LUNCH BOX WITH CUTLERY RETROSPOT,fora_do_escopo,,diario,A,normal,2009-12-01,2010-12-09,261,0,1.43,0.00,12,7,10242.15,4098,39.24,191.48,1.0000,0.086,9,f,t,733.42
22353,LUNCH BOX WITH CUTLERY FAIRY CAKES,ruptura_provavel,3,diario,A,ruptura,2009-12-01,2010-11-09,206,30,1.67,17.93,13,7,7777.64,2984,37.76,157.96,0.0000,0.130,9,f,t,733.42
22354,RETROSPOT PADDED SEAT CUSHION,fora_do_escopo,,semanal,A,normal,2009-12-02,2010-12-08,139,1,2.69,0.37,22,14,5706.08,1508,41.05,106.89,0.6894,0.107,2,f,t,733.42
22355,CHARLOTTE BAG SUKI DESIGN,fora_do_escopo,,diario,A,normal,2009-12-01,2010-12-09,278,0,1.35,0.00,15,7,17355.49,14540,62.43,324.53,1.0000,0.028,0,f,t,733.42
22356,CHARLOTTE BAG PINK POLKADOT,fora_do_escopo,,diario,A,normal,2009-12-01,2010-12-09,278,0,1.35,0.00,14,7,9832.15,10518,35.37,183.85,1.0000,0.125,9,f,t,733.42
22357,KINGS CHOICE BISCUIT TIN,fora_do_escopo,,semanal,A,normal,2010-01-07,2010-12-09,165,0,2.05,0.00,10,14,7279.28,1626,44.12,150.73,1.0000,0.441,2,f,t,733.42
22358,KINGS CHOICE TEA CADDY,fora_do_escopo,,diario,A,normal,2010-01-06,2010-12-09,191,0,1.77,0.00,7,7,6004.78,1994,31.44,124.08,1.0000,0.102,1,f,t,733.42
22359,GLASS JAR KINGS CHOICE,fora_do_escopo,,semanal,A,normal,2010-03-16,2010-12-08,92,1,2.93,0.34,14,14,3511.35,1113,38.17,91.06,0.7112,0.636,2,f,t,733.42
22360,GLASS JAR ENGLISH CONFECTIONERY,fora_do_escopo,,semanal,A,normal,2009-12-13,2010-12-08,133,1,2.73,0.37,92,14,4451.93,1520,33.47,85.91,0.6930,0.234,14,f,t,733.42
22361,GLASS JAR DAISY FRESH COTTON WOOL,fora_do_escopo,,diario,A,atraso,2010-03-15,2010-12-07,144,2,1.87,1.07,6,7,3491.19,1128,24.24,90.89,0.3426,0.343,14,f,t,733.42
22362,GLASS JAR PEACOCK BATH SALTS,fora_do_escopo,,semanal,B,atraso,2010-03-15,2010-12-05,86,4,3.12,1.28,14,14,1143.04,360,13.29,29.84,0.2772,0.041,4,f,t,733.42
22363,GLASS JAR MARMALADE,fora_do_escopo,,semanal,B,atraso,2010-03-15,2010-12-03,76,6,3.51,1.71,21,14,928.50,302,12.22,24.39,0.1807,0.069,32,f,t,733.42
22364,GLASS JAR DIGESTIVE BISCUITS,fora_do_escopo,,semanal,A,normal,2010-03-15,2010-12-09,124,0,2.19,0.00,10,14,4538.63,1448,36.60,117.15,1.0000,0.492,2,f,t,733.42
22365,DOORMAT RESPECTABLE HOUSE,fora_do_escopo,,diario,A,normal,2010-01-04,2010-12-09,171,0,1.99,0.00,7,7,9756.65,1567,57.06,200.29,1.0000,0.282,0,f,t,733.42
22366,DOORMAT AIRMAIL,fora_do_escopo,,diario,A,normal,2010-01-04,2010-12-09,196,0,1.74,0.00,7,7,11410.74,1764,58.22,234.42,1.0000,0.241,0,f,t,733.42
22367,CHILDRENS APRON SPACEBOY DESIGN,fora_do_escopo,,diario,A,normal,2010-01-10,2010-12-09,243,0,1.38,0.00,5,7,8573.78,4415,35.28,179.49,1.0000,0.088,23,f,t,733.42
22371,AIRLINE BAG VINTAGE TOKYO 78,fora_do_escopo,,diario,A,normal,2010-02-12,2010-12-09,166,0,1.82,0.00,12,7,4127.44,786,24.86,95.73,1.0000,0.048,9,f,t,733.42
22372,AIRLINE BAG VINTAGE WORLD CHAMPION,fora_do_escopo,,semanal,B,normal,2010-02-11,2010-12-09,108,0,2.81,0.00,14,14,1868.76,339,17.30,43.06,1.0000,0.105,85,f,t,733.42
22374,AIRLINE BAG VINTAGE JET SET RED,fora_do_escopo,,semanal,A,normal,2010-02-14,2010-12-09,139,0,2.16,0.00,12,14,2757.20,493,19.84,64.30,1.0000,0.047,9,f,t,733.42
22375,AIRLINE BAG VINTAGE JET SET BROWN,fora_do_escopo,,semanal,B,normal,2010-02-14,2010-12-09,101,0,2.98,0.00,15,14,1469.99,266,14.55,34.19,1.0000,0.055,9,f,t,733.42
22376,AIRLINE BAG VINTAGE JET SET WHITE,fora_do_escopo,,semanal,B,normal,2010-02-14,2010-12-09,99,0,3.04,0.00,10,14,1602.87,294,16.19,37.27,1.0000,0.066,9,f,t,733.42
22377,BOTTLE BAG RETROSPOT,fora_do_escopo,,semanal,A,normal,2010-01-26,2010-12-07,145,2,2.19,0.91,8,14,4764.15,2293,32.86,105.14,0.4008,0.203,6,f,t,733.42
22378,WALL TIDY RETROSPOT,fora_do_escopo,,diario,A,normal,2010-01-25,2010-12-09,173,0,1.85,0.00,8,7,3275.45,1495,18.93,71.68,1.0000,0.115,9,f,t,733.42
22379,RECYCLING BAG RETROSPOT,fora_do_escopo,,diario,A,normal,2010-01-25,2010-12-09,256,0,1.25,0.00,5,7,19771.97,9165,77.23,433.53,1.0000,0.126,2,f,t,733.42
22380,TOY TIDY SPACEBOY,fora_do_escopo,,diario,A,normal,2010-01-22,2010-12-09,199,0,1.62,0.00,7,7,7477.86,3682,37.58,162.25,1.0000,0.088,0,f,t,733.42
22381,TOY TIDY PINK POLKADOT,fora_do_escopo,,diario,A,normal,2010-01-24,2010-12-08,241,1,1.33,0.75,5,7,12536.83,6008,52.02,274.82,0.4701,0.149,2,f,t,733.42
22382,LUNCH BAG SPACEBOY DESIGN,fora_do_escopo,,diario,A,normal,2010-01-22,2010-12-09,263,0,1.23,0.00,5,7,16344.03,9994,62.14,355.06,1.0000,0.044,9,f,t,733.42
22383,LUNCH BAG SUKI  DESIGN,fora_do_escopo,,diario,A,normal,2010-01-22,2010-12-09,264,0,1.22,0.00,5,7,21390.12,12909,81.02,464.68,1.0000,0.088,211,f,t,733.42
22384,LUNCH BAG PINK POLKADOT,fora_do_escopo,,diario,A,normal,2010-01-25,2010-12-09,260,0,1.23,0.00,5,7,17071.47,10522,65.66,374.34,1.0000,0.041,6,f,t,733.42
22385,JUMBO BAG SPACEBOY DESIGN,fora_do_escopo,,diario,A,normal,2010-01-29,2010-12-09,225,0,1.40,0.00,6,7,15667.51,8556,69.63,347.72,1.0000,0.105,9,f,t,733.42
22386,JUMBO BAG PINK POLKADOT,fora_do_escopo,,diario,A,normal,2010-01-29,2010-12-09,257,0,1.23,0.00,6,7,34675.67,18375,134.92,770.02,1.0000,0.067,6,f,t,733.42
22389,PAPERWEIGHT SAVE THE PLANET,fora_do_escopo,,semanal,C,normal,2010-03-30,2010-12-08,45,1,5.75,0.17,23,14,634.57,321,14.10,17.17,0.8404,0.064,9,f,f,733.42
22390,PAPERWEIGHT CHILDHOOD MEMORIES,fora_do_escopo,,semanal,B,normal,2010-03-26,2010-12-05,44,4,5.91,0.68,24,14,1023.48,553,23.26,27.57,0.5081,0.343,9,f,t,733.42
22391,PAPERWEIGHT HOME SWEET HOME,fora_do_escopo,,mensal,C,atraso,2010-03-30,2010-11-29,31,10,8.13,1.23,38,28,399.81,169,12.90,11.10,0.2924,0.077,7,f,f,733.42
22393,PAPERWEIGHT VINTAGE COLLAGE,fora_do_escopo,,semanal,B,normal,2010-03-26,2010-12-07,43,2,6.10,0.33,19,14,747.79,329,17.39,19.97,0.7203,0.305,9,f,t,733.42
22394,PAPERWEIGHT KINGS CHOICE,fora_do_escopo,,mensal,C,atraso,2010-04-06,2010-12-01,31,8,7.97,1.00,23,28,323.77,181,10.44,9.18,0.3663,0.158,8,f,f,733.42
22395,PAPERWEIGHT VINTAGE PAISLEY,fora_do_escopo,,mensal,C,normal,2010-04-13,2010-12-06,21,3,11.85,0.25,38,28,208.90,85,9.95,5.88,0.7763,0.098,10,f,f,733.42
22396,MAGNETS PACK OF 4 RETRO PHOTO,fora_do_escopo,,semanal,B,normal,2010-03-26,2010-12-08,49,1,5.35,0.19,16,14,819.23,685,16.72,21.86,0.8296,0.444,9,f,t,733.42
22398,MAGNETS PACK OF 4 SWALLOWS,fora_do_escopo,,semanal,B,normal,2010-03-26,2010-12-09,119,0,2.19,0.00,9,14,2219.64,1758,18.65,59.72,1.0000,0.101,6,f,t,733.42
22399,MAGNETS PACK OF 4 CHILDHOOD MEMORY,fora_do_escopo,,semanal,A,normal,2010-03-26,2010-12-09,120,0,2.17,0.00,7,14,3452.52,2940,28.77,92.89,1.0000,0.232,211,f,t,733.42
22400,MAGNETS PACK OF 4 HOME SWEET HOME,monitorar,39,semanal,B,indicio,2010-03-30,2010-12-01,68,8,3.67,2.18,25,14,1340.47,1073,19.71,37.58,0.1132,0.369,6,f,t,733.42
22402,MAGNETS PACK OF 4 VINTAGE COLLAGE,fora_do_escopo,,semanal,B,normal,2010-03-26,2010-12-09,79,0,3.31,0.00,17,14,2000.89,1727,25.33,53.60,1.0000,0.401,211,f,t,733.42
22403,MAGNETS PACK OF 4 VINTAGE LABELS,fora_do_escopo,,semanal,C,normal,2010-03-29,2010-12-09,75,0,3.45,0.00,22,14,534.13,413,7.12,14.47,1.0000,0.056,55,f,f,733.42
22405,MONEY BOX POCKET MONEY DESIGN,fora_do_escopo,,semanal,B,normal,2010-03-26,2010-12-09,107,0,2.43,0.00,8,14,1618.04,1300,15.12,43.49,1.0000,0.037,9,f,t,733.42
22406,MONEY BOX KINGS CHOICE DESIGN,fora_do_escopo,,semanal,A,atraso,2010-03-26,2010-12-05,99,4,2.59,1.54,13,14,2792.15,2177,28.20,76.17,0.2137,0.389,2,f,t,733.42
22407,MONEY BOX FIRST ADE DESIGN,fora_do_escopo,,semanal,C,indicio,2010-03-26,2010-11-24,44,15,5.65,2.65,17,14,421.84,344,9.59,11.88,0.0703,0.142,9,f,f,733.42
22408,MONEY BOX CONFECTIONERY DESIGN,fora_do_escopo,,semanal,C,atraso,2010-03-26,2010-12-02,53,7,4.83,1.45,21,14,652.48,518,12.31,17.85,0.2345,0.092,9,f,f,733.42
22409,MONEY BOX BISCUITS DESIGN,fora_do_escopo,,semanal,B,normal,2010-03-26,2010-12-06,85,3,3.04,0.99,21,14,2035.76,1492,23.95,55.23,0.3722,0.534,2,f,t,733.42
22410,MONEY BOX HOUSEKEEPING DESIGN,monitorar,33,semanal,B,ruptura,2010-03-26,2010-11-29,100,10,2.51,3.99,8,14,1423.79,1129,14.24,39.79,0.0185,0.052,1,f,t,733.42
22411,JUMBO SHOPPER VINTAGE RED PAISLEY,fora_do_escopo,,diario,A,normal,2010-01-29,2010-12-09,261,0,1.21,0.00,5,7,29640.50,15130,113.57,658.24,1.0000,0.056,8,f,t,733.42
22412,METAL SIGN NEIGHBOURHOOD WITCH,fora_do_escopo,,diario,A,normal,2010-01-29,2010-12-09,165,0,1.91,0.00,9,7,3244.71,1503,19.66,71.90,1.0000,0.082,8,f,t,733.42
22413,METAL SIGN TAKE IT OR LEAVE IT,fora_do_escopo,,diario,A,normal,2010-01-29,2010-12-09,210,0,1.50,0.00,5,7,8865.45,3271,42.22,196.70,1.0000,0.122,0,f,t,733.42
22414,DOORMAT NEIGHBOURHOOD WITCH,fora_do_escopo,,semanal,A,normal,2010-01-10,2010-12-09,102,0,3.30,0.00,19,14,5210.95,913,51.09,108.47,1.0000,0.527,0,f,t,733.42
22415,WHITE TISSUE REAM,fora_do_escopo,,semanal,B,normal,2009-12-01,2010-12-09,132,0,2.85,0.00,18,14,2440.65,307,18.49,45.46,1.0000,0.098,9,f,t,733.42
22416,SET OF 36 DOILIES SPACEBOY DESIGN,fora_do_escopo,,semanal,B,normal,2010-02-03,2010-12-09,86,0,3.64,0.00,16,14,1558.42,1105,18.12,34.89,1.0000,0.161,9,f,t,733.42
22417,PACK OF 60 SPACEBOY CAKE CASES,fora_do_escopo,,diario,A,normal,2010-01-31,2010-12-09,233,0,1.34,0.00,5,7,6692.35,13215,28.72,149.50,1.0000,0.090,211,f,t,733.42
22418,10 COLOUR SPACEBOY PEN,fora_do_escopo,,diario,A,normal,2010-05-06,2010-12-09,139,0,1.57,0.00,6,7,5206.57,6168,37.46,166.75,1.0000,0.052,6,f,t,733.42
22419,LIPSTICK PEN RED,fora_do_escopo,,diario,B,normal,2010-05-07,2010-12-09,130,0,1.67,0.00,6,7,1697.67,3720,13.06,54.59,1.0000,0.067,9,f,t,733.42
22420,LIPSTICK PEN BABY PINK,fora_do_escopo,,semanal,C,normal,2010-05-07,2010-12-08,81,1,2.69,0.37,35,14,408.55,784,5.04,13.14,0.6893,0.051,8,f,f,733.42
22421,LIPSTICK PEN FUSCHIA,fora_do_escopo,,diario,B,normal,2010-05-06,2010-12-09,117,0,1.87,0.00,6,7,1050.69,2218,8.98,33.60,1.0000,0.103,14,f,t,733.42
22422,TOOTHPASTE TUBE PEN,fora_do_escopo,,diario,B,normal,2010-05-07,2010-12-09,110,0,1.98,0.00,11,7,1028.54,1513,9.35,33.03,1.0000,0.053,113,f,t,733.42
22423,REGENCY CAKESTAND 3 TIER,fora_do_escopo,,diario,A,normal,2010-03-15,2010-12-09,221,0,1.22,0.00,6,7,170078.51,13698,769.59,4405.81,1.0000,0.094,6,f,t,733.42
22424,ENAMEL BREAD BIN CREAM,fora_do_escopo,,diario,A,normal,2010-05-16,2010-12-09,141,0,1.48,0.00,5,7,8922.13,685,63.28,299.57,1.0000,0.140,6,f,t,733.42
22425,ENAMEL COLANDER CREAM,fora_do_escopo,,semanal,B,normal,2010-05-16,2010-12-09,95,0,2.20,0.00,8,14,2060.63,407,21.69,68.95,1.0000,0.058,80,f,t,733.42
22426,ENAMEL WASH BOWL CREAM,fora_do_escopo,,semanal,B,atraso,2010-04-08,2010-12-05,109,4,2.23,1.79,38,14,2340.03,605,21.47,67.34,0.1665,0.061,30,f,t,733.42
22427,ENAMEL FLOWER JUG CREAM,fora_do_escopo,,diario,A,normal,2010-05-14,2010-12-09,109,0,1.94,0.00,42,7,6846.05,1137,62.81,227.19,1.0000,0.076,29,f,t,733.42
22428,ENAMEL FIRE BUCKET CREAM,fora_do_escopo,,semanal,B,normal,2010-04-08,2010-12-08,64,1,3.87,0.26,39,14,1685.82,234,26.34,47.61,0.7724,0.049,6,f,t,733.42
22429,ENAMEL MEASURING JUG CREAM,fora_do_escopo,,semanal,A,normal,2010-03-18,2010-12-09,127,0,2.11,0.00,59,14,4574.71,1069,36.02,119.44,1.0000,0.159,6,f,t,733.42
22430,ENAMEL WATERING CAN CREAM,fora_do_escopo,,semanal,A,normal,2010-05-14,2010-12-09,101,0,2.09,0.00,10,14,3595.10,792,35.60,119.22,1.0000,0.184,0,f,t,733.42
22431,WATERING CAN BLUE ELEPHANT,fora_do_escopo,,diario,A,normal,2010-02-22,2010-12-09,155,0,1.88,0.00,11,7,2862.42,1346,18.47,68.65,1.0000,0.065,6,f,t,733.42
22432,WATERING CAN PINK BUNNY,fora_do_escopo,,semanal,A,normal,2010-02-18,2010-12-09,142,0,2.09,0.00,10,14,3441.49,1839,24.24,81.36,1.0000,0.138,9,f,t,733.42
22433,WATERING CAN GREEN DINOSAUR,fora_do_escopo,,semanal,A,normal,2010-02-18,2010-12-09,132,0,2.24,0.00,31,14,2603.56,1424,19.72,61.52,1.0000,0.090,0,f,t,733.42
22434,BALLOON PUMP WITH 10 BALLOONS,fora_do_escopo,,semanal,A,normal,2010-04-07,2010-12-09,105,0,2.37,0.00,9,14,3231.33,1789,30.77,91.07,1.0000,0.221,211,f,t,733.42
22435,SET OF 9 HEART SHAPED BALLOONS,fora_do_escopo,,diario,A,normal,2010-04-08,2010-12-09,150,0,1.64,0.00,5,7,2873.49,2263,19.16,81.55,1.0000,0.059,1,f,t,733.42
22436,12 COLOURED PARTY BALLOONS,fora_do_escopo,,semanal,B,normal,2010-04-07,2010-12-09,90,0,2.76,0.00,12,14,1326.89,2140,14.74,37.34,1.0000,0.249,211,f,t,733.42
22437,SET OF 9 BLACK SKULL BALLOONS,fora_do_escopo,,diario,A,normal,2010-04-07,2010-12-09,140,0,1.77,0.00,8,7,3086.47,3736,22.05,87.20,1.0000,0.187,80,f,t,733.42
22438,BALLOON ART MAKE YOUR OWN FLOWERS,fora_do_escopo,,semanal,B,normal,2010-04-11,2010-12-09,62,0,3.97,0.00,14,14,936.82,480,15.11,26.66,1.0000,0.088,2,f,t,733.42
22439,6 ROCKET BALLOONS,fora_do_escopo,,semanal,B,normal,2010-04-08,2010-12-09,115,0,2.15,0.00,12,14,1358.42,2073,11.81,38.47,1.0000,0.082,29,f,t,733.42
22440,BALLOON WATER BOMB PACK OF 35,fora_do_escopo,,semanal,B,normal,2010-04-11,2010-12-08,100,1,2.43,0.41,14,14,1078.55,2642,10.79,31.01,0.6631,0.100,29,f,t,733.42
22441,GROW YOUR OWN BASIL IN ENAMEL MUG,fora_do_escopo,,diario,A,normal,2010-03-23,2010-12-09,136,0,1.93,0.00,10,7,3608.90,1675,26.54,96.08,1.0000,0.056,14,f,t,733.42
22442,GROW YOUR OWN FLOWERS SET OF 3,fora_do_escopo,,semanal,A,normal,2010-03-23,2010-12-08,71,1,3.71,0.27,32,14,3611.47,581,50.87,95.86,0.7640,0.473,0,f,t,733.42
22443,GROW YOUR OWN HERBS SET OF 3,fora_do_escopo,,semanal,A,normal,2010-03-23,2010-12-09,117,0,2.25,0.00,11,14,4201.36,540,35.91,111.72,1.0000,0.104,0,f,t,733.42
22444,GROW YOUR OWN PLANT IN A CAN,fora_do_escopo,,diario,A,normal,2010-03-23,2010-12-09,179,0,1.47,0.00,6,7,13125.78,9580,73.33,350.07,1.0000,0.031,9,f,t,733.42
22445,PENCIL CASE LIFE IS BEAUTIFUL,fora_do_escopo,,semanal,B,normal,2010-03-17,2010-12-09,110,0,2.45,0.00,9,14,2427.36,784,22.07,63.06,1.0000,0.080,9,f,t,733.42
22446,PIN CUSHION BABUSHKA PINK,fora_do_escopo,,semanal,C,atraso,2010-03-18,2010-12-02,52,7,5.08,1.38,33,14,640.20,186,12.31,16.97,0.2520,0.094,1,f,f,733.42
22447,PIN CUSHION BABUSHKA BLUE,fora_do_escopo,,mensal,C,normal,2010-03-23,2010-12-06,36,3,7.37,0.41,35,28,402.35,115,11.18,10.61,0.6657,0.150,1,f,f,733.42
22448,PIN CUSHION BABUSHKA RED,fora_do_escopo,,semanal,B,normal,2010-03-18,2010-12-08,71,1,3.79,0.26,18,14,1783.70,556,25.12,46.45,0.7679,0.397,3,f,t,733.42
22449,SILK PURSE BABUSHKA PINK,fora_do_escopo,,semanal,A,normal,2010-03-17,2010-12-09,110,0,2.45,0.00,12,14,2961.49,881,26.92,76.94,1.0000,0.062,9,f,t,733.42
22450,SILK PURSE BABUSHKA BLUE,fora_do_escopo,,semanal,B,normal,2010-03-17,2010-12-09,100,0,2.70,0.00,12,14,2278.01,679,22.78,59.13,1.0000,0.078,67,f,t,733.42
22451,SILK PURSE BABUSHKA RED,fora_do_escopo,,semanal,A,normal,2010-03-17,2010-12-09,133,0,2.02,0.00,10,14,3946.34,1174,29.67,102.68,1.0000,0.135,3,f,t,733.42
22452,MEASURING TAPE BABUSHKA PINK,fora_do_escopo,,semanal,B,normal,2010-03-21,2010-12-08,84,1,3.16,0.32,15,14,1797.99,625,21.40,47.47,0.7285,0.258,2,f,t,733.42
22453,MEASURING TAPE BABUSHKA BLUE,fora_do_escopo,,semanal,B,normal,2010-03-21,2010-12-07,59,2,4.50,0.44,27,14,1204.48,424,20.41,31.76,0.6412,0.353,2,f,t,733.42
22454,MEASURING TAPE BABUSHKA RED,fora_do_escopo,,semanal,A,normal,2010-03-19,2010-12-09,108,0,2.48,0.00,13,14,3483.02,1250,32.25,91.15,1.0000,0.281,3,f,t,733.42
22456,NATURAL SLATE CHALKBOARD LARGE,fora_do_escopo,,diario,A,normal,2010-03-04,2010-12-09,164,0,1.72,0.00,28,7,12329.51,2731,75.18,306.36,1.0000,0.360,0,f,t,733.42
22457,NATURAL SLATE HEART CHALKBOARD,fora_do_escopo,,diario,A,normal,2010-03-04,2010-12-09,175,0,1.61,0.00,42,7,20523.09,6599,117.27,510.15,1.0000,0.037,3,f,t,733.42
22458,CAST IRON HOOK GARDEN FORK,fora_do_escopo,,semanal,B,normal,2010-03-04,2010-12-09,110,0,2.57,0.00,13,14,2399.12,1009,21.81,59.43,1.0000,0.147,0,f,t,733.42
22459,CAST IRON HOOK GARDEN TROWEL,fora_do_escopo,,semanal,B,normal,2010-03-04,2010-12-09,112,0,2.52,0.00,12,14,2422.39,1008,21.63,60.02,1.0000,0.145,0,f,t,733.42
22460,EMBOSSED GLASS TEALIGHT HOLDER,fora_do_escopo,,semanal,A,normal,2010-03-08,2010-12-09,107,0,2.60,0.00,10,14,3082.95,2275,28.81,77.46,1.0000,0.039,14,f,t,733.42
22461,SAVOY ART DECO CLOCK,fora_do_escopo,,semanal,B,normal,2010-03-07,2010-12-07,79,2,3.53,0.57,12,14,2281.70,178,28.88,57.34,0.5671,0.173,1,f,t,733.42
22464,HANGING METAL HEART LANTERN,fora_do_escopo,,diario,A,normal,2010-03-04,2010-12-09,204,0,1.38,0.00,5,7,7757.80,4589,38.03,192.99,1.0000,0.036,228,f,t,733.42
22465,HANGING METAL STAR LANTERN,fora_do_escopo,,diario,A,normal,2010-03-04,2010-12-09,159,0,1.77,0.00,7,7,4428.81,2626,27.85,110.02,1.0000,0.056,4,f,t,733.42
22466,FAIRY TALE COTTAGE NIGHTLIGHT,fora_do_escopo,,semanal,A,normal,2010-03-05,2010-12-08,117,1,2.40,0.42,24,14,5204.63,2809,44.48,129.93,0.6588,0.168,9,f,t,733.42
22467,GUMBALL COAT RACK,fora_do_escopo,,semanal,A,normal,2010-03-04,2010-12-09,127,0,2.22,0.00,69,14,10248.63,4336,80.70,254.20,1.0000,0.112,2,f,t,733.42
22468,BABUSHKA LIGHTS STRING OF 10,fora_do_escopo,,diario,A,normal,2010-03-08,2010-12-09,147,0,1.89,0.00,6,7,8220.21,1261,55.92,207.07,1.0000,0.122,7,f,t,733.42
22469,HEART OF WICKER SMALL,fora_do_escopo,,diario,A,normal,2010-04-22,2010-12-09,167,0,1.39,0.00,19,7,19019.96,11066,113.89,572.91,1.0000,0.076,2,f,t,733.42
22470,HEART OF WICKER LARGE,fora_do_escopo,,diario,A,normal,2010-04-22,2010-12-09,191,0,1.22,0.00,4,7,25759.46,8650,134.87,776.50,1.0000,0.091,2,f,t,733.42
22471,TV DINNER TRAY AIR HOSTESS,fora_do_escopo,,semanal,B,normal,2010-03-11,2010-12-08,67,1,4.12,0.24,16,14,1176.29,224,17.56,29.82,0.7845,0.179,0,f,t,733.42
22472,TV DINNER TRAY DOLLY GIRL,fora_do_escopo,,semanal,A,normal,2010-03-08,2010-12-09,106,0,2.63,0.00,16,14,3739.03,793,35.27,93.94,1.0000,0.228,6,f,t,733.42
22473,TV DINNER TRAY VINTAGE PAISLEY,fora_do_escopo,,semanal,B,normal,2010-03-11,2010-12-08,84,1,3.28,0.31,16,14,1587.13,330,18.89,40.36,0.7370,0.189,0,f,t,733.42
22474,SPACEBOY TV DINNER TRAY,fora_do_escopo,,semanal,A,normal,2010-03-08,2010-12-09,92,0,3.03,0.00,15,14,3208.79,684,34.88,80.50,1.0000,0.254,6,f,t,733.42
22475,SKULL DESIGN TV DINNER TRAY,fora_do_escopo,,semanal,B,normal,2010-03-05,2010-12-09,93,0,3.03,0.00,11,14,2334.81,465,25.11,57.95,1.0000,0.233,80,f,t,733.42
22476,EMPIRE UNION JACK TV DINNER TRAY,fora_do_escopo,,semanal,A,normal,2010-03-07,2010-12-08,108,1,2.58,0.39,12,14,2582.06,477,23.91,64.88,0.6786,0.211,80,f,t,733.42
22477,WATERING CAN GARDEN MARKER,fora_do_escopo,,semanal,B,normal,2010-03-05,2010-12-09,107,0,2.63,0.00,14,14,1417.63,1069,13.25,35.24,1.0000,0.053,247,f,t,733.42
22478,BIRDHOUSE GARDEN MARKER,fora_do_escopo,,semanal,B,normal,2010-03-05,2010-12-09,115,0,2.45,0.00,16,14,1649.07,1241,14.34,41.01,1.0000,0.030,9,f,t,733.42
22479,DAISY GARDEN MARKER,fora_do_escopo,,semanal,B,normal,2010-03-05,2010-12-09,85,0,3.32,0.00,21,14,1056.39,817,12.43,26.19,1.0000,0.047,1,f,t,733.42
22480,RED TEA TOWEL CLASSIC DESIGN,fora_do_escopo,,semanal,B,normal,2010-03-05,2010-12-09,128,0,2.20,0.00,12,14,2179.62,1794,17.03,54.26,1.0000,0.047,9,f,t,733.42
22481,BLACK TEA TOWEL CLASSIC DESIGN,fora_do_escopo,,semanal,C,normal,2010-03-07,2010-12-07,72,2,3.87,0.52,20,14,601.26,478,8.35,15.09,0.5967,0.075,1,f,f,733.42
22482,BLUE TEA TOWEL CLASSIC DESIGN,fora_do_escopo,,semanal,B,normal,2010-03-05,2010-12-09,117,0,2.41,0.00,12,14,2239.82,1894,19.14,55.72,1.0000,0.136,9,f,t,733.42
22483,RED GINGHAM TEDDY BEAR,fora_do_escopo,,semanal,A,normal,2010-03-04,2010-12-09,120,0,2.35,0.00,9,14,3214.33,1127,26.79,79.69,1.0000,0.171,9,f,t,733.42
22485,SET OF 2 WOODEN MARKET CRATES,fora_do_escopo,,semanal,A,normal,2010-03-05,2010-12-08,138,1,2.03,0.49,7,14,7589.49,583,55.00,189.72,0.6109,0.052,9,f,t,733.42
22486,PLASMATRONIC LAMP,fora_do_escopo,,mensal,C,normal,2010-03-08,2010-12-06,16,3,18.20,0.16,154,28,435.45,35,27.22,10.47,0.8480,0.151,245,f,f,733.42
22487,WHITE WOOD GARDEN PLANT LADDER,fora_do_escopo,,diario,A,normal,2010-03-05,2010-12-09,189,0,1.48,0.00,16,7,8650.07,862,45.77,215.88,1.0000,0.045,0,f,t,733.42
22488,NATURAL SLATE RECTANGLE CHALKBOARD,fora_do_escopo,,diario,A,normal,2010-03-05,2010-12-09,188,0,1.49,0.00,5,7,6303.84,3758,33.53,157.32,1.0000,0.054,14,f,t,733.42
22489,PACK OF 12 TRADITIONAL CRAYONS,fora_do_escopo,,diario,A,normal,2010-03-02,2010-12-09,154,0,1.84,0.00,65,7,3545.05,8355,23.02,87.43,1.0000,0.052,0,f,t,733.42
22491,PACK OF 12 COLOURED PENCILS,fora_do_escopo,,semanal,A,normal,2010-05-06,2010-12-07,104,2,2.09,0.96,7,14,2874.04,3595,27.64,92.67,0.3836,0.086,0,f,t,733.42
22492,MINI PAINT SET VINTAGE,fora_do_escopo,,diario,A,normal,2010-05-06,2010-12-09,160,0,1.36,0.00,4,7,12108.37,19032,75.68,388.15,1.0000,0.064,44,f,t,733.42
22493,PAINT YOUR OWN CANVAS SET,fora_do_escopo,,diario,A,normal,2010-05-07,2010-12-08,114,1,1.90,0.53,8,7,3768.75,2359,33.06,121.63,0.5912,0.111,211,f,t,733.42
22494,EMERGENCY FIRST AID TIN,fora_do_escopo,,semanal,B,normal,2010-01-29,2010-12-09,155,0,2.04,0.00,10,14,2283.71,1771,14.73,50.58,1.0000,0.164,44,f,t,733.42
22495,SET OF 2 ROUND TINS CAMEMBERT,fora_do_escopo,,semanal,B,normal,2010-01-29,2010-12-09,105,0,3.02,0.00,14,14,1983.67,673,18.89,43.80,1.0000,0.139,157,f,t,733.42
22496,SET OF 2 ROUND TINS DUTCH CHEESE,monitorar,44,semanal,B,indicio,2010-01-29,2010-12-01,89,8,3.48,2.30,12,14,1472.78,482,16.55,33.31,0.1002,0.062,1,f,t,733.42
22497,SET OF 2 TINS VINTAGE BATHROOM,fora_do_escopo,,semanal,A,normal,2010-01-31,2010-12-09,131,0,2.40,0.00,12,14,3204.18,722,24.46,71.34,1.0000,0.112,157,f,t,733.42
22498,WOODEN REGATTA BUNTING,fora_do_escopo,,semanal,A,normal,2010-02-03,2010-12-07,148,2,2.09,0.96,10,14,4847.45,807,32.75,109.78,0.3838,0.147,9,f,t,733.42
22499,WOODEN UNION JACK BUNTING,fora_do_escopo,,diario,A,atraso,2010-02-02,2010-12-07,182,2,1.70,1.18,6,7,9118.39,1506,50.10,206.10,0.3087,0.052,2,f,t,733.42
22500,SET OF 2 TINS JARDIN DE PROVENCE,fora_do_escopo,,semanal,B,normal,2010-01-31,2010-12-09,85,0,3.71,0.00,16,14,1719.86,340,20.23,38.13,1.0000,0.071,44,f,t,733.42
22501,PICNIC BASKET WICKER LARGE,fora_do_escopo,,diario,A,normal,2010-05-21,2010-12-09,130,0,1.57,0.00,7,7,11506.13,1039,88.51,395.66,1.0000,0.083,8,f,t,733.42
22502,PICNIC BASKET WICKER SMALL,fora_do_escopo,,diario,A,normal,2010-05-23,2010-12-09,153,0,1.32,0.00,4,7,10084.05,1929,65.91,350.63,1.0000,0.079,8,f,t,733.42
22503,CABIN BAG VINTAGE PAISLEY,fora_do_escopo,,mensal,B,normal,2010-04-30,2010-12-06,22,3,10.48,0.29,51,28,1437.08,50,65.32,43.65,0.7510,0.208,6,f,t,733.42
22504,CABIN BAG VINTAGE RETROSPOT,fora_do_escopo,,semanal,A,normal,2010-05-04,2010-12-09,38,0,5.92,0.00,26,14,3550.01,127,93.42,110.48,1.0000,0.169,1,f,t,733.42
22505,MEMO BOARD COTTAGE DESIGN,fora_do_escopo,,diario,A,normal,2010-03-10,2010-12-09,197,0,1.40,0.00,5,7,11253.46,2365,57.12,286.04,1.0000,0.256,9,f,t,733.42
22507,MEMO BOARD RETROSPOT  DESIGN,fora_do_escopo,,diario,A,normal,2010-03-11,2010-12-09,191,0,1.44,0.00,6,7,12433.21,2734,65.10,317.13,1.0000,0.373,0,f,t,733.42
22508,DOORSTOP RETROSPOT HEART,fora_do_escopo,,diario,A,normal,2010-03-11,2010-12-09,187,0,1.47,0.00,5,7,5243.16,1334,28.04,133.72,1.0000,0.023,41,f,t,733.42
22509,SEWING BOX RETROSPOT DESIGN,fora_do_escopo,,semanal,A,normal,2010-03-10,2010-12-08,83,1,3.33,0.30,13,14,3082.57,183,37.14,78.09,0.7405,0.087,9,f,t,733.42
22510,GINGHAM BABUSHKA DOORSTOP,fora_do_escopo,,semanal,C,normal,2010-03-12,2010-12-09,47,0,5.91,0.00,22,14,448.83,114,9.55,11.31,1.0000,0.121,52,f,f,733.42
22511,RETROSPOT BABUSHKA DOORSTOP,fora_do_escopo,,semanal,C,normal,2010-03-12,2010-12-08,52,1,5.31,0.19,21,14,588.96,156,11.33,14.92,0.8285,0.092,49,f,f,733.42
22512,DOORSTOP RACING CAR DESIGN,fora_do_escopo,,mensal,C,normal,2010-03-12,2010-12-07,32,2,8.71,0.23,39,28,705.33,266,22.04,17.71,0.7948,0.494,0,f,f,733.42
22513,DOORSTOP FOOTBALL DESIGN,fora_do_escopo,,semanal,B,normal,2010-03-14,2010-12-08,86,1,3.16,0.32,14,14,1384.92,440,16.10,35.62,0.7291,0.252,0,f,t,733.42
22514,CHILDS GARDEN SPADE BLUE,fora_do_escopo,,semanal,B,normal,2010-03-28,2010-12-09,87,0,2.98,0.00,22,14,1521.57,791,17.49,41.13,1.0000,0.263,0,f,t,733.42
22515,CHILDS GARDEN SPADE PINK,fora_do_escopo,,semanal,B,normal,2010-03-28,2010-12-09,84,0,3.08,0.00,20,14,1552.33,791,18.48,41.94,1.0000,0.258,0,f,t,733.42
22516,CHILDS GARDEN RAKE BLUE,fora_do_escopo,,semanal,B,normal,2010-03-28,2010-12-09,70,0,3.71,0.00,17,14,1239.33,647,17.70,33.40,1.0000,0.323,0,f,t,733.42
22517,CHILDS GARDEN RAKE PINK,fora_do_escopo,,semanal,B,normal,2010-03-26,2010-12-06,60,3,4.32,0.69,27,14,1150.20,609,19.17,31.05,0.4995,0.348,0,f,t,733.42
22518,CHILDS GARDEN BRUSH BLUE,fora_do_escopo,,semanal,B,normal,2010-03-25,2010-12-09,104,0,2.51,0.00,27,14,2170.91,1056,20.87,58.11,1.0000,0.185,0,f,t,733.42
22519,CHILDS GARDEN BRUSH PINK,fora_do_escopo,,semanal,B,normal,2010-03-25,2010-12-07,93,2,2.79,0.72,19,14,2116.68,1034,22.76,57.03,0.4887,0.189,0,f,t,733.42
22520,CHILDS GARDEN TROWEL BLUE,monitorar,34,semanal,B,ruptura,2010-03-25,2010-11-29,125,10,2.01,4.98,12,14,1390.03,1576,11.12,38.76,0.0069,0.050,2,f,t,733.42
22521,CHILDS GARDEN TROWEL PINK,fora_do_escopo,,semanal,B,normal,2010-03-25,2010-12-09,125,0,2.09,0.00,14,14,1469.14,1685,11.75,39.39,1.0000,0.047,2,f,t,733.42
22522,CHILDS GARDEN FORK BLUE,monitorar,52,semanal,B,ruptura,2010-03-25,2010-11-29,109,10,2.31,4.34,12,14,1137.47,1314,10.44,31.68,0.0131,0.061,2,f,t,733.42
22523,CHILDS GARDEN FORK PINK,fora_do_escopo,,semanal,B,normal,2010-03-25,2010-12-09,110,0,2.38,0.00,14,14,1139.94,1328,10.36,30.53,1.0000,0.061,2,f,t,733.42
22524,CHILDRENS GARDEN GLOVES BLUE,fora_do_escopo,,semanal,B,normal,2010-03-25,2010-12-07,116,2,2.23,0.89,12,14,1853.00,1298,15.97,50.04,0.4086,0.034,14,f,t,733.42
22525,CHILDRENS GARDEN GLOVES PINK,fora_do_escopo,,diario,B,normal,2010-03-25,2010-12-09,132,0,1.98,0.00,10,7,2158.44,1485,16.35,57.89,1.0000,0.029,10,f,t,733.42
22526,WHEELBARROW FOR CHILDREN,fora_do_escopo,,semanal,A,normal,2010-03-26,2010-12-09,80,0,3.27,0.00,20,14,5007.65,421,62.60,134.17,1.0000,0.197,3,f,t,733.42
22528,GARDENERS KNEELING PAD,fora_do_escopo,,diario,A,atraso,2010-03-26,2010-12-07,154,2,1.67,1.20,12,7,7630.91,5830,49.55,207.30,0.3026,0.040,109,f,t,733.42
22529,MAGIC DRAWING SLATE GO TO THE FAIR,fora_do_escopo,,semanal,C,normal,2010-03-28,2010-12-07,68,2,3.79,0.53,22,14,646.58,1617,9.51,17.56,0.5900,0.120,2,f,f,733.42
22530,MAGIC DRAWING SLATE DOLLY GIRL,fora_do_escopo,,diario,A,normal,2010-03-28,2010-12-09,133,0,1.94,0.00,16,7,2827.12,6643,21.26,76.72,1.0000,0.147,211,f,t,733.42
22531,MAGIC DRAWING SLATE CIRCUS PARADE,fora_do_escopo,,diario,B,normal,2010-03-31,2010-12-09,130,0,1.96,0.00,10,7,2178.73,4930,16.76,59.82,1.0000,0.193,28,f,t,733.42
22532,MAGIC DRAWING SLATE LEAP FROG,fora_do_escopo,,semanal,B,normal,2010-03-28,2010-12-08,80,1,3.23,0.31,20,14,758.72,1847,9.48,20.57,0.7336,0.091,56,f,t,733.42
22533,MAGIC DRAWING SLATE BAKE A CAKE,fora_do_escopo,,semanal,B,normal,2010-03-28,2010-12-09,106,0,2.44,0.00,14,14,1202.47,2893,11.34,32.57,1.0000,0.072,2,f,t,733.42
22534,MAGIC DRAWING SLATE SPACEBOY,fora_do_escopo,,diario,A,normal,2010-03-28,2010-12-09,164,0,1.57,0.00,7,7,3754.04,8663,22.89,102.02,1.0000,0.110,211,f,t,733.42
22535,MAGIC DRAWING SLATE BUNNIES,fora_do_escopo,,semanal,B,normal,2010-03-25,2010-12-07,105,2,2.47,0.81,12,14,1198.21,2703,11.41,32.33,0.4452,0.042,0,f,t,733.42
22536,MAGIC DRAWING SLATE PURDEY,fora_do_escopo,,diario,B,normal,2010-03-28,2010-12-09,134,0,1.92,0.00,8,7,2175.08,5414,16.23,59.03,1.0000,0.141,3,f,t,733.42
22537,MAGIC DRAWING SLATE DINOSAUR,fora_do_escopo,,semanal,B,normal,2010-03-29,2010-12-09,121,0,2.13,0.00,8,14,1594.58,3971,13.18,43.41,1.0000,0.260,211,f,t,733.42
22538,MINI JIGSAW GO TO THE FAIR,fora_do_escopo,,semanal,C,normal,2010-03-28,2010-12-08,42,1,6.22,0.16,19,14,447.71,1043,10.66,12.00,0.8515,0.180,2,f,f,733.42
22539,MINI JIGSAW DOLLY GIRL,fora_do_escopo,,semanal,B,normal,2010-03-26,2010-12-09,81,0,3.23,0.00,18,14,1183.92,2826,14.62,31.73,1.0000,0.170,44,f,t,733.42
22540,MINI JIGSAW CIRCUS PARADE,fora_do_escopo,,semanal,B,normal,2010-03-28,2010-12-09,76,0,3.41,0.00,15,14,1503.23,3767,19.78,40.56,1.0000,0.253,28,f,t,733.42
22541,MINI JIGSAW LEAP FROG,fora_do_escopo,,mensal,C,normal,2010-03-28,2010-12-08,27,1,9.81,0.10,56,28,302.82,743,11.22,8.00,0.9031,0.285,23,f,f,733.42
22543,MINI JIGSAW BAKE A CAKE,fora_do_escopo,,semanal,B,normal,2010-03-26,2010-12-08,56,1,4.67,0.21,18,14,772.97,1845,13.80,20.68,0.8073,0.130,9,f,t,733.42
22544,MINI JIGSAW SPACEBOY,fora_do_escopo,,semanal,B,normal,2010-03-25,2010-12-08,122,1,2.13,0.47,11,14,2110.80,5024,17.30,56.80,0.6256,0.096,44,f,t,733.42
22545,MINI JIGSAW BUNNIES,fora_do_escopo,,semanal,B,normal,2010-03-26,2010-12-08,84,1,3.10,0.32,15,14,999.54,2341,11.90,26.90,0.7240,0.101,9,f,t,733.42
22546,MINI JIGSAW PURDEY,fora_do_escopo,,semanal,B,normal,2010-03-26,2010-12-08,75,1,3.47,0.29,16,14,966.76,2280,12.89,25.98,0.7498,0.209,44,f,t,733.42
22547,MINI JIGSAW DINOSAUR,fora_do_escopo,,semanal,C,normal,2010-03-26,2010-12-09,73,0,3.58,0.00,15,14,535.50,1232,7.34,14.33,1.0000,0.075,154,f,f,733.42
22548,HEADS AND TAILS SPORTING FUN,fora_do_escopo,,semanal,B,normal,2010-03-25,2010-12-09,123,0,2.12,0.00,10,14,2131.66,1608,17.33,57.14,1.0000,0.036,31,f,t,733.42
22549,PICTURE DOMINOES,fora_do_escopo,,diario,A,normal,2010-03-25,2010-12-09,171,0,1.52,0.00,6,7,5179.83,3499,30.29,139.18,1.0000,0.030,2,f,t,733.42
22550,HOLIDAY FUN LUDO,fora_do_escopo,,diario,A,normal,2010-03-25,2010-12-09,135,0,1.93,0.00,7,7,3641.07,929,26.97,97.68,1.0000,0.169,0,f,t,733.42
22551,PLASTERS IN TIN SPACEBOY,fora_do_escopo,,diario,A,normal,2010-03-25,2010-12-09,201,0,1.30,0.00,5,7,12869.79,7697,64.03,346.10,1.0000,0.144,9,f,t,733.42
22553,PLASTERS IN TIN SKULLS,fora_do_escopo,,diario,A,normal,2010-03-25,2010-12-09,189,0,1.38,0.00,6,7,6352.59,3815,33.61,170.78,1.0000,0.066,9,f,t,733.42
22554,PLASTERS IN TIN WOODLAND ANIMALS,fora_do_escopo,,diario,A,normal,2010-03-25,2010-12-09,189,0,1.38,0.00,15,7,9984.59,6041,52.83,268.43,1.0000,0.183,9,f,t,733.42
22555,PLASTERS IN TIN STRONGMAN,fora_do_escopo,,diario,A,normal,2010-03-25,2010-12-09,187,0,1.39,0.00,6,7,9414.69,5882,50.35,253.09,1.0000,0.135,28,f,t,733.42
22556,PLASTERS IN TIN CIRCUS PARADE,fora_do_escopo,,diario,A,normal,2010-03-25,2010-12-09,201,0,1.30,0.00,5,7,12624.02,7679,62.81,339.49,1.0000,0.150,28,f,t,733.42
22557,PLASTERS IN TIN VINTAGE PAISLEY,fora_do_escopo,,diario,A,normal,2010-03-25,2010-12-09,195,0,1.34,0.00,6,7,10057.17,5899,51.58,270.42,1.0000,0.108,14,f,t,733.42
22558,CLOTHES PEGS RETROSPOT PACK 24,fora_do_escopo,,semanal,A,normal,2010-04-14,2010-12-09,93,0,2.60,0.00,91,14,6817.03,5592,73.30,197.52,1.0000,0.049,7,f,t,733.42
22559,SEASIDE FLYING DISC,fora_do_escopo,,semanal,B,normal,2010-03-25,2010-12-08,79,1,3.31,0.30,15,14,1364.10,1080,17.27,36.54,0.7391,0.086,6,f,t,733.42
22560,TRADITIONAL MODELLING CLAY,fora_do_escopo,,diario,A,normal,2010-03-25,2010-12-09,172,0,1.51,0.00,6,7,8710.73,7058,50.64,234.06,1.0000,0.056,0,f,t,733.42
22561,WOODEN SCHOOL COLOURING SET,fora_do_escopo,,diario,A,normal,2010-03-25,2010-12-09,189,0,1.38,0.00,6,7,10002.27,5890,52.92,268.90,1.0000,0.057,0,f,t,733.42
22562,MONSTERS STENCIL CRAFT,fora_do_escopo,,semanal,A,normal,2010-03-24,2010-12-08,115,1,2.27,0.44,9,14,2952.68,2592,25.68,79.11,0.6439,0.325,3,f,t,733.42
22563,HAPPY STENCIL CRAFT,fora_do_escopo,,diario,A,normal,2010-03-24,2010-12-09,144,0,1.82,0.00,7,7,3654.43,3181,25.38,97.71,1.0000,0.262,3,f,t,733.42
22564,ALPHABET STENCIL CRAFT,fora_do_escopo,,semanal,B,normal,2010-03-24,2010-12-09,106,0,2.48,0.00,12,14,2232.88,1928,21.06,59.55,1.0000,0.239,3,f,t,733.42
22565,FELTCRAFT HAIRBANDS PINK AND WHITE,fora_do_escopo,,semanal,B,normal,2010-03-10,2010-12-09,101,0,2.74,0.00,13,14,1066.84,1195,10.56,26.99,1.0000,0.097,14,f,t,733.42
22566,FELTCRAFT HAIRBAND PINK AND PURPLE,fora_do_escopo,,semanal,B,normal,2010-03-10,2010-12-09,104,0,2.66,0.00,14,14,1632.37,2017,15.70,41.30,1.0000,0.333,28,f,t,733.42
22567,20 DOLLY PEGS RETROSPOT,fora_do_escopo,,diario,A,normal,2010-03-26,2010-12-09,154,0,1.69,0.00,9,7,4030.52,3340,26.17,108.65,1.0000,0.087,7,f,t,733.42
22568,FELTCRAFT CUSHION OWL,fora_do_escopo,,diario,A,normal,2010-03-10,2010-12-09,183,0,1.51,0.00,5,7,8616.36,2312,47.08,218.92,1.0000,0.113,14,f,t,733.42
22569,FELTCRAFT CUSHION BUTTERFLY,fora_do_escopo,,diario,A,normal,2010-03-10,2010-12-09,177,0,1.56,0.00,6,7,10791.63,2966,60.97,274.14,1.0000,0.173,14,f,t,733.42
22570,FELTCRAFT CUSHION RABBIT,fora_do_escopo,,diario,A,normal,2010-03-10,2010-12-09,181,0,1.52,0.00,7,7,10352.32,2713,57.20,263.01,1.0000,0.189,14,f,t,733.42
22571,ROCKING HORSE RED CHRISTMAS,fora_do_escopo,,diario,A,normal,2010-07-23,2010-12-09,92,0,1.53,0.00,6,7,3254.00,3650,35.37,162.09,1.0000,0.050,0,t,t,733.42
22572,ROCKING HORSE GREEN CHRISTMAS,fora_do_escopo,,diario,B,normal,2010-07-22,2010-12-09,85,0,1.67,0.00,7,7,2071.05,2293,24.37,102.33,1.0000,0.067,10,t,t,733.42
22573,STAR WOODEN CHRISTMAS DECORATION,fora_do_escopo,,diario,B,normal,2010-07-18,2010-12-09,86,0,1.69,0.00,7,7,2204.08,2438,25.63,105.90,1.0000,0.086,9,t,t,733.42
22574,HEART WOODEN CHRISTMAS DECORATION,fora_do_escopo,,diario,A,normal,2010-07-18,2010-12-09,85,0,1.71,0.00,6,7,2727.87,3050,32.09,131.04,1.0000,0.070,9,t,t,733.42
22575,METAL MERRY CHRISTMAS WREATH,fora_do_escopo,,diario,A,normal,2010-07-18,2010-12-09,95,0,1.53,0.00,6,7,5654.38,2560,59.52,271.97,1.0000,0.075,10,t,t,733.42
22576,SWALLOW WOODEN CHRISTMAS DECORATION,fora_do_escopo,,diario,B,normal,2010-07-18,2010-12-09,79,0,1.85,0.00,9,7,1629.93,1825,20.63,78.23,1.0000,0.085,9,t,t,733.42
22577,WOODEN HEART CHRISTMAS SCANDINAVIAN,fora_do_escopo,,diario,A,normal,2010-07-18,2010-12-09,103,0,1.41,0.00,6,7,3207.08,3555,31.14,154.39,1.0000,0.039,10,t,t,733.42
22578,WOODEN STAR CHRISTMAS SCANDINAVIAN,fora_do_escopo,,diario,A,normal,2010-07-18,2010-12-09,95,0,1.53,0.00,7,7,2657.05,2967,27.97,127.80,1.0000,0.048,10,t,t,733.42
22579,WOODEN TREE CHRISTMAS SCANDINAVIAN,fora_do_escopo,,diario,B,normal,2010-07-18,2010-12-09,86,0,1.69,0.00,11,7,1934.58,2121,22.50,92.95,1.0000,0.042,0,t,t,733.42
22580,ADVENT CALENDAR GINGHAM SACK,fora_do_escopo,,diario,A,normal,2010-07-20,2010-12-09,89,0,1.61,0.00,8,7,6560.43,1049,73.71,319.77,1.0000,0.039,8,t,t,733.42
22581,WOOD STOCKING CHRISTMAS SCANDISPOT,fora_do_escopo,,diario,B,normal,2010-07-18,2010-12-09,90,0,1.62,0.00,9,7,1807.89,2082,20.09,86.91,1.0000,0.096,0,t,t,733.42
22582,PACK OF 6 SWEETIE GIFT BOXES,fora_do_escopo,,semanal,A,normal,2010-03-10,2010-12-08,127,1,2.17,0.46,9,14,3741.56,1483,29.46,95.18,0.6303,0.123,9,f,t,733.42
22583,PACK OF 6 HANDBAG GIFT BOXES,fora_do_escopo,,diario,A,normal,2010-03-10,2010-12-09,138,0,2.00,0.00,9,7,3471.85,1329,25.16,88.05,1.0000,0.066,127,f,t,733.42
22584,PACK OF 6 PANNETONE GIFT BOXES,fora_do_escopo,,diario,A,normal,2010-03-10,2010-12-08,184,1,1.49,0.67,7,7,7524.18,2958,40.89,191.88,0.5115,0.049,9,f,t,733.42
22585,PACK OF 6 BIRDY GIFT TAGS,fora_do_escopo,,diario,A,normal,2010-03-10,2010-12-09,215,0,1.28,0.00,5,7,15342.28,12101,71.36,390.13,1.0000,0.064,2,f,t,733.42
22586,FELTCRAFT HAIRBAND PINK AND BLUE,fora_do_escopo,,semanal,B,normal,2010-03-10,2010-12-09,99,0,2.80,0.00,12,14,1077.79,1270,10.89,27.26,1.0000,0.096,27,f,t,733.42
22587,FELTCRAFT HAIRBAND RED AND BLUE,fora_do_escopo,,semanal,B,normal,2010-03-10,2010-12-09,108,0,2.56,0.00,17,14,1075.96,1267,9.96,27.23,1.0000,0.115,14,f,t,733.42
22588,CARD HOLDER GINGHAM HEART,fora_do_escopo,,diario,A,normal,2010-07-16,2010-12-09,114,0,1.29,0.00,4,7,5904.66,2242,51.80,280.62,1.0000,0.068,9,f,t,733.42
22589,CARDHOLDER GINGHAM STAR,fora_do_escopo,,diario,A,normal,2010-07-16,2010-12-08,87,1,1.69,0.59,14,7,2632.70,1010,30.26,125.63,0.5526,0.077,1,f,t,733.42
22591,CARDHOLDER GINGHAM CHRISTMAS TREE,fora_do_escopo,,semanal,B,normal,2010-07-16,2010-12-08,63,1,2.34,0.43,30,14,2375.34,946,37.70,112.85,0.6521,0.106,0,t,t,733.42
22592,CARDHOLDER HOLLY WREATH METAL,fora_do_escopo,,diario,A,normal,2010-07-27,2010-12-09,81,0,1.69,0.00,10,7,5022.21,1343,62.00,257.20,1.0000,0.323,9,f,t,733.42
22593,CHRISTMAS GINGHAM STAR,fora_do_escopo,,diario,A,normal,2010-07-16,2010-12-09,101,0,1.46,0.00,6,7,3081.82,3547,30.51,146.30,1.0000,0.072,4,t,t,733.42
22594,CHRISTMAS GINGHAM TREE,fora_do_escopo,,diario,A,normal,2010-07-18,2010-12-09,96,0,1.52,0.00,6,7,2694.20,3005,28.06,129.60,1.0000,0.059,4,t,t,733.42
22595,GINGHAM HEART DECORATION,fora_do_escopo,,diario,A,normal,2010-07-16,2010-12-09,109,0,1.35,0.00,6,7,5246.44,6223,48.13,249.23,1.0000,0.059,9,f,t,733.42
22596,CHRISTMAS STAR WISH LIST CHALKBOARD,sazonal,9,diario,B,ruptura,2010-07-16,2010-11-15,68,24,1.82,13.18,21,7,2372.68,2869,34.89,134.14,0.0000,0.061,125,t,t,733.42
22597,MUSICAL ZINC HEART DECORATION,fora_do_escopo,,semanal,B,normal,2010-07-25,2010-12-09,62,0,2.25,0.00,13,14,1564.05,1835,25.23,78.63,1.0000,0.066,6,f,t,733.42
22598,CHRISTMAS MUSICAL ZINC TREE,fora_do_escopo,,semanal,C,normal,2010-07-26,2010-12-09,36,0,3.89,0.00,25,14,689.90,805,19.16,34.52,1.0000,0.150,52,t,f,733.42
22599,CHRISTMAS MUSICAL ZINC STAR,fora_do_escopo,,semanal,B,normal,2010-07-25,2010-12-07,49,2,2.81,0.71,11,14,1023.53,1182,20.89,51.99,0.4911,0.101,52,t,t,733.42
22600,CHRISTMAS RETROSPOT STAR WOOD,fora_do_escopo,,diario,A,normal,2010-07-16,2010-12-09,93,0,1.59,0.00,6,7,2775.12,3261,29.84,131.62,1.0000,0.037,1,t,t,733.42
22601,CHRISTMAS RETROSPOT ANGEL WOOD,fora_do_escopo,,diario,B,normal,2010-07-18,2010-12-09,93,0,1.57,0.00,7,7,2510.01,2943,26.99,120.70,1.0000,0.083,9,t,t,733.42
22602,CHRISTMAS RETROSPOT HEART WOOD,fora_do_escopo,,diario,A,normal,2010-07-16,2010-12-09,101,0,1.46,0.00,5,7,3603.64,4426,35.68,171.07,1.0000,0.058,9,t,t,733.42
22603,CHRISTMAS RETROSPOT TREE WOOD,fora_do_escopo,,diario,B,normal,2010-07-16,2010-12-09,91,0,1.62,0.00,8,7,2398.48,2836,26.36,113.73,1.0000,0.130,9,t,t,733.42
22604,SET OF 4 NAPKIN CHARMS CUTLERY,fora_do_escopo,,diario,B,normal,2010-07-23,2010-12-09,76,0,1.85,0.00,9,7,1984.26,792,26.11,98.61,1.0000,0.064,0,f,t,733.42
22605,WOODEN CROQUET GARDEN SET,fora_do_escopo,,diario,A,normal,2010-04-08,2010-12-09,145,0,1.70,0.00,7,7,12467.56,1064,85.98,353.76,1.0000,0.155,0,f,t,733.42
22606,WOODEN SKITTLES GARDEN SET,fora_do_escopo,,semanal,A,normal,2010-04-08,2010-12-07,122,2,2.01,1.00,11,14,10339.18,762,84.75,295.40,0.3694,0.237,0,f,t,733.42
22607,WOODEN ROUNDERS GARDEN SET,fora_do_escopo,,semanal,A,normal,2010-04-08,2010-12-09,100,0,2.47,0.00,78,14,10567.93,1225,105.68,298.92,1.0000,0.081,9,f,t,733.42
22608,PENS ASSORTED FUNKY JEWELED,fora_do_escopo,,mensal,C,normal,2010-02-26,2010-12-07,25,2,11.83,0.17,32,28,460.83,525,18.43,10.90,0.8445,0.133,3,f,f,733.42
22609,PENS ASSORTED SPACEBALL,fora_do_escopo,,semanal,B,normal,2010-02-23,2010-12-06,45,3,6.50,0.46,18,14,1056.40,1219,23.48,25.28,0.6303,0.058,86,f,t,733.42
22610,PENS ASSORTED FUNNY FACE,fora_do_escopo,,semanal,B,normal,2010-02-25,2010-12-07,65,2,4.45,0.45,21,14,2575.04,3149,39.62,62.27,0.6382,0.322,3,f,t,733.42
22611,VINTAGE UNION JACK SHOPPING BAG,fora_do_escopo,,semanal,A,normal,2010-03-28,2010-12-07,100,2,2.57,0.78,11,14,3276.72,684,32.77,89.40,0.4586,0.092,69,f,t,733.42
22612,TEA COSY VINTAGE UNION JACK,provavel_descontinuacao,19,semanal,A,ruptura,2010-03-28,2010-09-28,74,72,2.52,28.57,29,14,3984.99,1001,53.85,149.55,0.0000,0.568,2,f,t,733.42
22613,PACK OF 20 SPACEBOY NAPKINS,fora_do_escopo,,semanal,B,normal,2010-05-06,2010-12-08,85,1,2.57,0.39,17,14,1209.86,1527,14.23,38.75,0.6778,0.103,9,f,t,733.42
22614,PACK OF 12 SPACEBOY TISSUES,fora_do_escopo,,semanal,B,normal,2010-05-06,2010-12-09,98,0,2.24,0.00,8,14,978.91,2849,9.99,31.26,1.0000,0.028,1,f,t,733.42
22615,PACK OF 12 CIRCUS PARADE TISSUES,fora_do_escopo,,semanal,C,normal,2010-05-06,2010-12-08,73,1,3.00,0.33,17,14,528.63,1791,7.24,16.90,0.7165,0.053,1,f,f,733.42
22616,PACK OF 12 LONDON TISSUES,fora_do_escopo,,diario,A,normal,2010-05-06,2010-12-09,140,0,1.56,0.00,7,7,4783.14,14028,34.17,153.19,1.0000,0.169,3,f,t,733.42
22617,BAKING SET SPACEBOY DESIGN,fora_do_escopo,,diario,A,normal,2010-03-14,2010-12-09,183,0,1.48,0.00,8,7,10417.84,2180,56.93,268.62,1.0000,0.143,6,f,t,733.42
22618,COOKING SET RETROSPOT,fora_do_escopo,,semanal,A,normal,2010-03-14,2010-12-08,134,1,2.02,0.49,9,14,6551.62,673,48.89,169.22,0.6099,0.062,41,f,t,733.42
22619,SET OF 6 SOLDIER SKITTLES,fora_do_escopo,,diario,A,normal,2010-05-07,2010-12-09,132,0,1.65,0.00,7,7,6339.78,1680,48.03,203.90,1.0000,0.189,4,f,t,733.42
22620,4 TRADITIONAL SPINNING TOPS,fora_do_escopo,,diario,A,normal,2010-05-09,2010-12-09,151,0,1.43,0.00,5,7,4554.09,3467,30.16,147.98,1.0000,0.059,0,f,t,733.42
22621,TRADITIONAL KNITTING NANCY,fora_do_escopo,,semanal,A,normal,2010-05-06,2010-12-09,106,0,2.07,0.00,18,14,3806.46,2625,35.91,121.63,1.0000,0.032,27,f,t,733.42
22622,BOX OF VINTAGE ALPHABET BLOCKS,fora_do_escopo,,diario,A,normal,2010-05-07,2010-12-09,147,0,1.48,0.00,5,7,18232.63,1900,124.03,586.85,1.0000,0.147,0,f,t,733.42
22623,BOX OF VINTAGE JIGSAW BLOCKS,fora_do_escopo,,diario,A,normal,2010-05-06,2010-12-09,144,0,1.52,0.00,6,7,7439.17,1418,51.66,238.31,1.0000,0.094,0,f,t,733.42
22624,IVORY KITCHEN SCALES,fora_do_escopo,,diario,A,normal,2010-05-04,2010-12-09,176,0,1.25,0.00,4,7,11699.46,1357,66.47,371.83,1.0000,0.039,16,f,t,733.42
22625,RED KITCHEN SCALES,fora_do_escopo,,diario,A,normal,2010-05-04,2010-12-09,168,0,1.31,0.00,4,7,9903.33,1116,58.95,314.66,1.0000,0.064,1,f,t,733.42
22626,BLACK KITCHEN SCALES,fora_do_escopo,,semanal,A,normal,2010-04-30,2010-12-09,98,0,2.30,0.00,17,14,3003.60,347,30.65,93.32,1.0000,0.061,1,f,t,733.42
22627,MINT KITCHEN SCALES,fora_do_escopo,,diario,A,normal,2010-05-04,2010-12-09,154,0,1.43,0.00,4,7,6877.29,787,44.66,218.39,1.0000,0.061,1,f,t,733.42
22628,PICNIC BOXES SET OF 3 RETROSPOT,fora_do_escopo,,diario,A,normal,2010-07-01,2010-12-08,97,1,1.67,0.60,5,7,3802.42,786,39.20,164.64,0.5488,0.284,9,f,t,733.42
22629,SPACEBOY LUNCH BOX,fora_do_escopo,,diario,A,normal,2010-07-01,2010-12-09,132,0,1.23,0.00,3,7,13009.73,6963,98.56,561.36,1.0000,0.236,9,f,t,733.42
22630,DOLLY GIRL LUNCH BOX,fora_do_escopo,,diario,A,normal,2010-07-01,2010-12-09,135,0,1.20,0.00,3,7,12344.86,6570,91.44,532.76,1.0000,0.308,9,f,t,733.42
22631,CIRCUS PARADE LUNCH BOX,fora_do_escopo,,semanal,A,normal,2010-03-14,2010-12-09,117,0,2.33,0.00,109,14,5174.29,2653,44.22,133.00,1.0000,0.122,9,f,t,733.42
22632,HAND WARMER RED RETROSPOT,fora_do_escopo,,diario,A,normal,2010-09-20,2010-12-09,56,0,1.45,0.00,17,7,13389.44,6716,239.10,1150.66,1.0000,0.277,80,f,t,733.42
22633,HAND WARMER UNION JACK,fora_do_escopo,,diario,A,normal,2010-10-07,2010-12-09,55,0,1.17,0.00,2,7,9560.41,4677,173.83,1042.95,1.0000,0.065,10,f,t,733.42
22634,CHILDS BREAKFAST SET SPACEBOY,monitorar,2,diario,A,indicio,2010-05-20,2010-12-06,136,3,1.48,2.03,7,7,9121.90,960,67.07,316.92,0.1320,0.112,9,f,t,733.42
22635,CHILDS BREAKFAST SET DOLLY GIRL,fora_do_escopo,,diario,A,normal,2010-05-20,2010-12-09,137,0,1.49,0.00,8,7,9711.51,1011,70.89,332.44,1.0000,0.126,9,f,t,733.42
22636,CHILDS BREAKFAST SET CIRCUS PARADE,fora_do_escopo,,diario,A,normal,2010-05-20,2010-12-09,138,0,1.48,0.00,9,7,8811.67,1069,63.85,301.65,1.0000,0.073,0,f,t,733.42
22637,PIGGY BANK RETROSPOT,fora_do_escopo,,diario,A,normal,2010-05-20,2010-12-09,138,0,1.48,0.00,5,7,4794.10,1860,34.74,164.12,1.0000,0.084,9,f,t,733.42
22638,SET OF 4 NAPKIN CHARMS CROWNS,fora_do_escopo,,mensal,C,normal,2010-07-23,2010-12-06,20,3,7.16,0.42,21,28,278.85,115,13.94,13.63,0.6576,0.241,52,f,f,733.42
22639,SET OF 4 NAPKIN CHARMS HEARTS,fora_do_escopo,,diario,B,normal,2010-07-18,2010-12-09,74,0,1.97,0.00,11,7,2159.83,873,29.19,103.57,1.0000,0.031,18,f,t,733.42
22640,SET OF 4 NAPKIN CHARMS 3 KEYS,fora_do_escopo,,semanal,C,normal,2010-06-24,2010-12-05,29,4,5.86,0.68,27,14,326.20,123,11.25,13.44,0.5051,0.094,48,f,f,733.42
22641,SET OF 4 NAPKIN CHARMS INSTRUMENT,fora_do_escopo,,semanal,C,normal,2010-07-21,2010-12-08,30,1,4.83,0.21,19,14,411.33,164,13.71,19.88,0.8129,0.163,52,f,f,733.42
22642,SET OF 4 NAPKIN CHARMS STARS,fora_do_escopo,,semanal,B,normal,2010-07-18,2010-12-09,63,0,2.32,0.00,12,14,1780.16,731,28.26,85.16,1.0000,0.069,4,f,t,733.42
22643,SET OF 4 NAPKIN CHARMS LEAVES,fora_do_escopo,,semanal,C,indicio,2010-07-18,2010-12-01,40,8,3.49,2.29,14,14,584.81,234,14.62,29.35,0.1009,0.115,137,f,f,733.42
22644,CERAMIC CHERRY CAKE MONEY BANK,fora_do_escopo,,diario,A,normal,2010-05-14,2010-12-09,149,0,1.41,0.00,5,7,4451.72,2872,29.88,148.10,1.0000,0.044,9,f,t,733.42
22645,CERAMIC HEART FAIRY CAKE MONEY BANK,fora_do_escopo,,diario,A,normal,2010-05-14,2010-12-09,152,0,1.38,0.00,5,7,5885.35,3520,38.72,195.82,1.0000,0.022,42,f,t,733.42
22646,CERAMIC STRAWBERRY CAKE MONEY BANK,fora_do_escopo,,diario,A,normal,2010-05-14,2010-12-09,164,0,1.28,0.00,4,7,7536.64,5141,45.96,250.88,1.0000,0.080,1,f,t,733.42
22647,CERAMIC LOVE HEART MONEY BANK,fora_do_escopo,,semanal,C,normal,2010-05-14,2010-12-08,34,1,6.30,0.16,19,14,468.41,335,13.78,15.30,0.8533,0.192,8,f,f,733.42
22649,STRAWBERRY FAIRY CAKE TEAPOT,fora_do_escopo,,diario,A,normal,2010-05-14,2010-12-09,140,0,1.50,0.00,4,7,7624.64,1542,54.46,253.55,1.0000,0.041,9,f,t,733.42
22650,CERAMIC PIRATE CHEST MONEY BANK,fora_do_escopo,,semanal,B,normal,2010-05-14,2010-12-09,101,0,2.09,0.00,9,14,1487.47,992,14.73,49.33,1.0000,0.100,0,f,t,733.42
22651,GENTLEMAN SHIRT REPAIR KIT,fora_do_escopo,,semanal,B,normal,2010-07-20,2010-12-09,69,0,2.09,0.00,7,14,972.37,1087,14.09,47.24,1.0000,0.117,10,f,t,733.42
22652,TRAVEL SEWING KIT,fora_do_escopo,,diario,A,normal,2010-07-18,2010-12-09,114,0,1.27,0.00,3,7,8644.96,5067,75.83,416.55,1.0000,0.156,14,f,t,733.42
22653,BUTTON BOX,fora_do_escopo,,diario,B,normal,2010-07-19,2010-12-09,86,0,1.68,0.00,7,7,2336.19,1201,27.17,113.03,1.0000,0.141,10,f,t,733.42
22654,DELUXE SEWING KIT,fora_do_escopo,,diario,A,normal,2010-07-19,2010-12-09,102,0,1.42,0.00,5,7,8278.62,1277,81.16,401.27,1.0000,0.085,9,f,t,733.42
22655,VINTAGE RED KITCHEN CABINET,fora_do_escopo,,mensal,A,normal,2010-07-12,2010-12-02,14,7,11.00,0.64,32,28,5015.00,17,358.21,227.95,0.5292,0.118,52,f,t,733.42
22656,VINTAGE BLUE KITCHEN CABINET,monitorar,3,mensal,A,indicio,2010-07-12,2010-11-17,15,22,9.14,2.41,28,28,5605.00,19,373.67,286.09,0.0902,0.158,22,f,t,733.42
22657,HEN & 2 CHICKS IN BASKET,fora_do_escopo,,mensal,C,ruptura,2010-01-31,2010-03-21,7,263,8.17,32.20,13,28,55.25,65,7.89,6.77,0.0000,0.369,35,f,f,733.42
22659,LUNCH BOX I LOVE LONDON,fora_do_escopo,,semanal,A,normal,2010-03-14,2010-12-09,130,0,2.09,0.00,109,14,10384.32,5346,79.88,267.15,1.0000,0.183,2,f,t,733.42
22660,DOORMAT I LOVE LONDON,fora_do_escopo,,semanal,A,atraso,2010-06-28,2010-12-06,62,3,2.64,1.14,23,14,3245.97,527,52.35,138.85,0.3209,0.310,0,f,t,733.42
22661,CHARLOTTE BAG DOLLY GIRL DESIGN,fora_do_escopo,,diario,B,normal,2010-07-19,2010-12-09,97,0,1.49,0.00,5,7,2498.60,3105,25.76,121.05,1.0000,0.231,9,f,t,733.42
22662,LUNCH BAG DOLLY GIRL DESIGN,fora_do_escopo,,diario,A,normal,2010-07-19,2010-12-09,113,0,1.28,0.00,3,7,5330.53,3345,47.17,258.63,1.0000,0.191,9,f,t,733.42
22663,JUMBO BAG DOLLY GIRL DESIGN,fora_do_escopo,,diario,A,normal,2010-07-19,2010-12-09,106,0,1.36,0.00,4,7,4478.58,2373,42.25,217.16,1.0000,0.149,9,f,t,733.42
22664,TOY TIDY DOLLY GIRL DESIGN,fora_do_escopo,,diario,B,normal,2010-07-22,2010-12-09,73,0,1.94,0.00,6,7,1536.03,733,21.04,75.75,1.0000,0.108,0,f,t,733.42
22665,RECIPE BOX BLUE SKETCHBOOK DESIGN,fora_do_escopo,,diario,A,normal,2010-07-11,2010-12-09,120,0,1.27,0.00,4,7,4657.55,1508,38.81,214.11,1.0000,0.056,23,f,t,733.42
22666,RECIPE BOX PANTRY YELLOW DESIGN,fora_do_escopo,,diario,A,normal,2010-07-09,2010-12-09,128,0,1.20,0.00,4,7,8248.45,2675,64.44,374.43,1.0000,0.063,0,f,t,733.42
22667,RECIPE BOX RETROSPOT,fora_do_escopo,,diario,A,normal,2010-07-09,2010-12-09,122,0,1.26,0.00,4,7,5980.80,2112,49.02,271.39,1.0000,0.118,14,f,t,733.42
22668,PINK BABY BUNTING,fora_do_escopo,,diario,A,normal,2010-07-07,2010-12-09,111,0,1.41,0.00,4,7,4255.54,1414,38.34,190.45,1.0000,0.082,9,f,t,733.42
22669,RED BABY BUNTING,fora_do_escopo,,diario,A,normal,2010-07-06,2010-12-09,102,0,1.54,0.00,5,7,4279.37,1311,41.95,190.14,1.0000,0.047,9,f,t,733.42
22670,FRENCH WC SIGN BLUE METAL,fora_do_escopo,,diario,A,normal,2010-08-17,2010-12-09,72,0,1.61,0.00,5,7,3072.61,2609,42.68,186.05,1.0000,0.632,30,f,t,733.42
22671,FRENCH LAUNDRY SIGN BLUE METAL,fora_do_escopo,,diario,B,normal,2010-08-17,2010-12-09,64,0,1.81,0.00,5,7,1255.50,757,19.62,75.89,1.0000,0.111,67,f,t,733.42
22672,FRENCH BATHROOM SIGN BLUE METAL,fora_do_escopo,,diario,B,atraso,2010-08-17,2010-12-07,73,2,1.56,1.29,5,7,2264.73,1394,31.02,139.61,0.2765,0.061,8,f,t,733.42
22673,FRENCH GARDEN SIGN BLUE METAL,fora_do_escopo,,semanal,C,normal,2010-08-17,2010-12-09,44,0,2.65,0.00,10,14,687.69,556,15.63,41.27,1.0000,0.148,109,f,f,733.42
22674,FRENCH TOILET SIGN BLUE METAL,fora_do_escopo,,diario,B,atraso,2010-08-17,2010-12-06,65,3,1.73,1.73,6,7,1287.37,1049,19.81,79.94,0.1773,0.079,9,f,t,733.42
22675,FRENCH KITCHEN SIGN BLUE METAL,fora_do_escopo,,diario,B,atraso,2010-08-17,2010-12-06,60,3,1.88,1.59,8,7,1219.87,995,20.33,75.65,0.2030,0.083,8,f,t,733.42
22676,FRENCH BLUE METAL DOOR SIGN 1,fora_do_escopo,,diario,B,atraso,2010-08-17,2010-12-07,66,2,1.72,1.16,6,7,910.38,690,13.79,56.04,0.3133,0.069,102,f,t,733.42
22677,FRENCH BLUE METAL DOOR SIGN 2,fora_do_escopo,,diario,B,normal,2010-08-17,2010-12-07,57,2,2.00,1.00,10,7,769.02,588,13.49,47.22,0.3679,0.081,102,f,t,733.42
22678,FRENCH BLUE METAL DOOR SIGN 3,fora_do_escopo,,diario,B,normal,2010-08-17,2010-12-08,64,1,1.79,0.56,8,7,744.03,567,11.63,45.37,0.5726,0.084,102,f,t,733.42
22679,FRENCH BLUE METAL DOOR SIGN 4,fora_do_escopo,,semanal,C,normal,2010-08-17,2010-12-09,57,0,2.04,0.00,8,14,683.91,531,12.00,41.26,1.0000,0.091,102,f,f,733.42
22680,FRENCH BLUE METAL DOOR SIGN 5,fora_do_escopo,,semanal,C,atraso,2010-08-17,2010-12-06,56,3,2.02,1.49,8,14,693.91,539,12.39,42.98,0.2262,0.090,102,f,f,733.42
22681,FRENCH BLUE METAL DOOR SIGN 6,fora_do_escopo,,semanal,C,normal,2010-08-17,2010-12-07,50,2,2.29,0.88,10,14,592.63,461,11.85,36.30,0.4169,0.105,102,f,f,733.42
22682,FRENCH BLUE METAL DOOR SIGN 7,fora_do_escopo,,semanal,C,normal,2010-08-17,2010-12-09,55,0,2.11,0.00,7,14,630.13,491,11.46,37.99,1.0000,0.099,102,f,f,733.42
22683,FRENCH BLUE METAL DOOR SIGN 8,fora_do_escopo,,semanal,C,normal,2010-08-17,2010-12-07,54,2,2.11,0.95,10,14,637.69,491,11.81,39.12,0.3881,0.098,102,f,f,733.42
22684,FRENCH BLUE METAL DOOR SIGN 9,fora_do_escopo,,semanal,C,normal,2010-08-17,2010-12-07,53,2,2.15,0.93,10,14,625.14,486,11.80,38.33,0.3951,0.100,102,f,f,733.42
22685,FRENCH BLUE METAL DOOR SIGN 0,fora_do_escopo,,semanal,C,normal,2010-08-17,2010-12-07,49,2,2.33,0.86,10,14,625.07,493,12.76,38.27,0.4244,0.100,102,f,f,733.42
22686,FRENCH BLUE METAL DOOR SIGN No,fora_do_escopo,,semanal,C,normal,2010-08-17,2010-12-07,50,2,2.29,0.88,9,14,556.53,417,11.13,34.09,0.4169,0.081,102,f,f,733.42
22687,DOORMAT CHRISTMAS VILLAGE,sazonal,10,semanal,B,ruptura,2010-06-28,2010-11-24,51,15,2.98,5.03,27,14,2430.45,305,47.66,111.94,0.0065,0.074,0,t,t,733.42
22688,DOORMAT PEACE ON EARTH BLUE,fora_do_escopo,,semanal,B,normal,2010-06-28,2010-12-09,51,0,3.28,0.00,31,14,1480.94,194,29.04,61.97,1.0000,0.091,1,f,t,733.42
22689,DOORMAT MERRY CHRISTMAS RED,fora_do_escopo,,semanal,A,normal,2010-06-28,2010-12-09,62,0,2.69,0.00,20,14,3206.37,421,51.72,134.65,1.0000,0.105,39,t,t,733.42
22690,DOORMAT HOME SWEET HOME BLUE,fora_do_escopo,,semanal,A,normal,2010-06-28,2010-12-09,74,0,2.25,0.00,29,14,5986.12,922,80.89,252.05,1.0000,0.168,0,f,t,733.42
22691,DOORMAT WELCOME SUNRISE,fora_do_escopo,,semanal,B,atraso,2010-06-28,2010-12-06,68,3,2.40,1.25,27,14,2535.27,389,37.28,108.61,0.2870,0.253,0,f,t,733.42
22692,DOORMAT WELCOME TO OUR HOME,fora_do_escopo,,diario,A,normal,2010-06-28,2010-12-07,82,2,2.00,1.00,15,7,4485.78,617,54.70,191.47,0.3679,0.143,0,f,t,733.42
22693,GROW A FLYTRAP OR SUNFLOWER IN TIN,fora_do_escopo,,semanal,B,normal,2010-08-05,2010-12-06,30,3,4.24,0.71,24,14,2571.63,1655,85.72,141.47,0.4930,0.047,18,f,t,733.42
22694,WICKER STAR,fora_do_escopo,,diario,A,normal,2010-07-29,2010-12-09,103,0,1.30,0.00,3,7,7315.98,3290,71.03,381.31,1.0000,0.030,14,f,t,733.42
22695,WICKER WREATH SMALL,fora_do_escopo,,diario,B,normal,2010-07-29,2010-12-09,69,0,1.96,0.00,8,7,1145.83,760,16.61,59.43,1.0000,0.052,41,f,t,733.42
22696,WICKER WREATH LARGE,fora_do_escopo,,diario,B,normal,2010-07-29,2010-12-09,85,0,1.58,0.00,8,7,1470.17,749,17.30,76.47,1.0000,0.056,0,f,t,733.42
22697,GREEN REGENCY TEACUP AND SAUCER,fora_do_escopo,,diario,A,normal,2010-08-11,2010-12-09,101,0,1.20,0.00,3,7,8708.62,2810,86.22,502.97,1.0000,0.076,14,f,t,733.42
22698,PINK REGENCY TEACUP AND SAUCER,fora_do_escopo,,diario,A,normal,2010-08-11,2010-12-09,82,0,1.48,0.00,15,7,6937.91,2408,84.61,399.78,1.0000,0.187,6,f,t,733.42
22699,ROSES REGENCY TEACUP AND SAUCER,fora_do_escopo,,diario,A,normal,2010-08-11,2010-12-09,102,0,1.19,0.00,2,7,10039.62,3462,98.43,579.90,1.0000,0.129,6,f,t,733.42
22700,BLACK AND WHITE DOG BOWL,fora_do_escopo,,semanal,C,normal,2010-07-01,2010-12-09,42,0,3.93,0.00,17,14,579.78,196,13.80,24.61,1.0000,0.106,2,f,f,733.42
22701,PINK DOG BOWL,fora_do_escopo,,semanal,C,normal,2010-06-22,2010-12-08,38,1,4.57,0.22,17,14,406.54,128,10.70,16.40,0.8034,0.087,3,f,f,733.42
22702,BLACK AND WHITE CAT BOWL,fora_do_escopo,,semanal,C,normal,2010-06-23,2010-12-06,39,3,4.37,0.69,14,14,480.07,230,12.31,19.72,0.5032,0.277,2,f,f,733.42
22703,PINK CAT BOWL,fora_do_escopo,,semanal,C,normal,2010-06-23,2010-12-08,37,1,4.67,0.21,14,14,342.68,155,9.26,13.89,0.8071,0.074,3,f,f,733.42
22704,WRAP RED APPLES,fora_do_escopo,,semanal,B,normal,2010-05-27,2010-12-09,87,0,2.28,0.00,9,14,1469.50,3575,16.89,51.88,1.0000,0.046,10,f,t,733.42
22705,WRAP GREEN PEARS,fora_do_escopo,,semanal,B,normal,2010-05-27,2010-12-09,64,0,3.11,0.00,10,14,829.50,1975,12.96,29.16,1.0000,0.038,32,f,t,733.42
22706,WRAP COWBOYS,fora_do_escopo,,semanal,B,normal,2010-06-02,2010-12-08,45,1,4.30,0.23,32,14,866.30,2215,19.25,31.37,0.7923,0.157,9,f,t,733.42
22707,WRAP MONSTER FUN,fora_do_escopo,,semanal,C,atraso,2010-05-27,2010-11-29,32,10,6.00,1.67,28,14,378.00,900,11.81,13.78,0.1889,0.083,1,f,f,733.42
22708,WRAP DOLLY GIRL,fora_do_escopo,,semanal,B,normal,2010-06-02,2010-12-08,50,1,3.86,0.26,16,14,1001.50,2575,20.03,36.35,0.7716,0.272,9,f,t,733.42
22709,WRAP WEDDING DAY,fora_do_escopo,,semanal,C,atraso,2010-06-02,2010-11-29,29,10,6.43,1.56,35,14,571.08,1474,19.69,21.44,0.2111,0.137,10,f,f,733.42
22710,WRAP I LOVE LONDON,fora_do_escopo,,semanal,B,normal,2010-05-27,2010-12-08,53,1,3.75,0.27,13,14,1057.36,2708,19.95,37.24,0.7659,0.257,14,f,t,733.42
22711,WRAP CIRCUS PARADE,monitorar,40,semanal,B,ruptura,2010-05-27,2010-11-29,60,10,3.15,3.17,9,14,1007.50,2475,16.79,37.28,0.0419,0.145,10,f,t,733.42
22712,CARD DOLLY GIRL,fora_do_escopo,,diario,B,normal,2010-05-28,2010-12-09,122,0,1.61,0.00,10,7,1225.17,2964,10.04,43.62,1.0000,0.258,9,f,t,733.42
22713,CARD I LOVE LONDON,fora_do_escopo,,semanal,B,normal,2010-05-27,2010-12-08,92,1,2.14,0.47,8,14,1228.37,2756,13.35,43.62,0.6271,0.253,14,f,t,733.42
22714,CARD BIRTHDAY COWBOY,fora_do_escopo,,semanal,B,normal,2010-05-28,2010-12-08,96,1,2.04,0.49,8,14,759.00,1828,7.91,27.10,0.6128,0.143,9,f,t,733.42
22715,CARD WEDDING DAY,fora_do_escopo,,semanal,C,normal,2010-06-01,2010-12-07,66,2,2.91,0.69,10,14,495.03,1188,7.50,18.06,0.5027,0.063,9,f,f,733.42
22716,CARD CIRCUS PARADE,fora_do_escopo,,diario,B,normal,2010-06-01,2010-12-09,110,0,1.75,0.00,12,7,893.79,2117,8.13,32.46,1.0000,0.035,10,f,t,733.42
22717,CARD DOG AND BALL,fora_do_escopo,,semanal,C,normal,2010-06-02,2010-12-09,68,0,2.84,0.00,17,14,500.31,1215,7.36,18.16,1.0000,0.207,14,f,f,733.42
22718,CARD CAT AND TREE,fora_do_escopo,,semanal,C,atraso,2010-06-01,2010-12-06,74,3,2.58,1.16,10,14,451.03,1034,6.10,16.57,0.3120,0.057,2,f,f,733.42
22719,GUMBALL MONOCHROME COAT RACK,fora_do_escopo,,semanal,B,normal,2010-04-25,2010-12-09,86,0,2.68,0.00,14,14,1160.38,896,13.49,35.21,1.0000,0.132,0,f,t,733.42
22725,ALARM CLOCK BAKELIKE CHOCOLATE,fora_do_escopo,,diario,B,normal,2010-09-24,2010-12-09,60,0,1.29,0.00,4,7,2466.60,607,41.11,223.40,1.0000,0.162,14,f,t,733.42
22726,ALARM CLOCK BAKELIKE GREEN,fora_do_escopo,,diario,A,normal,2010-09-24,2010-12-09,66,0,1.17,0.00,2,7,6541.06,1524,99.11,593.34,1.0000,0.065,4,f,t,733.42
22727,ALARM CLOCK BAKELIKE RED,fora_do_escopo,,diario,A,normal,2010-09-24,2010-12-09,66,0,1.17,0.00,2,7,7268.99,1780,110.14,659.37,1.0000,0.077,4,f,t,733.42
22728,ALARM CLOCK BAKELIKE PINK,fora_do_escopo,,diario,A,normal,2010-09-24,2010-12-09,65,0,1.19,0.00,2,7,4205.12,1010,64.69,381.36,1.0000,0.095,14,f,t,733.42
22729,ALARM CLOCK BAKELIKE ORANGE,fora_do_escopo,,diario,A,normal,2010-09-24,2010-12-09,64,0,1.21,0.00,3,7,3192.43,772,49.88,289.45,1.0000,0.103,4,f,t,733.42
22730,ALARM CLOCK BAKELIKE IVORY,fora_do_escopo,,diario,A,normal,2010-09-24,2010-12-09,62,0,1.25,0.00,3,7,4088.14,985,65.94,370.47,1.0000,0.098,14,f,t,733.42
22731,3D CHRISTMAS STAMPS STICKERS,fora_do_escopo,,diario,B,normal,2010-09-16,2010-12-09,67,0,1.27,0.00,3,7,2563.17,1889,38.26,210.41,1.0000,0.045,10,t,t,733.42
22732,3D VINTAGE CHRISTMAS STICKERS,fora_do_escopo,,diario,A,normal,2010-09-15,2010-12-09,66,0,1.31,0.00,3,7,2952.51,2211,44.74,239.46,1.0000,0.072,13,t,t,733.42
22733,3D TRADITIONAL CHRISTMAS STICKERS,fora_do_escopo,,diario,B,atraso,2010-09-17,2010-12-07,63,2,1.31,1.53,3,7,2448.44,1943,38.86,208.23,0.2163,0.047,7,t,t,733.42
22734,SET OF 6 RIBBONS VINTAGE CHRISTMAS,fora_do_escopo,,diario,A,normal,2010-09-16,2010-12-09,68,0,1.25,0.00,4,7,16439.98,6563,241.76,1349.85,1.0000,0.263,6,t,t,733.42
22735,RIBBON REEL SOCKS AND MITTENS,fora_do_escopo,,diario,B,normal,2010-09-16,2010-12-09,57,0,1.50,0.00,4,7,1283.39,753,22.52,105.07,1.0000,0.137,9,f,t,733.42
22736,RIBBON REEL MAKING SNOWMEN,fora_do_escopo,,diario,B,normal,2010-09-16,2010-12-09,68,0,1.25,0.00,3,7,2426.98,1400,35.69,199.27,1.0000,0.079,9,f,t,733.42
22737,RIBBON REEL CHRISTMAS PRESENT,fora_do_escopo,,diario,A,normal,2010-09-16,2010-12-09,69,0,1.24,0.00,3,7,3435.92,2023,49.80,282.18,1.0000,0.051,9,t,t,733.42
22738,RIBBON REEL SNOWY VILLAGE,fora_do_escopo,,diario,A,normal,2010-09-16,2010-12-09,71,0,1.20,0.00,2,7,4526.47,2447,63.75,371.89,1.0000,0.077,10,f,t,733.42
22739,RIBBON REEL CHRISTMAS SOCK BAUBLE,fora_do_escopo,,diario,A,normal,2010-09-16,2010-12-09,72,0,1.18,0.00,3,7,4159.24,2364,57.77,341.79,1.0000,0.104,0,t,t,733.42
22740,POLKADOT PEN,fora_do_escopo,,diario,A,normal,2010-09-30,2010-12-09,56,0,1.27,0.00,3,7,5917.87,6834,105.68,581.22,1.0000,0.164,14,f,t,733.42
22741,FUNKY DIVA PEN,fora_do_escopo,,diario,B,normal,2010-09-30,2010-12-09,43,0,1.67,0.00,5,7,1884.83,2174,43.83,184.10,1.0000,0.087,9,f,t,733.42
22742,MAKE YOUR OWN PLAYTIME CARD KIT,fora_do_escopo,,diario,B,normal,2010-08-10,2010-12-09,63,0,1.95,0.00,5,7,1193.06,374,18.94,67.92,1.0000,0.059,0,f,t,733.42
22743,MAKE YOUR OWN FLOWERPOWER CARD KIT,fora_do_escopo,,diario,B,normal,2010-08-10,2010-12-09,79,0,1.55,0.00,5,7,2263.87,605,28.66,129.31,1.0000,0.031,2,f,t,733.42
22744,MAKE YOUR OWN MONSOON CARD KIT,fora_do_escopo,,diario,B,normal,2010-08-10,2010-12-09,74,0,1.66,0.00,7,7,2322.65,695,31.39,132.55,1.0000,0.060,0,f,t,733.42
22745,POPPY'S PLAYHOUSE BEDROOM,fora_do_escopo,,diario,A,normal,2010-09-24,2010-12-09,65,0,1.19,0.00,2,7,5365.47,2068,82.55,486.59,1.0000,0.103,9,f,t,733.42
22746,POPPY'S PLAYHOUSE LIVINGROOM,fora_do_escopo,,diario,A,normal,2010-09-24,2010-12-09,64,0,1.21,0.00,2,7,3613.98,1528,56.47,327.67,1.0000,0.154,9,f,t,733.42
22747,POPPY'S PLAYHOUSE BATHROOM,fora_do_escopo,,diario,B,normal,2010-09-24,2010-12-09,60,0,1.29,0.00,2,7,2515.57,1131,41.93,227.84,1.0000,0.221,9,f,t,733.42
22748,POPPY'S PLAYHOUSE KITCHEN,fora_do_escopo,,diario,A,normal,2010-09-24,2010-12-09,65,0,1.19,0.00,2,7,5536.86,2138,85.18,502.13,1.0000,0.100,9,f,t,733.42
22749,FELTCRAFT PRINCESS CHARLOTTE DOLL,fora_do_escopo,,diario,A,normal,2010-09-08,2010-12-09,79,0,1.18,0.00,2,7,6543.67,1501,82.83,491.59,1.0000,0.050,9,f,t,733.42
22750,FELTCRAFT PRINCESS LOLA DOLL,fora_do_escopo,,diario,A,normal,2010-09-06,2010-12-09,80,0,1.19,0.00,2,7,4558.39,1217,56.98,335.21,1.0000,0.107,25,f,t,733.42
22751,FELTCRAFT PRINCESS OLIVIA DOLL,fora_do_escopo,,diario,A,normal,2010-09-05,2010-12-09,74,0,1.30,0.00,3,7,2903.73,766,39.24,211.07,1.0000,0.057,1,f,t,733.42
22752,SET 7 BABUSHKA NESTING BOXES,fora_do_escopo,,diario,A,normal,2010-08-06,2010-12-09,97,0,1.30,0.00,5,7,16351.28,1991,168.57,906.23,1.0000,0.135,2,f,t,733.42
22753,SMALL YELLOW BABUSHKA NOTEBOOK,fora_do_escopo,,diario,B,normal,2010-08-08,2010-12-09,88,0,1.41,0.00,5,7,1206.02,1371,13.70,67.86,1.0000,0.110,8,f,t,733.42
22754,SMALL RED BABUSHKA NOTEBOOK,fora_do_escopo,,diario,B,normal,2010-08-08,2010-12-09,93,0,1.34,0.00,3,7,1764.02,2033,18.97,99.31,1.0000,0.081,8,f,t,733.42
22755,SMALL PURPLE BABUSHKA NOTEBOOK,fora_do_escopo,,diario,B,normal,2010-08-06,2010-12-09,97,0,1.30,0.00,4,7,1864.48,2143,19.22,103.33,1.0000,0.077,8,f,t,733.42
22756,LARGE YELLOW BABUSHKA NOTEBOOK,fora_do_escopo,,semanal,B,normal,2010-08-08,2010-12-09,59,0,2.12,0.00,9,14,755.70,618,12.81,42.28,1.0000,0.101,8,f,t,733.42
22757,LARGE RED BABUSHKA NOTEBOOK,fora_do_escopo,,diario,B,normal,2010-08-08,2010-12-09,76,0,1.64,0.00,5,7,1951.34,1624,25.68,109.59,1.0000,0.222,14,f,t,733.42
22758,LARGE PURPLE BABUSHKA NOTEBOOK,fora_do_escopo,,diario,B,normal,2010-08-06,2010-12-09,81,0,1.56,0.00,5,7,1564.43,1279,19.31,86.53,1.0000,0.211,14,f,t,733.42
22759,SET OF 3 NOTEBOOKS IN PARCEL,fora_do_escopo,,diario,A,normal,2010-08-08,2010-12-09,99,0,1.26,0.00,5,7,7161.80,4096,72.34,403.47,1.0000,0.062,9,f,t,733.42
22760,"TRAY, BREAKFAST IN BED",monitorar,10,diario,B,ruptura,2010-10-10,2010-12-03,31,6,1.80,3.33,5,7,1117.00,86,36.03,140.13,0.0357,0.118,6,f,t,733.42
22762,CUPBOARD 3 DRAWER MA CAMPAGNE,fora_do_escopo,,semanal,C,normal,2010-10-10,2010-12-09,18,0,3.53,0.00,10,14,682.07,45,37.89,75.15,1.0000,0.299,1,f,f,733.42
22763,KEY CABINET MA CAMPAGNE,fora_do_escopo,,semanal,A,normal,2010-10-10,2010-12-09,24,0,2.61,0.00,8,14,3404.00,470,141.83,380.59,1.0000,0.813,0,f,t,733.42
22765,NEWSPAPER STAND,fora_do_escopo,,diario,A,normal,2010-10-10,2010-12-09,37,0,1.67,0.00,5,7,3508.30,311,94.82,398.24,1.0000,0.636,0,f,t,733.42
22766,PHOTO FRAME CORNICE,fora_do_escopo,,diario,A,normal,2010-10-10,2010-12-09,49,0,1.25,0.00,3,7,3365.90,1178,68.69,384.67,1.0000,0.218,14,f,t,733.42
22767,TRIPLE PHOTO FRAME CORNICE,fora_do_escopo,,diario,B,normal,2010-10-10,2010-12-09,41,0,1.50,0.00,3,7,2494.21,248,60.83,283.89,1.0000,0.055,8,f,t,733.42
22768,FAMILY PHOTO FRAME CORNICE,fora_do_escopo,,diario,A,normal,2010-10-10,2010-12-09,48,0,1.28,0.00,3,7,3215.52,329,66.99,367.33,1.0000,0.093,0,f,t,733.42
22769,CHALKBOARD KITCHEN ORGANISER,fora_do_escopo,,semanal,A,normal,2010-10-10,2010-12-09,26,0,2.40,0.00,10,14,3428.95,168,131.88,384.66,1.0000,0.492,0,f,t,733.42
22796,PHOTO FRAME 3 CLASSIC HANGING,fora_do_escopo,,diario,B,normal,2010-10-10,2010-12-09,43,0,1.43,0.00,4,7,2416.09,239,56.19,275.32,1.0000,0.101,6,f,t,733.42
22804,CANDLEHOLDER PINK HANGING HEART,fora_do_escopo,,diario,A,normal,2010-09-23,2010-12-09,62,0,1.26,0.00,3,7,6325.88,2251,102.03,565.80,1.0000,0.277,2,f,t,733.42
22806,SET OF 6 T-LIGHTS WEDDING CAKE,fora_do_escopo,,semanal,C,normal,2010-09-20,2010-12-06,19,3,4.28,0.70,13,14,507.38,182,26.70,43.70,0.4959,0.241,3,f,f,733.42
22807,SET OF 6 T-LIGHTS TOADSTOOLS,fora_do_escopo,,diario,B,normal,2010-09-20,2010-12-09,57,0,1.43,0.00,4,7,1801.64,596,31.61,154.88,1.0000,0.068,55,f,t,733.42
22808,SET OF 6 T-LIGHTS EASTER CHICKS,fora_do_escopo,,mensal,C,normal,2010-09-20,2010-12-09,9,0,10.00,0.00,16,28,225.66,82,25.07,17.55,1.0000,0.542,55,t,f,733.42
22809,SET OF 6 T-LIGHTS SANTA,fora_do_escopo,,diario,A,normal,2010-09-20,2010-12-09,63,0,1.29,0.00,3,7,4128.40,1408,65.53,355.50,1.0000,0.037,14,t,t,733.42
22810,SET OF 6 T-LIGHTS SNOWMEN,fora_do_escopo,,diario,A,normal,2010-09-20,2010-12-09,66,0,1.23,0.00,3,7,4046.40,1360,61.31,348.70,1.0000,0.038,29,f,t,733.42
22811,SET OF 6 T-LIGHTS CACTI,fora_do_escopo,,semanal,C,normal,2010-09-21,2010-12-08,29,1,2.79,0.36,7,14,559.37,159,19.29,48.47,0.6984,0.219,17,f,f,733.42
22812,PACK 3 BOXES CHRISTMAS PANNETONE,fora_do_escopo,,diario,A,normal,2010-09-15,2010-12-09,72,0,1.20,0.00,3,7,7571.03,3331,105.15,614.84,1.0000,0.031,10,t,t,733.42
22813,PACK 3 BOXES BIRD PANNETONE,fora_do_escopo,,diario,A,normal,2010-09-16,2010-12-09,65,0,1.31,0.00,4,7,3240.25,1667,49.85,265.87,1.0000,0.078,0,f,t,733.42
22814,CARD PARTY GAMES,fora_do_escopo,,diario,C,normal,2010-09-21,2010-12-08,44,1,1.81,0.55,4,7,280.37,642,6.37,24.59,0.5762,0.092,2,f,f,733.42
22815,CARD PSYCHEDELIC APPLES,fora_do_escopo,,diario,C,normal,2010-09-16,2010-12-08,52,1,1.63,0.61,6,7,387.52,892,7.45,32.05,0.5409,0.067,2,f,f,733.42
22816,CARD MOTORBIKE SANTA,fora_do_escopo,,diario,B,normal,2010-09-16,2010-12-09,69,0,1.24,0.00,3,7,1504.11,3399,21.80,123.53,1.0000,0.035,9,t,t,733.42
22817,CARD SUKI BIRTHDAY,fora_do_escopo,,diario,C,normal,2010-09-16,2010-12-09,43,0,2.00,0.00,8,7,332.72,780,7.74,27.08,1.0000,0.078,8,f,f,733.42
22818,CARD CHRISTMAS VILLAGE,fora_do_escopo,,diario,B,normal,2010-09-16,2010-12-09,67,0,1.27,0.00,3,7,1338.90,3013,19.98,109.91,1.0000,0.023,0,t,t,733.42
22819,"BIRTHDAY CARD, RETRO SPOT",fora_do_escopo,,semanal,C,normal,2010-09-20,2010-12-08,38,1,2.14,0.47,7,14,326.79,771,8.60,28.19,0.6260,0.079,9,f,f,733.42
22820,GIFT BAG BIRTHDAY,fora_do_escopo,,semanal,C,normal,2010-09-15,2010-12-08,24,1,3.65,0.27,11,14,277.51,425,11.56,22.16,0.7605,0.084,9,f,f,733.42
22821,GIFT BAG PSYCHEDELIC APPLES,fora_do_escopo,,semanal,C,normal,2010-09-15,2010-12-09,34,0,2.58,0.00,10,14,350.13,528,10.30,27.99,1.0000,0.089,0,f,f,733.42
22834,HAND WARMER BABUSHKA DESIGN,fora_do_escopo,,diario,A,normal,2010-09-12,2010-12-09,72,0,1.24,0.00,3,7,5787.02,2706,80.38,453.94,1.0000,0.066,3,f,t,733.42
22835,HOT WATER BOTTLE I AM SO POORLY,fora_do_escopo,,diario,A,normal,2010-09-12,2010-12-09,76,0,1.17,0.00,2,7,10604.87,2092,139.54,832.47,1.0000,0.038,9,t,t,733.42
22837,HOT WATER BOTTLE BABUSHKA,fora_do_escopo,,diario,A,normal,2010-10-06,2010-12-09,56,0,1.16,0.00,2,7,13112.14,2841,234.15,1408.53,1.0000,0.171,14,t,t,733.42
22851,SET 20 NAPKINS FAIRY CAKES DESIGN,fora_do_escopo,,diario,B,normal,2010-08-19,2010-12-09,81,0,1.40,0.00,4,7,1874.67,2472,23.14,115.72,1.0000,0.098,30,f,t,733.42
22854,CREAM SWEETHEART EGG HOLDER,fora_do_escopo,,diario,B,normal,2010-09-16,2010-12-09,50,0,1.71,0.00,6,7,1992.47,406,39.85,162.72,1.0000,0.205,8,f,t,733.42
22855,FINE WICKER HEART,fora_do_escopo,,diario,A,normal,2010-09-15,2010-12-09,68,0,1.27,0.00,3,7,2969.82,2376,43.67,240.98,1.0000,0.027,56,f,t,733.42
22857,ASSORTED EASTER GIFT TAGS,fora_do_escopo,,mensal,C,atraso,2010-10-05,2010-11-25,5,14,12.75,1.10,27,28,82.42,85,16.48,9.05,0.3335,0.371,10,t,f,733.42
22859,EASTER TIN BUNNY BOUQUET,fora_do_escopo,,mensal,C,normal,2010-10-05,2010-12-09,9,0,8.13,0.00,25,28,102.60,57,11.40,9.82,1.0000,0.386,65,t,f,733.42
22860,EASTER TIN CHICKS PINK DAISY,fora_do_escopo,,ocasional,C,normal,2010-10-05,2010-12-05,4,4,20.33,0.20,38,,46.38,25,11.60,3.99,0.8214,0.427,65,t,f,733.42
22862,LOVE HEART NAPKIN BOX,fora_do_escopo,,diario,A,normal,2010-09-16,2010-12-09,62,0,1.38,0.00,4,7,2694.81,615,43.46,220.95,1.0000,0.082,0,f,t,733.42
22863,SOAP DISH BROCANTE,fora_do_escopo,,diario,B,normal,2010-09-23,2010-12-09,45,0,1.75,0.00,6,7,1237.49,435,27.50,110.00,1.0000,0.099,9,f,t,733.42
22864,MUG AND COASTER SET RED CIRCLES,fora_do_escopo,,ocasional,C,ruptura,2010-06-02,2010-06-29,2,163,27.00,6.04,27,,158.76,378,79.38,20.58,0.0024,1.000,8,f,f,733.42
22865,HAND WARMER OWL DESIGN,fora_do_escopo,,diario,A,normal,2010-09-10,2010-12-08,77,1,1.17,0.85,2,7,15665.48,7059,203.45,1216.11,0.4257,0.051,10,f,t,733.42
22866,HAND WARMER SCOTTY DOG DESIGN,fora_do_escopo,,diario,A,normal,2010-09-10,2010-12-09,78,0,1.17,0.00,2,7,16015.92,7140,205.33,1229.71,1.0000,0.081,4,f,t,733.42
22867,HAND WARMER BIRD DESIGN,fora_do_escopo,,diario,A,normal,2010-09-10,2010-12-09,78,0,1.17,0.00,2,7,15462.33,7012,198.24,1187.21,1.0000,0.088,4,f,t,733.42
22894,TABLECLOTH RED APPLES DESIGN,fora_do_escopo,,diario,B,normal,2010-09-24,2010-12-09,45,0,1.73,0.00,6,7,2201.40,264,48.92,198.25,1.0000,0.181,9,f,t,733.42
22895,SET OF 2 TEA TOWELS APPLE AND PEARS,fora_do_escopo,,diario,B,normal,2010-09-24,2010-12-09,58,0,1.33,0.00,3,7,2473.57,835,42.65,223.90,1.0000,0.105,9,f,t,733.42
22896,PEG BAG APPLES DESIGN,fora_do_escopo,,diario,B,normal,2010-09-26,2010-12-09,48,0,1.57,0.00,4,7,1235.36,504,25.74,114.42,1.0000,0.170,48,f,t,733.42
22897,OVEN MITT APPLES DESIGN,fora_do_escopo,,diario,B,normal,2010-09-26,2010-12-09,51,0,1.48,0.00,5,7,907.91,622,17.80,84.20,1.0000,0.069,8,f,t,733.42
22898,CHILDRENS APRON APPLES DESIGN,fora_do_escopo,,diario,B,normal,2010-09-26,2010-12-09,56,0,1.35,0.00,4,7,1630.91,837,29.12,151.52,1.0000,0.053,9,f,t,733.42
22899,CHILDREN'S APRON DOLLY GIRL,fora_do_escopo,,diario,B,normal,2010-09-26,2010-12-09,58,0,1.30,0.00,4,7,1611.46,771,27.78,149.81,1.0000,0.290,9,f,t,733.42
22900,SET 2 TEA TOWELS I LOVE LONDON,fora_do_escopo,,diario,A,normal,2010-09-24,2010-12-09,64,0,1.21,0.00,2,7,5568.28,1458,87.00,504.85,1.0000,0.046,8,f,t,733.42
22902,TOTE BAG I LOVE LONDON,fora_do_escopo,,diario,B,normal,2010-09-26,2010-12-09,45,0,1.68,0.00,7,7,1030.80,501,22.91,95.34,1.0000,0.082,8,f,t,733.42
22903,CALENDAR FAMILY FAVOURITES,fora_do_escopo,,semanal,B,normal,2010-09-26,2010-12-09,23,0,3.36,0.00,8,14,1512.22,554,65.75,136.83,1.0000,0.852,30,f,t,733.42
22904,CALENDAR PAPER CUT DESIGN,fora_do_escopo,,diario,A,normal,2010-09-19,2010-12-09,68,0,1.21,0.00,2,7,5523.98,1694,81.24,470.36,1.0000,0.233,30,f,t,733.42
22905,CALENDAR IN SEASON DESIGN,monitorar,14,diario,B,indicio,2010-09-19,2010-12-06,54,3,1.47,2.04,4,7,1493.24,508,27.65,131.53,0.1302,0.137,9,f,t,733.42
22906,12 MESSAGE CARDS WITH ENVELOPES,fora_do_escopo,,diario,A,normal,2010-09-19,2010-12-09,67,0,1.23,0.00,3,7,3446.12,1729,51.43,293.37,1.0000,0.050,35,f,t,733.42
22907,PACK OF 20 NAPKINS PANTRY DESIGN,fora_do_escopo,,diario,B,normal,2010-09-16,2010-12-09,63,0,1.35,0.00,5,7,1648.09,2158,26.16,135.16,1.0000,0.099,0,f,t,733.42
22908,PACK OF 20 NAPKINS RED APPLES,fora_do_escopo,,diario,B,normal,2010-09-20,2010-12-09,53,0,1.54,0.00,4,7,1016.72,1289,19.18,87.28,1.0000,0.062,9,f,t,733.42
22909,SET OF 20 VINTAGE CHRISTMAS NAPKINS,fora_do_escopo,,diario,A,normal,2010-09-16,2010-12-09,73,0,1.17,0.00,2,7,7729.00,8719,105.88,635.26,1.0000,0.064,80,t,t,733.42
22910,PAPER CHAIN KIT VINTAGE CHRISTMAS,fora_do_escopo,,diario,A,normal,2010-09-19,2010-12-09,71,0,1.16,0.00,2,7,28848.65,8993,406.32,2457.98,1.0000,0.046,10,t,t,733.42
22911,PAPER CHAIN KIT LONDON,fora_do_escopo,,diario,B,normal,2010-09-19,2010-12-08,49,1,1.67,0.60,6,7,1155.26,410,23.58,99.02,0.5488,0.177,2,f,t,733.42
22938,CUPCAKE LACE PAPER SET 6,fora_do_escopo,,diario,B,normal,2010-09-20,2010-12-09,47,0,1.74,0.00,6,7,2517.67,1379,53.57,215.61,1.0000,0.063,9,f,t,733.42
22939,APRON APPLE DELIGHT,fora_do_escopo,,diario,B,normal,2010-09-26,2010-12-08,43,1,1.74,0.58,11,7,1152.83,236,26.81,107.97,0.5625,0.184,8,f,t,733.42
22940,FELTCRAFT CHRISTMAS FAIRY,fora_do_escopo,,diario,A,normal,2010-09-06,2010-12-09,78,0,1.22,0.00,3,7,8136.04,1742,104.31,598.11,1.0000,0.088,9,t,t,733.42
22944,CHRISTMAS METAL POSTCARD WITH BELLS,fora_do_escopo,,semanal,B,normal,2010-09-19,2010-12-09,33,0,2.53,0.00,9,14,1802.98,1538,54.64,151.09,1.0000,0.169,10,t,t,733.42
22945,CHRISTMAS METAL TAGS ASSORTED,fora_do_escopo,,diario,A,normal,2010-09-19,2010-12-09,67,0,1.23,0.00,3,7,4703.07,4854,70.20,400.37,1.0000,0.088,9,t,t,733.42
22946,WOODEN ADVENT CALENDAR CREAM,fora_do_escopo,,diario,A,atraso,2010-09-16,2010-12-07,63,2,1.32,1.51,4,7,8438.05,538,133.94,708.89,0.2204,0.036,71,t,t,733.42
22947,WOODEN ADVENT CALENDAR RED,fora_do_escopo,,diario,A,atraso,2010-09-16,2010-12-07,49,2,1.71,1.17,6,7,4397.61,280,89.75,367.74,0.3101,0.070,71,t,t,733.42
22948,METAL DECORATION NAUGHTY CHILDREN,fora_do_escopo,,semanal,C,normal,2010-09-16,2010-12-09,41,0,2.10,0.00,6,14,689.48,644,16.82,56.06,1.0000,0.059,48,f,f,733.42
22949,36 DOILIES DOLLY GIRL,fora_do_escopo,,diario,B,atraso,2010-09-19,2010-12-06,44,3,1.81,1.65,6,7,1453.93,1060,33.04,127.52,0.1913,0.419,9,f,t,733.42
22950,36 DOILIES VINTAGE CHRISTMAS,sazonal,1,diario,A,ruptura,2010-09-19,2010-11-16,37,23,1.61,14.28,8,7,4321.09,3124,116.79,507.42,0.0000,0.187,0,t,t,733.42
22951,60 CAKE CASES DOLLY GIRL DESIGN,fora_do_escopo,,diario,B,normal,2010-09-19,2010-12-09,68,0,1.21,0.00,2,7,1899.30,3714,27.93,161.72,1.0000,0.160,9,f,t,733.42
22952,60 CAKE CASES VINTAGE CHRISTMAS,fora_do_escopo,,diario,A,normal,2010-09-17,2010-12-09,72,0,1.17,0.00,2,7,10287.71,17707,142.88,855.59,1.0000,0.071,6,t,t,733.42
22959,WRAP CHRISTMAS VILLAGE,sazonal,5,diario,B,ruptura,2010-09-06,2010-12-03,49,6,1.83,3.27,14,7,1994.00,4900,40.69,155.38,0.0379,0.045,7,t,t,733.42
22961,JAM MAKING SET PRINTED,fora_do_escopo,,mensal,B,normal,2010-07-23,2010-12-09,13,0,11.58,0.00,125,28,2581.91,1674,198.61,120.02,1.0000,0.162,10,f,t,733.42
22963,JAM JAR WITH GREEN LID,fora_do_escopo,,mensal,C,normal,2010-07-23,2010-12-09,12,0,12.64,0.00,128,28,525.82,664,43.82,24.27,1.0000,0.263,10,f,f,733.42
22983,CARD BILLBOARD FONT,fora_do_escopo,,diario,C,normal,2010-09-14,2010-12-09,57,0,1.54,0.00,5,7,676.92,1614,11.88,54.13,1.0000,0.077,2,f,f,733.42
22984,CARD GINGHAM ROSE,fora_do_escopo,,semanal,C,normal,2010-09-12,2010-12-09,37,0,2.44,0.00,7,14,290.61,693,7.85,22.49,1.0000,0.052,16,f,f,733.42
22985,"WRAP, BILLBOARD FONTS DESIGN",fora_do_escopo,,semanal,C,normal,2010-09-07,2010-12-06,28,3,3.33,0.90,14,14,415.80,990,14.85,31.19,0.4066,0.076,3,f,f,733.42
22986,GINGHAM ROSE WRAP,fora_do_escopo,,semanal,C,normal,2010-09-07,2010-12-08,37,1,2.56,0.39,11,14,698.80,1740,18.89,51.73,0.6762,0.195,9,f,f,733.42
22987,"WRAP , SUMMER ROSE DESIGN",fora_do_escopo,,mensal,C,atraso,2010-09-07,2010-11-23,6,16,15.40,1.04,23,28,63.00,150,10.50,4.77,0.3538,0.167,16,f,f,733.42
35001B,HAND OPEN SHAPE BLACK,fora_do_escopo,,mensal,C,ruptura,2009-12-17,2010-03-16,6,268,17.80,15.06,66,28,59.33,17,9.89,3.89,0.0000,0.353,1,f,f,733.42
35001G,HAND OPEN SHAPE GOLD,fora_do_escopo,,semanal,B,normal,2009-12-01,2010-12-03,61,6,6.12,0.98,32,14,1733.01,561,28.41,32.51,0.3750,0.272,2,f,t,733.42
35001P,HAND OPEN SHAPE PINK,fora_do_escopo,,semanal,C,ruptura,2009-12-14,2009-12-17,2,357,3.00,119.00,3,14,6.98,2,3.49,8.14,0.0000,0.500,1,f,f,733.42
35001W,HAND OPEN SHAPE DECO.WHITE,fora_do_escopo,,semanal,A,normal,2009-12-01,2010-12-09,134,0,2.80,0.00,28,14,2808.65,881,20.96,52.32,1.0000,0.465,0,f,t,733.42
35004B,SET OF 3 BLACK FLYING DUCKS,fora_do_escopo,,semanal,A,normal,2009-12-01,2010-12-08,116,1,3.23,0.31,16,14,3997.34,923,34.46,74.57,0.7341,0.135,21,f,t,733.42
35004C,SET OF 3 COLOURED  FLYING DUCKS,fora_do_escopo,,diario,A,normal,2009-12-01,2010-12-09,195,0,1.92,0.00,18,7,15504.65,2917,79.51,289.48,1.0000,0.245,1,f,t,733.42
35004G,SET OF 3 GOLD FLYING DUCKS,fora_do_escopo,,mensal,B,atraso,2009-12-01,2010-12-01,52,8,7.16,1.12,35,28,990.26,236,19.04,18.63,0.3270,0.096,42,f,t,733.42
35004P,SET OF 3 PINK FLYING DUCKS,fora_do_escopo,,mensal,C,ruptura,2009-12-01,2010-10-22,30,48,11.21,4.28,71,28,646.24,120,21.54,13.46,0.0138,0.086,245,f,f,733.42
35004S,SET OF 3 SILVER FLYING DUCKS,fora_do_escopo,,diario,C,ruptura,2009-12-01,2009-12-23,13,351,1.83,191.45,6,7,518.40,146,39.88,152.26,0.0000,0.181,9,f,f,733.42
35015,JACOBS LADDER SMALL,fora_do_escopo,,mensal,C,ruptura,2009-12-02,2010-11-07,34,32,10.30,3.11,60,28,134.08,2072,3.94,2.68,0.0448,0.129,94,f,f,733.42
35051B,PINK BEADED CONE CHRISTMAS,fora_do_escopo,,semanal,C,ruptura,2009-12-01,2009-12-07,2,367,6.00,61.17,6,14,5.88,14,2.94,3.43,0.0000,0.571,113,t,f,733.42
35071,ASSORTED SANTA CHRISTMAS DECORATION,fora_do_escopo,,diario,C,ruptura,2009-12-01,2009-12-09,6,365,1.60,228.13,2,7,51.14,50,8.52,37.29,0.0000,0.399,67,t,f,733.42
35085E,IVORY ROSE LAMPSHADE,fora_do_escopo,,ocasional,C,ruptura,2009-12-01,2010-07-14,9,148,28.13,5.26,98,,44.25,39,4.92,1.22,0.0052,0.237,4,f,f,733.42
35095A,BLUE VICTORIAN FABRIC OVAL BOX,fora_do_escopo,,semanal,C,normal,2009-12-01,2010-12-08,63,1,6.00,0.17,26,14,340.35,888,5.40,6.30,0.8465,0.307,38,f,f,733.42
35095B,RED VICTORIAN FABRIC OVAL BOX,fora_do_escopo,,semanal,C,normal,2009-12-01,2010-12-09,72,0,5.25,0.00,26,14,421.53,1102,5.85,7.80,1.0000,0.248,38,f,f,733.42
35096A,BLUE VICTORIAN FABRIC HEART BOX,fora_do_escopo,,semanal,C,ruptura,2009-12-02,2010-03-05,35,279,2.74,102.00,13,14,277.49,777,7.93,20.29,0.0000,0.561,38,f,f,733.42
35096B,RED VICTORIAN FABRIC HEART BOX,fora_do_escopo,,semanal,C,ruptura,2009-12-02,2010-03-05,21,279,4.65,60.00,16,14,107.33,295,5.11,7.69,0.0000,0.381,38,f,f,733.42
35160,BUDDHA INCENSE HOLDER ASSORTED,ruptura_provavel,26,semanal,B,ruptura,2009-12-01,2010-10-12,53,58,6.06,9.57,28,14,1590.64,2180,30.01,34.68,0.0001,0.391,106,f,t,733.42
35233,PASTA ENAMEL/BRASS CONTAINER,fora_do_escopo,,ocasional,C,ruptura,2009-12-08,2010-05-18,8,205,23.00,8.91,48,,45.00,12,5.63,1.71,0.0001,0.167,7,f,f,733.42
35240,ENAMEL BLUE RIM OVAL TRAY SET/2,fora_do_escopo,,semanal,C,ruptura,2010-05-27,2010-11-21,34,18,5.39,3.34,28,14,416.01,49,12.24,15.88,0.0355,0.082,52,f,f,733.42
35241,ENAMEL BLUE RIM BISCUIT BIN,fora_do_escopo,,semanal,B,normal,2009-12-02,2010-12-09,71,0,5.31,0.00,24,14,1121.00,209,15.79,20.80,1.0000,0.104,34,f,t,733.42
35265,COLOURFUL FLOWER FRUIT BOWL,fora_do_escopo,,mensal,C,ruptura,2010-05-25,2010-07-01,4,161,12.33,13.05,19,28,34.75,5,8.69,4.93,0.0000,0.400,6,f,f,733.42
35271S,GOLD PRINT PAPER BAG,fora_do_escopo,,ocasional,C,normal,2009-12-05,2010-12-02,18,7,21.29,0.33,182,,85.97,420,4.78,1.57,0.7198,0.318,35,f,f,733.42
35400,WOODEN BOX ADVENT CALENDAR,sazonal,4,semanal,A,ruptura,2009-12-01,2010-11-24,110,15,3.28,4.57,100,14,13981.20,1433,127.10,270.89,0.0104,0.069,4,t,t,733.42
35443,RASTA IN BATH W SPLIFF ASHTRAY,fora_do_escopo,,ocasional,C,normal,2009-12-06,2010-09-16,4,84,94.67,0.89,189,,6.80,8,1.70,0.13,0.4118,0.500,72,f,f,733.42
35471A,SET OF 3 BIRD L.BLUE FEATHER,fora_do_escopo,,semanal,C,ruptura,2009-12-01,2010-11-14,67,25,5.27,4.74,32,14,499.31,421,7.45,9.89,0.0087,0.105,0,f,f,733.42
35471D,SET OF 3 BIRD LIGHT PINK FEATHER,fora_do_escopo,,semanal,C,normal,2009-12-01,2010-12-07,104,2,3.60,0.56,26,14,649.06,416,6.24,12.13,0.5739,0.046,15,f,f,733.42
35537,CANDLE RING W/CLEAR BEADS,fora_do_escopo,,ocasional,C,indicio,2009-12-06,2010-05-19,3,204,82.00,2.49,87,,5.46,13,1.82,0.16,0.0831,0.462,204,f,f,733.42
35591T,TURQUOISE CHRISTMAS TREE,fora_do_escopo,,mensal,C,normal,2010-09-05,2010-12-01,6,8,17.40,0.46,37,28,18.75,15,3.13,1.26,0.6314,0.267,27,t,f,733.42
35594,WOODEN CHRISTMAS TREE 3 HANGING,fora_do_escopo,,mensal,C,ruptura,2009-12-01,2010-10-29,35,41,9.76,4.20,48,28,105.58,171,3.02,2.16,0.0150,0.095,3,t,f,733.42
35597A,DUSTY PINK CHRISTMAS TREE 30CM,fora_do_escopo,,ocasional,C,normal,2010-09-06,2010-12-06,4,3,30.33,0.10,78,,12.50,10,3.13,0.72,0.9058,0.600,0,t,f,733.42
35597B,BLACKCHRISTMAS TREE 30CM,fora_do_escopo,,ocasional,C,normal,2009-12-13,2010-12-06,7,3,59.67,0.05,199,,224.10,78,32.01,3.76,0.9510,0.067,34,t,f,733.42
35597D,PINK/WHITE CHRISTMAS TREE 30CM,fora_do_escopo,,ocasional,C,normal,2009-12-04,2010-11-14,5,25,86.25,0.29,328,,7.80,12,1.56,0.13,0.7484,0.417,0,t,f,733.42
35598B,BLACK CHRISTMAS TREE 60CM,fora_do_escopo,,mensal,C,normal,2009-12-01,2010-12-05,29,4,13.18,0.30,101,28,451.13,403,15.56,8.26,0.7382,0.173,10,t,f,733.42
35598D,PINK/WHITE CHRISTMAS TREE 60CM,fora_do_escopo,,mensal,B,normal,2009-12-02,2010-12-08,51,1,7.42,0.13,74,28,866.16,1080,16.98,16.02,0.8739,0.360,10,t,t,733.42
35599B,BLACK CHRISTMAS TREE 120CM,fora_do_escopo,,mensal,C,normal,2009-12-02,2010-12-08,25,1,15.46,0.06,196,28,470.96,59,18.84,8.53,0.9374,0.185,66,t,f,733.42
35599D,PINK AND WHITE CHRISTMAS TREE 120CM,fora_do_escopo,,mensal,B,normal,2009-12-01,2010-12-06,50,3,7.55,0.40,106,28,831.14,208,16.62,15.41,0.6721,0.234,2,t,t,733.42
35600D,PINK AND WHITE CHRISTMAS TREE 180CM,fora_do_escopo,,ocasional,C,indicio,2009-12-01,2010-09-28,12,72,27.36,2.63,124,,497.70,141,41.48,10.61,0.0720,0.279,10,t,f,733.42
35603B,S/16 BLACK SHINY/MAT BAUBLES,fora_do_escopo,,diario,C,ruptura,2009-12-17,2009-12-18,2,356,1.00,356.00,1,7,21.00,50,10.50,73.50,0.0000,0.960,59,f,f,733.42
35603C,SET/16 WHITE SHINY & MATT BAUBLES,fora_do_escopo,,mensal,C,atraso,2009-12-02,2010-11-09,21,30,17.10,1.75,232,28,48.30,83,2.30,0.94,0.1730,0.235,0,f,f,733.42
35607A,PINK FLUFFY CHRISTMAS DECORATION,fora_do_escopo,,mensal,C,normal,2009-12-11,2010-11-28,27,11,13.54,0.81,99,28,110.99,530,4.11,2.13,0.4437,0.128,0,t,f,733.42
35607B,BLACK FEATHER CHRISTMAS DECORATION,fora_do_escopo,,ocasional,C,atraso,2009-12-11,2010-11-01,10,38,36.11,1.05,156,,44.06,216,4.41,0.85,0.3491,0.388,0,t,f,733.42
35609A,PINK FEATHER CHRISTMAS DECORATION,fora_do_escopo,,mensal,C,normal,2009-12-02,2010-11-30,22,9,17.29,0.52,138,28,130.72,446,5.94,2.41,0.5941,0.084,9,t,f,733.42
35610A,PINK CHRISTMAS FLOCK DROPLET,fora_do_escopo,,ocasional,C,normal,2009-12-07,2010-12-01,10,8,39.89,0.20,248,,92.92,134,9.29,1.63,0.8183,0.217,66,t,f,733.42
35610B,BLACK CHRISTMAS FLOCK DROPLET,fora_do_escopo,,ocasional,C,normal,2009-12-02,2010-11-21,12,18,32.18,0.56,245,,114.07,155,9.51,2.07,0.5716,0.177,66,t,f,733.42
35610C,WHITE CHRISTMAS FLOCK DROPLET,fora_do_escopo,,ocasional,C,normal,2009-12-10,2010-10-25,6,45,63.80,0.71,245,,49.05,69,8.18,0.90,0.4939,0.411,10,t,f,733.42
35611B,BLACK ASSORTED DROPLET DECORATION,fora_do_escopo,,ocasional,C,normal,2009-12-03,2010-11-23,3,16,177.50,0.09,354,,45.76,62,15.25,0.60,0.9138,0.399,94,f,f,733.42
35633B,BLUE TINSEL GARLAND,fora_do_escopo,,ocasional,C,normal,2009-12-04,2010-11-28,11,11,35.90,0.31,245,,24.70,130,2.25,0.44,0.7361,0.277,35,f,f,733.42
35637A,IVORY STRING CURTAIN WITH POLE,fora_do_escopo,,mensal,B,normal,2009-12-13,2010-12-01,24,8,15.35,0.52,73,28,1023.96,382,42.67,19.46,0.5938,0.548,8,f,t,733.42
35637C,PINK STRING CURTAIN WITH POLE,fora_do_escopo,,ocasional,C,normal,2010-01-14,2010-11-23,10,16,34.78,0.46,93,,230.28,70,23.03,4.64,0.6312,0.406,8,f,f,733.42
35638B,PINK/BLUE STRING CURTAIN,fora_do_escopo,,ocasional,C,normal,2009-12-09,2010-11-24,6,15,70.00,0.21,119,,184.96,61,30.83,3.08,0.8071,0.506,8,f,f,733.42
35644,PAIR PINK/BLACK COATHANGERS,fora_do_escopo,,ocasional,C,normal,2010-02-03,2010-11-21,6,18,58.20,0.31,147,,48.75,25,8.13,0.98,0.7340,0.480,7,f,f,733.42
35645,VINTAGE BEAD PINK JEWEL BOX,fora_do_escopo,,mensal,C,atraso,2009-12-09,2010-11-23,30,16,12.03,1.33,51,28,284.81,57,9.49,5.52,0.2646,0.104,39,f,f,733.42
35646,VINTAGE BEAD PINK EVENING BAG,fora_do_escopo,,ocasional,C,normal,2009-12-02,2010-12-07,9,2,46.25,0.04,121,,131.66,28,14.63,2.21,0.9577,0.226,2,f,f,733.42
35647,VINTAGE BEAD PINK SHADE,fora_do_escopo,,semanal,B,ruptura,2009-12-08,2010-11-16,51,23,6.86,3.35,28,14,731.99,550,14.35,14.65,0.0350,0.328,8,f,f,733.42
35648,VINTAGE BEAD PINK PURSE,fora_do_escopo,,ocasional,C,normal,2009-12-02,2010-12-09,17,0,23.25,0.00,91,,251.49,76,14.79,4.45,1.0000,0.141,174,f,f,733.42
35649,VINTAGE BEAD COSMETIC BAG,fora_do_escopo,,ocasional,B,normal,2009-12-02,2010-11-22,18,17,20.88,0.81,105,,1206.05,1769,67.00,22.46,0.4430,0.860,199,f,t,733.42
35650,VINTAGE BEAD PINK JEWEL STAND,fora_do_escopo,,ocasional,C,normal,2010-06-03,2010-11-11,2,28,161.00,0.17,161,,9.90,2,4.95,0.22,0.8404,0.500,10,f,f,733.42
35651,VINTAGE BEAD PINK SCARF,fora_do_escopo,,ocasional,C,normal,2009-12-02,2010-12-06,6,3,73.80,0.04,259,,87.91,9,14.65,1.39,0.9602,0.271,108,f,f,733.42
35652,VINTAGE BEAD CHAISE LONG JEWEL BOX,fora_do_escopo,,ocasional,C,ruptura,2009-12-16,2010-03-08,2,276,82.00,3.37,82,,21.50,18,10.75,0.92,0.0345,0.628,2,f,f,733.42
35653,VINTAGE BEAD NOTEBOOK,fora_do_escopo,,semanal,C,normal,2009-12-02,2010-12-07,57,2,6.61,0.30,46,14,587.73,170,10.31,10.92,0.7388,0.125,4,f,f,733.42
35654,VINTAGE BEAD FILLED PINK CUSHION,fora_do_escopo,,ocasional,C,indicio,2010-01-05,2010-08-04,5,127,52.75,2.41,99,,59.40,12,11.88,1.58,0.0900,0.667,52,f,f,733.42
35751C,PURPLE CURRENT CANDLE RING,fora_do_escopo,,diario,C,ruptura,2009-12-01,2009-12-02,2,372,1.00,372.00,1,7,12.61,31,6.31,44.14,0.0000,0.714,0,f,f,733.42
35793,S/3 PUPPIES CHRISTMAS DECORATIONS,fora_do_escopo,,semanal,C,ruptura,2009-12-01,2009-12-22,8,352,3.00,117.33,8,14,216.33,108,27.04,63.10,0.0000,0.218,175,t,f,733.42
35809A,ENAMEL PINK TEA CONTAINER,fora_do_escopo,,semanal,B,normal,2009-12-03,2010-12-09,89,0,4.22,0.00,19,14,1191.35,720,13.39,22.23,1.0000,0.155,226,f,t,733.42
35809B,ENAMEL BLUE RIM TEA CONTAINER,fora_do_escopo,,mensal,C,ruptura,2009-12-02,2010-08-08,23,123,11.32,10.87,25,28,218.36,96,9.49,5.87,0.0000,0.115,0,f,f,733.42
35810A,ENAMEL PINK COFFEE CONTAINER,ruptura_provavel,34,semanal,B,ruptura,2009-12-03,2010-11-04,76,35,4.48,7.81,23,14,964.65,572,12.69,19.83,0.0004,0.191,226,f,t,733.42
35810B,ENAMEL BLUE RIM COFFEE CONTAINER,fora_do_escopo,,mensal,C,normal,2009-12-02,2010-12-05,38,4,9.95,0.40,47,28,345.72,174,9.10,6.40,0.6689,0.095,2,f,f,733.42
35811A,ENAMEL PINK SUGAR CONTAINER,provavel_descontinuacao,159,semanal,B,ruptura,2009-12-03,2010-10-08,68,62,4.61,13.44,31,14,762.97,434,11.22,17.03,0.0000,0.242,226,f,t,733.42
35815B,"ACRYLIC JEWEL SNOWFLAKE,BLUE",fora_do_escopo,,semanal,C,ruptura,2009-12-07,2009-12-15,3,359,4.00,89.75,5,14,43.94,95,14.65,25.63,0.0000,0.415,21,t,f,733.42
35816B,"ACRYLIC JEWEL ANGEL,BLUE",fora_do_escopo,,ocasional,C,indicio,2009-12-16,2010-05-14,3,209,74.50,2.81,85,,58.07,139,19.36,1.82,0.0605,0.890,8,f,f,733.42
35816P,"ACRYLIC JEWEL ANGEL,PINK",fora_do_escopo,,ocasional,C,atraso,2010-02-18,2010-10-27,7,43,41.83,1.03,111,,107.79,219,15.40,2.58,0.3578,0.529,8,f,f,733.42
35817B,"ACRYLIC JEWEL SNOWFLAKE,BLUE",fora_do_escopo,,ocasional,C,atraso,2009-12-03,2010-05-14,2,209,162.00,1.29,162,,61.30,143,30.65,1.32,0.2752,0.874,8,t,f,733.42
35817P,"ACRYLIC JEWEL SNOWFLAKE,PINK",fora_do_escopo,,ocasional,C,normal,2010-05-14,2010-11-16,8,23,26.57,0.87,68,,196.84,402,24.61,6.48,0.4208,0.463,8,t,f,733.42
35818B,"ACRYLIC JEWEL ICICLE, BLUE",fora_do_escopo,,ocasional,C,normal,2010-04-13,2010-11-24,8,15,32.14,0.47,126,,168.27,377,21.03,4.58,0.6271,0.325,8,f,f,733.42
35818P,"ACRYLIC JEWEL ICICLE, PINK",fora_do_escopo,,ocasional,C,normal,2010-05-14,2010-12-01,7,8,33.50,0.24,68,,139.68,297,19.95,4.17,0.7876,0.392,8,f,f,733.42
35819B,"ACRYLIC HANGING JEWEL,BLUE",fora_do_escopo,,ocasional,C,normal,2009-12-14,2010-11-11,8,28,47.43,0.59,150,,86.25,117,10.78,1.59,0.5541,0.317,15,f,f,733.42
35821B,"JEWELLED DECORATION,BLUE",fora_do_escopo,,ocasional,C,ruptura,2009-12-10,2010-04-08,3,245,59.50,4.12,114,,57.00,150,19.00,2.24,0.0163,0.520,8,f,f,733.42
35821P,"JEWELLED DECORATION,PINK",fora_do_escopo,,mensal,C,ruptura,2009-12-02,2009-12-15,2,359,13.00,27.62,13,28,5.90,2,2.95,1.59,0.0000,0.500,10,f,f,733.42
35823P,"ACRYLIC BEAD GARLAND,PINK",fora_do_escopo,,ocasional,C,atraso,2010-02-21,2010-07-15,2,147,144.00,1.02,144,,5.90,2,2.95,0.14,0.3603,0.500,46,f,f,733.42
35824B,"HANGING FLOWERS+MIRROR,BLUE",fora_do_escopo,,ocasional,C,ruptura,2009-12-10,2010-05-14,6,209,31.00,6.74,79,,203.24,528,33.87,7.65,0.0012,0.783,8,f,f,733.42
35824C,"HANGING FLOWERS+MIRROR,CLEAR",fora_do_escopo,,mensal,C,ruptura,2009-12-03,2010-04-08,8,245,18.00,13.61,75,28,117.05,235,14.63,5.69,0.0000,0.331,8,f,f,733.42
35824P,"HANGING FLOWERS+MIRROR,PINK",fora_do_escopo,,mensal,C,ruptura,2010-03-22,2010-04-23,3,230,16.00,14.38,17,28,136.44,324,45.48,19.90,0.0000,0.869,8,f,f,733.42
35832,WOOLLY HAT SOCK GLOVE ADVENT STRING,sazonal,11,semanal,A,ruptura,2009-12-01,2010-11-04,73,35,4.69,7.46,113,14,5347.75,1739,73.26,109.24,0.0006,0.073,13,t,t,733.42
35833G,4 GOLD FLOCK CHRISTMAS BALLS,fora_do_escopo,,mensal,C,normal,2009-12-06,2010-12-06,28,3,13.52,0.22,198,28,220.66,134,7.88,4.08,0.8010,0.215,8,t,f,733.42
35833P,4 PINK FLOCK CHRISTMAS BALLS,fora_do_escopo,,mensal,C,normal,2009-12-06,2010-12-08,37,1,10.19,0.10,250,28,262.92,140,7.11,4.88,0.9066,0.180,8,t,f,733.42
35838A,S/6 MULTICOLOUR ORNAMENETAL CANDLE,fora_do_escopo,,mensal,C,ruptura,2009-12-07,2010-09-29,16,71,19.73,3.60,214,28,185.25,181,11.58,4.11,0.0274,0.324,35,f,f,733.42
35838B,S/6 SILVER ORNAMENETAL CANDLE,fora_do_escopo,,mensal,C,ruptura,2009-12-09,2010-09-28,18,72,17.24,4.18,207,28,85.00,100,4.72,1.92,0.0153,0.200,86,f,f,733.42
35840,FLAT GLASS  BAUBLE WHITE FLOCK,fora_do_escopo,,semanal,C,ruptura,2009-12-04,2009-12-23,7,351,3.17,110.84,6,14,107.13,45,15.30,33.83,0.0000,0.286,80,f,f,733.42
35909A,RABBIT EASTER DECORATION,fora_do_escopo,,ocasional,C,ruptura,2010-02-23,2010-03-24,2,260,29.00,8.97,29,,35.40,12,17.70,4.27,0.0001,0.500,32,t,f,733.42
35909B,PINK FLOWERS RABBIT EASTER,fora_do_escopo,,ocasional,C,normal,2009-12-06,2010-11-07,4,32,112.00,0.29,264,,23.60,8,5.90,0.37,0.7515,0.375,268,t,f,733.42
35910A,MULTICOLOUR EASTER RABBIT,fora_do_escopo,,ocasional,C,ruptura,2009-12-13,2010-08-05,9,126,29.38,4.29,104,,64.35,33,7.15,1.70,0.0137,0.182,44,t,f,733.42
35910B,PINK FLOWERS RABBIT EASTER,fora_do_escopo,,mensal,C,ruptura,2010-01-07,2010-02-19,4,293,14.33,20.44,31,28,35.72,16,8.93,4.36,0.0000,0.328,55,t,f,733.42
35911A,MULTICOLOUR RABBIT EGG WARMER,fora_do_escopo,,mensal,C,atraso,2009-12-02,2010-11-12,22,27,16.43,1.64,96,28,176.72,70,8.03,3.42,0.1933,0.071,130,f,f,733.42
35911B,PINK/FLOWER RABBIT EGG WARMER,fora_do_escopo,,ocasional,C,normal,2009-12-11,2010-10-25,8,45,45.43,0.99,200,,84.00,40,10.50,1.62,0.3714,0.300,2,f,f,733.42
35912B,WHITE/PINK CHICK DECORATION,fora_do_escopo,,ocasional,C,normal,2010-01-07,2010-11-25,10,14,35.78,0.39,116,,56.82,38,5.68,1.11,0.6762,0.264,277,f,f,733.42
35913B,WHITE/PINK CHICK EASTER DECORATION,fora_do_escopo,,ocasional,C,normal,2010-01-07,2010-11-07,10,32,33.78,0.95,107,,59.46,67,5.95,1.23,0.3878,0.172,52,t,f,733.42
35914,PINK CHICK EGG WARMER + EGG CUP,fora_do_escopo,,ocasional,C,normal,2009-12-02,2010-12-06,16,3,24.60,0.12,115,,126.19,50,7.89,2.24,0.8852,0.200,268,f,f,733.42
35915B,BLUE KNITTED HEN,fora_do_escopo,,mensal,C,ruptura,2009-12-18,2010-10-07,17,63,18.31,3.44,76,28,459.81,345,27.05,10.34,0.0321,0.795,9,f,f,733.42
35915C,PEACH KNITTED HEN,fora_do_escopo,,mensal,C,atraso,2009-12-03,2010-11-16,22,23,16.57,1.39,64,28,476.86,347,21.68,9.16,0.2496,0.767,9,f,f,733.42
35916A,YELLOW FELT HANGING HEART W FLOWER,fora_do_escopo,,ocasional,C,normal,2009-12-07,2010-12-06,16,3,24.27,0.12,97,,54.61,48,3.41,0.98,0.8837,0.187,277,f,f,733.42
35916B,BLUE FELT HANGING HEART WITH FLOWER,fora_do_escopo,,ocasional,C,normal,2009-12-01,2010-12-01,15,8,26.07,0.31,71,,44.65,42,2.98,0.80,0.7358,0.228,217,f,f,733.42
35916C,PINK FELT HANGING HEART W FLOWER,fora_do_escopo,,mensal,C,normal,2009-12-01,2010-12-09,21,0,18.65,0.00,133,28,63.15,53,3.01,1.13,1.0000,0.162,277,f,f,733.42
35918B,BLUE FLORIBUNDA EGG WARMER,fora_do_escopo,,ocasional,C,ruptura,2009-12-02,2010-02-23,4,289,27.67,10.45,63,,12.50,10,3.13,0.79,0.0000,0.300,268,f,f,733.42
35920,FOUR RABBIT EASTER DECORATIONS,fora_do_escopo,,semanal,C,ruptura,2010-01-27,2010-03-12,8,272,6.29,43.27,13,14,191.50,998,23.94,26.66,0.0000,0.752,267,t,f,733.42
35921,EASTER BUNNY HANGING GARLAND,fora_do_escopo,,mensal,C,ruptura,2010-01-22,2010-09-23,22,77,11.62,6.63,90,28,197.09,115,8.96,5.40,0.0013,0.152,0,t,f,733.42
35922,EASTER BUNNY WREATH,fora_do_escopo,,mensal,C,ruptura,2009-12-22,2010-08-27,23,104,11.27,9.23,73,28,437.39,69,19.02,11.81,0.0001,0.194,78,t,f,733.42
35923,CANDY HEART HANGING DECORATION,fora_do_escopo,,mensal,C,atraso,2009-12-08,2010-11-30,44,9,8.30,1.08,43,28,334.50,228,7.60,6.41,0.3382,0.090,15,f,f,733.42
35924,HANGING FAIRY CAKE DECORATION,fora_do_escopo,,semanal,A,normal,2009-12-01,2010-12-09,88,0,4.29,0.00,20,14,2584.02,1351,29.36,47.94,1.0000,0.534,7,f,t,733.42
35931,PINK STAR CHRISTMAS DECORATION,fora_do_escopo,,ocasional,C,atraso,2009-12-01,2010-11-12,14,27,26.62,1.01,221,,78.12,156,5.58,1.47,0.3626,0.300,1,t,f,733.42
35932,PINK CHRISTMAS TREE DECORATION,fora_do_escopo,,ocasional,C,normal,2009-12-04,2010-11-12,10,27,38.11,0.71,224,,15.63,37,1.56,0.29,0.4924,0.292,18,t,f,733.42
35933,PINK STOCKING CHRISTMAS DECORATION,fora_do_escopo,,ocasional,C,normal,2009-12-01,2010-11-25,8,14,51.29,0.27,293,,39.17,93,4.90,0.67,0.7611,0.466,373,t,f,733.42
35936,CERISE+GOLD CHRISTMAS TREE DEC,fora_do_escopo,,ocasional,C,atraso,2009-12-11,2010-10-17,9,53,38.75,1.37,220,,13.68,36,1.52,0.27,0.2547,0.250,22,t,f,733.42
35937,CERISE+GOLD CHRISTMAS STOCKING DEC,fora_do_escopo,,ocasional,C,indicio,2009-12-15,2010-10-18,15,52,21.93,2.37,220,,71.44,188,4.76,1.52,0.0934,0.191,67,t,f,733.42
35951,FOLKART BAUBLE CHRISTMAS DECORATION,fora_do_escopo,,mensal,C,atraso,2009-12-01,2010-11-25,36,14,10.26,1.36,55,28,717.99,1352,19.94,13.61,0.2554,0.051,23,t,f,733.42
35953,FOLKART STAR CHRISTMAS DECORATIONS,fora_do_escopo,,mensal,C,normal,2009-12-03,2010-12-09,25,0,15.46,0.00,243,28,449.80,348,17.99,8.15,1.0000,0.067,57,t,f,733.42
35954,SMALL FOLKART STAR CHRISTMAS DEC,fora_do_escopo,,mensal,C,normal,2009-12-01,2010-12-07,52,2,7.27,0.27,213,28,586.95,1094,11.29,10.86,0.7596,0.103,3,t,f,733.42
35955,SMALL FOLKART CHRISTMAS TREE DEC,fora_do_escopo,,ocasional,C,indicio,2009-12-01,2010-05-13,3,210,81.50,2.58,156,,34.62,135,11.54,0.99,0.0760,0.927,373,t,f,733.42
35957,SMALLFOLKART BAUBLE CHRISTMAS DEC,fora_do_escopo,,semanal,B,normal,2009-12-01,2010-12-09,85,0,4.44,0.00,64,14,1030.97,3099,12.13,19.12,1.0000,0.053,3,t,t,733.42
35958,FOLKART ZINC STAR CHRISTMAS DEC,fora_do_escopo,,semanal,B,normal,2009-12-03,2010-12-09,64,0,5.89,0.00,130,14,986.33,1133,15.41,18.32,1.0000,0.187,9,t,t,733.42
35961,FOLKART ZINC HEART CHRISTMAS DEC,fora_do_escopo,,diario,A,normal,2009-12-01,2010-12-09,213,0,1.76,0.00,20,7,7027.47,8564,32.99,131.26,1.0000,0.531,9,t,t,733.42
35962,12 ASS ZINC CHRISTMAS DECORATIONS,sazonal,21,semanal,B,ruptura,2009-12-01,2010-10-20,61,50,5.38,9.29,113,14,1376.98,593,22.57,29.35,0.0001,0.073,28,t,t,733.42
35963,FOLKART ZINC CLIP ON ANGEL WINGS,fora_do_escopo,,ocasional,C,indicio,2009-12-16,2010-09-22,11,78,28.00,2.79,54,,39.52,104,3.59,0.90,0.0617,0.529,28,f,f,733.42
35964,FOLKART CLIP ON STARS,fora_do_escopo,,mensal,C,normal,2009-12-04,2010-12-09,31,0,12.33,0.00,196,28,289.00,406,9.32,5.29,1.0000,0.140,24,f,f,733.42
35965,FOLKART HEART NAPKIN RINGS,fora_do_escopo,,semanal,B,normal,2009-12-01,2010-12-08,85,1,4.43,0.23,23,14,925.03,279,10.88,17.20,0.7979,0.092,1,f,t,733.42
35966,FOLKART CHRISTMAS TREE T-LIGHT HOLD,fora_do_escopo,,mensal,C,normal,2009-12-02,2010-11-29,21,10,18.10,0.55,213,28,101.08,228,4.81,1.86,0.5755,0.180,66,t,f,733.42
35967,FOLK ART METAL STAR T-LIGHT HOLDER,fora_do_escopo,,mensal,C,normal,2009-12-02,2010-12-08,45,1,8.43,0.12,79,28,255.26,481,5.67,4.71,0.8882,0.071,16,f,f,733.42
35968,FOLK ART METAL HEART T-LIGHT HOLDER,fora_do_escopo,,mensal,C,normal,2009-12-02,2010-12-08,51,1,7.42,0.13,62,28,290.36,622,5.69,5.37,0.8739,0.079,23,f,f,733.42
35969,FOLKART CROWN TABLE DECORATIONS,fora_do_escopo,,semanal,C,ruptura,2009-12-02,2010-11-18,63,21,5.66,3.71,68,14,545.77,525,8.66,10.71,0.0245,0.036,29,f,f,733.42
35970,ZINC FOLKART SLEIGH BELLS,fora_do_escopo,,semanal,A,normal,2010-03-19,2010-12-07,96,2,2.77,0.72,47,14,5710.73,3377,59.49,150.41,0.4856,0.075,9,f,t,733.42
35971,ROSE FOLKART HEART DECORATIONS,fora_do_escopo,,semanal,B,normal,2009-12-01,2010-12-09,108,0,3.49,0.00,21,14,1400.59,1541,12.97,26.04,1.0000,0.086,9,f,t,733.42
35972,DAISY FOLKART HEART DECORATION,fora_do_escopo,,semanal,C,ruptura,2009-12-04,2010-11-18,56,21,6.35,3.31,51,14,491.38,344,8.77,9.68,0.0365,0.066,7,f,f,733.42
35973,GERANIUM FOLKART HEART DECORATION,fora_do_escopo,,mensal,C,ruptura,2009-12-09,2010-03-21,11,263,10.20,25.78,33,28,63.75,51,5.80,3.98,0.0000,0.314,11,f,f,733.42
35979,SIX STRING SCANDINAVIAN HEART DECS,fora_do_escopo,,mensal,C,ruptura,2009-12-01,2010-04-09,18,244,7.59,32.16,75,28,311.03,94,17.28,15.94,0.0000,0.114,29,f,f,733.42
35980B,RED TOP SCANDINAVIAN HEART,fora_do_escopo,,ocasional,C,atraso,2009-12-18,2010-05-16,2,207,149.00,1.39,149,,1.52,4,0.76,0.04,0.2493,0.500,16,f,f,733.42
35980C,REDWHITE STRIPE SCANDINAVIAN HEART,fora_do_escopo,,mensal,C,ruptura,2009-12-14,2010-10-13,24,57,13.17,4.33,63,28,150.30,384,6.26,3.33,0.0132,0.121,64,f,f,733.42
35981C,WHITE SNOW SCANDINAVIAN STOCKING,fora_do_escopo,,semanal,C,ruptura,2009-12-02,2010-10-17,47,53,6.93,7.64,125,14,298.00,590,6.34,6.40,0.0005,0.077,2,f,f,733.42
35991,SET/6 BLACK SNOWFLAKE T-LIGHTS,fora_do_escopo,,mensal,C,indicio,2009-12-01,2010-11-17,48,22,7.47,2.95,94,28,232.50,403,4.84,4.54,0.0526,0.087,11,t,f,733.42
35995,SET/6 BLACK GLITTER REINDEER CANDLE,fora_do_escopo,,semanal,C,ruptura,2009-12-01,2009-12-23,5,351,5.50,63.82,9,14,3.78,5,0.76,0.96,0.0000,0.556,4,t,f,733.42
37112,YELLOW BIRDS FELT DES FOODCOVER,fora_do_escopo,,mensal,C,ruptura,2009-12-04,2010-02-02,4,310,20.00,15.50,31,28,37.50,10,9.38,3.28,0.0000,0.300,31,f,f,733.42
37326,FAIRY DESIGN MUGS,fora_do_escopo,,ocasional,C,ruptura,2010-01-11,2010-03-29,2,255,77.00,3.31,77,,5.86,3,2.93,0.27,0.0365,0.427,255,f,f,733.42
37327,ASSTD MULTICOLOUR CIRCLES MUG,fora_do_escopo,,ocasional,C,normal,2009-12-02,2010-12-05,8,4,52.57,0.08,103,,221.75,167,27.72,3.69,0.9267,0.550,62,f,f,733.42
37330,SPOTS MUG,fora_do_escopo,,mensal,B,normal,2010-01-11,2010-11-30,26,9,12.92,0.70,57,28,925.12,511,35.58,19.28,0.4983,0.171,62,f,t,733.42
37333,"RETRO ""TEA FOR ONE""",fora_do_escopo,,mensal,C,normal,2009-12-03,2010-12-09,33,0,11.59,0.00,87,28,698.96,127,21.18,12.79,1.0000,0.299,135,f,f,733.42
37340,MULTICOLOUR SPRING FLOWER MUG,fora_do_escopo,,mensal,B,normal,2009-12-01,2010-12-09,53,0,7.17,0.00,24,28,2236.32,11136,42.19,41.18,1.0000,0.223,73,f,t,733.42
37342,POLKADOT COFFEE CUP & SAUCER PINK,fora_do_escopo,,mensal,C,normal,2009-12-07,2010-11-29,22,10,17.00,0.59,99,28,242.39,59,11.02,4.54,0.5553,0.097,0,f,f,733.42
37343,SPOTS DESIGN MUG W PINK INSIDE,fora_do_escopo,,semanal,B,normal,2009-12-01,2010-12-08,84,1,4.48,0.22,20,14,1668.80,1057,19.87,31.03,0.8000,0.146,228,f,t,733.42
37345,ASSTD HEARTS DESIGN MUGS,fora_do_escopo,,semanal,C,ruptura,2009-12-03,2010-01-07,8,336,5.00,67.20,17,14,561.05,321,70.13,98.18,0.0000,0.823,6,f,f,733.42
37348,SET OF 4 PASTEL STACKING MUGS,fora_do_escopo,,mensal,C,ruptura,2009-12-02,2010-03-31,7,253,19.83,12.76,56,28,35.70,14,5.10,1.80,0.0000,0.429,0,f,f,733.42
37351,ORANGE FLOWER MUG,fora_do_escopo,,ocasional,C,normal,2009-12-22,2010-11-14,9,25,40.88,0.61,128,,603.45,5394,67.05,11.48,0.5425,0.889,267,f,f,733.42
37352,BIRD IN TREE MUG,fora_do_escopo,,ocasional,C,normal,2009-12-17,2010-11-01,7,38,53.17,0.71,126,,504.55,4643,72.08,9.49,0.4893,0.913,267,f,f,733.42
37370,RETRO COFFEE MUGS ASSORTED,fora_do_escopo,,diario,A,normal,2009-12-01,2010-12-09,192,0,1.95,0.00,14,7,7737.55,4933,40.30,144.45,1.0000,0.270,0,f,t,733.42
37379A,PINK CHERRY BLOSSOM CUP & SAUCER,fora_do_escopo,,mensal,C,ruptura,2009-12-02,2010-05-17,13,206,13.83,14.89,44,28,151.70,35,11.67,5.90,0.0000,0.049,44,f,f,733.42
37379B,BLUE CHERRY BLOSSOM CUP & SAUCER,fora_do_escopo,,mensal,C,ruptura,2010-03-04,2010-03-23,3,261,9.50,27.47,13,28,181.50,1122,60.50,44.58,0.0000,0.917,267,f,f,733.42
37399,"ASS RETROSPOOF MUGS,SPORTS",fora_do_escopo,,semanal,C,ruptura,2009-12-13,2009-12-22,5,352,2.25,156.44,5,14,75.00,143,15.00,46.67,0.0000,0.431,80,f,f,733.42
37409,ASSORTED DESIGN FLOWER MUGS,fora_do_escopo,,ocasional,C,ruptura,2010-01-14,2010-04-11,3,242,43.50,5.56,53,,6.80,8,2.27,0.36,0.0038,0.625,1,f,f,733.42
37410,BLACK AND WHITE PAISLEY FLOWER MUG,cliente_principal_parou,2,semanal,A,ruptura,2009-12-01,2010-04-07,25,246,5.29,46.49,17,14,3288.65,25707,131.55,174.01,0.0000,0.765,267,f,t,733.42
37422,WHITE WITH BLACK CATS BOWL,fora_do_escopo,,semanal,C,ruptura,2009-12-01,2010-05-26,53,197,3.38,58.20,14,14,292.08,434,5.51,11.40,0.0000,0.156,199,f,f,733.42
37423,WHITE WITH BLACK CATS PLATE,fora_do_escopo,,semanal,B,atraso,2009-12-02,2010-11-29,53,10,6.96,1.44,34,14,810.70,6090,15.30,15.38,0.2378,0.364,73,f,t,733.42
37424,WHITE WITH BLACK CATS MUG,monitorar,75,semanal,B,ruptura,2009-12-01,2010-11-21,86,18,4.18,4.31,19,14,1136.38,5251,13.21,22.15,0.0134,0.242,73,f,t,733.42
37441,ASSORTED WHITE EMBOSSED CHINA MUGS,provavel_descontinuacao,104,semanal,B,ruptura,2009-12-03,2010-08-02,47,129,5.26,24.52,41,14,1652.40,706,35.16,46.78,0.0000,0.322,17,f,t,733.42
37444A,YELLOW BREAKFAST CUP AND SAUCER,fora_do_escopo,,mensal,C,normal,2009-12-01,2010-12-07,28,2,13.74,0.15,41,28,520.71,2661,18.60,9.47,0.8645,0.327,73,f,f,733.42
37444B,BLUE BREAKFAST CUP AND SAUCER,fora_do_escopo,,mensal,C,normal,2009-12-01,2010-12-09,24,0,16.22,0.00,98,28,403.70,2008,16.82,7.26,1.0000,0.317,73,f,f,733.42
37444C,PINK BREAKFAST CUP AND SAUCER,fora_do_escopo,,mensal,C,normal,2009-12-01,2010-12-06,41,3,9.25,0.32,31,28,646.22,1636,15.76,11.93,0.7230,0.154,73,f,f,733.42
37446,MINI CAKE STAND WITH HANGING CAKES,fora_do_escopo,,semanal,A,normal,2009-12-01,2010-12-09,108,0,3.49,0.00,142,14,3515.84,2452,32.55,65.37,1.0000,0.103,0,f,t,733.42
37447,CERAMIC CAKE DESIGN SPOTTED PLATE,fora_do_escopo,,semanal,A,normal,2009-12-01,2010-12-08,165,1,2.27,0.44,13,14,3312.21,2114,20.07,61.95,0.6435,0.055,0,f,t,733.42
37448,CERAMIC CAKE DESIGN SPOTTED MUG,fora_do_escopo,,semanal,A,normal,2009-12-01,2010-12-08,180,1,2.08,0.48,41,14,4748.72,3184,26.38,88.86,0.6181,0.038,8,f,t,733.42
37449,CERAMIC CAKE STAND + HANGING CAKES,fora_do_escopo,,semanal,A,normal,2009-12-01,2010-12-09,171,0,2.19,0.00,85,14,17575.22,1854,102.78,327.90,1.0000,0.226,8,f,t,733.42
37450,CERAMIC CAKE BOWL + HANGING CAKES,fora_do_escopo,,semanal,A,normal,2009-12-01,2010-12-09,166,0,2.26,0.00,20,14,5003.00,1758,30.14,93.32,1.0000,0.165,7,f,t,733.42
37461,FUNKY MONKEY MUG,fora_do_escopo,,semanal,B,normal,2009-12-01,2010-12-05,86,4,4.34,0.92,18,14,778.64,742,9.05,14.60,0.3980,0.491,2,f,t,733.42
37462B,"PET MUG, BUDGIE",fora_do_escopo,,mensal,C,ruptura,2009-12-01,2010-10-12,29,58,11.25,5.16,128,28,87.28,170,3.01,1.87,0.0058,0.231,6,f,f,733.42
37462E,"PET MUG, GOLDFISH",fora_do_escopo,,mensal,C,normal,2010-01-10,2010-12-08,18,1,19.53,0.05,64,28,36.54,74,2.03,0.73,0.9501,0.276,35,f,f,733.42
37464,ROBOT MUG IN DISPLAY BOX,fora_do_escopo,,semanal,C,atraso,2009-12-01,2010-12-03,65,6,5.73,1.05,26,14,428.68,314,6.60,8.05,0.3512,0.089,23,f,f,733.42
37467,PIG MUG IN TWO COLOUR DESIGNS,fora_do_escopo,,mensal,C,normal,2009-12-02,2010-12-09,43,0,8.86,0.00,43,28,206.66,116,4.81,3.80,1.0000,0.049,63,f,f,733.42
37471,MULTICOLOUR DOTS PLATE,fora_do_escopo,,ocasional,C,atraso,2009-12-22,2010-09-27,7,73,46.50,1.57,94,,167.42,1376,23.92,3.60,0.2081,0.409,73,f,f,733.42
37474,SET/4 2 TONE EGG SHAPE MIXING BOWLS,fora_do_escopo,,mensal,C,normal,2009-12-02,2010-12-06,42,3,9.00,0.33,35,28,661.00,64,15.74,12.24,0.7165,0.169,0,f,f,733.42
37475,SET/4 COLOURFUL MIXING BOWLS,fora_do_escopo,,mensal,C,normal,2009-12-14,2010-11-30,29,9,12.54,0.72,40,28,498.58,46,17.19,9.60,0.4878,0.120,9,f,f,733.42
37476,CONDIMENT TRAY 4 BOWLS AND 4 SPOONS,fora_do_escopo,,mensal,B,normal,2009-12-02,2010-12-09,45,0,8.45,0.00,45,28,1667.62,175,37.06,30.68,1.0000,0.031,4,f,t,733.42
37477B,"FLOWER FAIRY MUG+COASTER,LAVENDER",fora_do_escopo,,ocasional,C,normal,2009-12-02,2010-11-22,8,17,50.71,0.34,138,,60.00,16,7.50,1.04,0.7152,0.250,17,f,f,733.42
37479B,CUBIC MUG FLOCK BLUE ON BROWN,fora_do_escopo,,ocasional,B,normal,2010-01-11,2010-12-07,13,2,27.50,0.07,49,,1025.41,1125,78.88,20.08,0.9299,0.875,0,f,t,733.42
37479P,CUBIC MUG FLOCK PINK ON BROWN,fora_do_escopo,,ocasional,C,normal,2010-06-11,2010-12-07,3,2,89.50,0.02,102,,22.95,9,7.65,0.60,0.9779,0.667,104,f,f,733.42
37482B,CUBIC MUG BLUE POLKA DOT,provavel_descontinuacao,136,ocasional,B,ruptura,2009-12-05,2010-08-01,10,130,26.56,4.90,101,,1145.26,1252,114.53,30.19,0.0075,0.913,0,f,t,733.42
37482P,CUBIC MUG PINK POLKADOT,fora_do_escopo,,mensal,C,normal,2009-12-01,2010-12-06,35,3,10.88,0.28,45,28,594.21,176,16.98,10.92,0.7591,0.051,118,f,f,733.42
37483,ENGLISH ROSE MUG IN GIFT BOX,fora_do_escopo,,semanal,C,ruptura,2010-05-16,2010-06-08,8,184,3.29,56.00,6,14,235.44,144,29.43,62.70,0.0000,0.762,0,f,f,733.42
37485,ENGLISH ROSE TEA SET IN GIFT BOX,fora_do_escopo,,semanal,C,ruptura,2009-12-01,2010-02-22,15,290,5.93,48.92,29,14,207.69,49,13.85,16.35,0.0000,0.507,0,f,f,733.42
37488A,YELLOW PINK FLOWER DESIGN BIG BOWL,fora_do_escopo,,ocasional,C,ruptura,2010-02-23,2010-04-14,2,239,50.00,4.78,50,,8.85,3,4.43,0.62,0.0084,0.667,24,f,f,733.42
37489A,YELLOW/PINK FLOWER DESIGN BIG MUG,fora_do_escopo,,ocasional,C,normal,2009-12-13,2010-12-03,10,6,39.44,0.15,113,,36.03,15,3.60,0.64,0.8589,0.108,17,f,f,733.42
37489B,BLUE/YELLOW FLOWER DESIGN BIG MUG,fora_do_escopo,,ocasional,C,normal,2010-02-12,2010-12-03,6,6,58.80,0.10,127,,15.60,8,2.60,0.31,0.9030,0.250,17,f,f,733.42
37489C,GREEN/BLUE FLOWER DESIGN BIG MUG,fora_do_escopo,,ocasional,C,normal,2009-12-01,2010-12-03,5,6,91.75,0.07,248,,16.31,6,3.26,0.25,0.9367,0.239,53,f,f,733.42
37489D,PINK/GREEN FLOWER DESIGN BIG MUG,fora_do_escopo,,ocasional,C,normal,2010-01-14,2010-12-03,5,6,80.75,0.07,127,,13.65,7,2.73,0.24,0.9284,0.286,17,f,f,733.42
37491A,YELLOW/PINK CERAMIC CANDLE HOLDER,fora_do_escopo,,ocasional,C,normal,2009-12-15,2010-12-01,9,8,43.88,0.18,123,,31.85,13,3.54,0.56,0.8333,0.104,7,f,f,733.42
37491B,BLUE/YELLOW CERAMIC CANDLE HOLDER,fora_do_escopo,,ocasional,C,ruptura,2010-01-11,2010-07-01,7,161,28.50,5.65,57,,23.48,10,3.35,0.82,0.0035,0.141,7,f,f,733.42
37491C,GREEN/BLUE CERAMIC CANDLE HOLDER,fora_do_escopo,,ocasional,C,ruptura,2009-12-11,2010-07-01,9,161,25.25,6.38,68,,155.97,51,17.33,4.80,0.0017,0.021,7,f,f,733.42
37491D,PURPLE/BLUE CERAMIC CANDLE HOLDER,fora_do_escopo,,ocasional,C,normal,2010-01-27,2010-11-15,11,24,29.20,0.82,89,,53.40,22,4.85,1.16,0.4396,0.247,46,f,f,733.42
37492A,YELLOW RED FLOWER PIGGY BANK,fora_do_escopo,,semanal,C,ruptura,2009-12-01,2009-12-23,11,351,2.20,159.55,4,14,216.07,108,19.64,62.50,0.0000,0.649,8,f,f,733.42
37492B,BLUE YELLOW FLOWER PIGGY BANK,provavel_descontinuacao,153,mensal,B,ruptura,2009-12-02,2010-10-05,41,65,7.68,8.47,61,28,946.72,489,23.09,21.06,0.0002,0.502,8,f,t,733.42
37492C,GREEN BLUE FLOWER PIGGY BANK,fora_do_escopo,,mensal,C,ruptura,2009-12-01,2010-05-18,24,205,7.30,28.07,29,28,477.30,242,19.89,19.06,0.0000,0.498,8,f,f,733.42
37492D,PURPLE GREEN FLOWER PIGGY BANK,fora_do_escopo,,mensal,C,ruptura,2009-12-04,2010-05-21,22,202,8.00,25.25,27,28,682.99,361,31.05,27.16,0.0000,0.696,8,f,f,733.42
37494A,FAIRY CAKE CERAMIC BUTTER DISH,provavel_descontinuacao,106,semanal,B,ruptura,2009-12-02,2010-04-01,33,252,3.75,67.20,44,14,820.55,242,24.87,46.41,0.0000,0.224,3,f,t,733.42
37495,FAIRY CAKE BIRTHDAY CANDLE SET,fora_do_escopo,,semanal,A,normal,2009-12-04,2010-12-09,161,0,2.31,0.00,14,14,4189.11,1141,26.02,78.76,1.0000,0.076,6,f,t,733.42
37500,TEA TIME TEAPOT IN GIFT BOX,fora_do_escopo,,semanal,A,normal,2009-12-01,2010-12-09,118,0,3.19,0.00,32,14,4509.04,507,38.21,83.90,1.0000,0.157,0,f,t,733.42
37501,TEA TIME TEA SET IN GIFT BOX,fora_do_escopo,,semanal,B,normal,2009-12-02,2010-12-09,103,0,3.65,0.00,17,14,2571.83,357,24.97,47.92,1.0000,0.056,15,f,t,733.42
37502,TEA TIME MUG IN GIFT BOX,provavel_descontinuacao,58,semanal,A,ruptura,2009-12-01,2010-07-30,104,132,2.34,56.41,15,14,2611.59,872,25.11,75.13,0.0000,0.094,23,f,t,733.42
37503,TEA TIME CAKE STAND IN GIFT BOX,provavel_descontinuacao,1,diario,A,ruptura,2009-12-01,2010-08-01,180,130,1.36,95.76,13,7,25471.33,2469,141.51,729.67,0.0000,0.148,7,f,t,733.42
37506,NEW ENGLAND MILK JUG W GIFT BOX,fora_do_escopo,,mensal,C,ruptura,2009-12-02,2010-08-24,26,107,10.60,10.09,38,28,202.30,34,7.78,5.14,0.0000,0.118,129,f,f,733.42
37508,NEW ENGLAND CERAMIC CAKE SERVER,fora_do_escopo,,semanal,C,ruptura,2009-12-01,2010-08-24,40,107,6.82,15.69,27,14,237.22,92,5.93,6.09,0.0000,0.161,1,f,f,733.42
37509,NEW ENGLAND MUG W GIFT BOX,fora_do_escopo,,mensal,C,normal,2010-03-22,2010-12-06,14,3,19.92,0.15,66,28,73.95,29,5.28,1.86,0.8602,0.138,129,f,f,733.42
40001,WHITE BAMBOO RIBS LAMPSHADE,fora_do_escopo,,semanal,B,normal,2009-12-06,2010-12-09,61,0,6.13,0.00,26,14,1245.65,1671,20.42,23.31,1.0000,0.370,0,f,t,733.42
40003,WHITE BAMBOO RIBS LAMPSHADE,fora_do_escopo,,mensal,B,normal,2009-12-18,2010-12-09,43,0,8.48,0.00,38,28,1079.04,996,25.09,20.72,1.0000,0.256,0,f,t,733.42
40005B,BLUE ORGANDY ROUND LAMPSHADE W BEA,fora_do_escopo,,ocasional,C,normal,2010-03-25,2010-12-06,10,3,28.44,0.11,67,,19.55,23,1.96,0.48,0.8999,0.217,84,f,f,733.42
40016,CHINESE DRAGON PAPER LANTERNS,fora_do_escopo,,semanal,A,normal,2009-12-01,2010-12-08,119,1,3.15,0.32,19,14,3467.80,10138,29.14,64.71,0.7282,0.130,1,f,t,733.42
40018E,TEA TIME PAPER LANTERNS,provavel_descontinuacao,145,semanal,B,ruptura,2009-12-01,2010-07-25,61,137,3.93,34.83,76,14,840.92,386,13.79,24.53,0.0000,0.175,0,f,t,733.42
40018F,CHERRY DESIGN PAPERLANTERNS,provavel_descontinuacao,91,semanal,B,ruptura,2009-12-01,2010-09-05,81,95,3.48,27.34,23,14,2102.28,1093,25.95,52.28,0.0000,0.361,9,f,t,733.42
40046A,RED DAISY PAPER LAMPSHADE,fora_do_escopo,,semanal,C,ruptura,2009-12-02,2010-10-31,50,39,6.80,5.74,54,14,409.57,305,8.19,8.44,0.0032,0.186,10,f,f,733.42
40046C,PINK BUTTERFLY PAPER LAMPSHADE,fora_do_escopo,,semanal,C,ruptura,2009-12-06,2009-12-16,3,358,5.00,71.60,7,14,3.75,3,1.25,1.75,0.0000,0.333,109,f,f,733.42
44089A,PINK GAUZE BUTTERFLY LAMPSHADE,fora_do_escopo,,ocasional,C,atraso,2010-02-04,2010-10-20,7,50,43.00,1.16,117,,10.50,25,1.50,0.24,0.3126,0.240,59,f,f,733.42
44089C,LILAC GAUZE BUTTERFLY LAMPSHADE,fora_do_escopo,,ocasional,C,atraso,2010-02-04,2010-10-25,10,45,29.22,1.54,117,,18.48,44,1.85,0.44,0.2144,0.341,3,f,f,733.42
44091A,BLUE CRUSOE CHECK LAMPSHADE,fora_do_escopo,,ocasional,C,ruptura,2010-03-26,2010-05-19,3,204,27.00,7.56,46,,4.62,11,1.54,0.40,0.0005,0.545,22,f,f,733.42
44091C,MULTICOLOUR CRUSOE CHECK LAMPSHADE,fora_do_escopo,,mensal,C,ruptura,2009-12-17,2010-08-04,17,127,14.38,8.83,50,28,30.66,61,1.80,0.88,0.0001,0.329,133,f,f,733.42
44092C,PURPLE/COPPER HANGING LAMPSHADE,fora_do_escopo,,ocasional,C,normal,2009-12-18,2010-07-18,2,144,212.00,0.68,212,,2.55,3,1.28,0.04,0.5070,0.667,11,f,f,733.42
44230,SQUARE MIRROR CURTAIN,ruptura_provavel,15,mensal,A,ruptura,2009-12-01,2010-10-10,44,60,7.28,8.24,44,28,3381.62,347,76.86,73.91,0.0003,0.099,0,f,t,733.42
44234,ASSORTED CIRCULAR MOBILE,fora_do_escopo,,mensal,C,normal,2009-12-14,2010-12-09,25,0,15.00,0.00,65,28,114.40,548,4.58,2.14,1.0000,0.340,8,f,f,733.42
44235,ASS COL CIRCLE MOBILE,fora_do_escopo,,ocasional,C,normal,2010-01-13,2010-12-09,10,0,36.67,0.00,103,,106.74,285,10.67,2.04,1.0000,0.728,8,f,f,733.42
44236,PINK/PURPLE CIRCLE CURTAIN,fora_do_escopo,,ocasional,C,ruptura,2010-01-24,2010-08-08,6,123,39.20,3.14,84,,55.80,12,9.30,1.66,0.0434,0.333,11,f,f,733.42
44241C,BLUE BUTTERFLY ON SPRING,fora_do_escopo,,ocasional,C,ruptura,2010-01-25,2010-08-04,7,127,31.83,3.99,98,,59.50,70,8.50,1.87,0.0185,0.686,48,f,f,733.42
44242B,PINK FEATHERS CURTAIN,fora_do_escopo,,ocasional,C,normal,2009-12-06,2010-11-16,6,23,69.00,0.33,137,,71.25,57,11.88,1.20,0.7165,0.702,10,f,f,733.42
44265,M/COLOUR POM-POM CURTAIN,fora_do_escopo,,ocasional,C,indicio,2009-12-08,2010-06-06,3,186,90.00,2.07,168,,25.50,6,8.50,0.66,0.1266,0.500,0,f,f,733.42
45008C,DECORATIVE NET CANOPY CREAM,provavel_descontinuacao,146,mensal,B,ruptura,2009-12-03,2010-07-14,31,148,7.43,19.91,31,28,792.07,83,25.55,24.06,0.0000,0.203,0,f,t,733.42
45013,FOLDING SHOE TIDY,fora_do_escopo,,ocasional,C,ruptura,2010-05-12,2010-09-10,6,90,24.20,3.72,51,,123.15,45,20.53,5.94,0.0243,0.497,0,f,f,733.42
45016,DECORATIVE NET CANOPY LEOPARD,fora_do_escopo,,mensal,C,ruptura,2009-12-14,2010-09-09,22,91,12.81,7.10,29,28,423.73,101,19.26,10.53,0.0008,0.177,150,f,f,733.42
46000M,POLYESTER FILLER PAD 45x45cm,fora_do_escopo,,semanal,B,normal,2009-12-01,2010-12-07,137,2,2.73,0.73,18,14,2349.80,1516,17.15,44.01,0.4804,0.080,0,f,t,733.42
46000P,POLYESTER FILLER PAD 65CMx65CM,fora_do_escopo,,mensal,B,normal,2009-12-01,2010-12-06,38,3,10.00,0.30,44,28,837.25,197,22.03,15.42,0.7408,0.244,7,f,t,733.42
46000R,POLYESTER FILLER PAD 45x30cm,fora_do_escopo,,mensal,C,normal,2010-01-26,2010-12-08,25,1,13.17,0.08,93,28,211.70,146,8.47,4.50,0.9269,0.267,17,f,f,733.42
46000S,POLYESTER FILLER PAD 40x40cm,fora_do_escopo,,semanal,A,normal,2009-12-01,2010-12-07,145,2,2.58,0.78,17,14,2798.50,1930,19.30,52.44,0.4601,0.068,2,f,t,733.42
46000U,POLYESTER FILLER PAD 30CMx30CM,fora_do_escopo,,mensal,C,indicio,2009-12-03,2010-11-05,24,34,14.65,2.32,49,28,180.00,144,7.50,3.58,0.0982,0.208,8,f,f,733.42
46037A,PINK CANVAS DES CUSHION COVER,fora_do_escopo,,ocasional,C,atraso,2010-05-25,2010-08-12,2,119,79.00,1.51,79,,7.50,6,3.75,0.33,0.2217,0.667,14,f,f,733.42
46115B,GREEN POP ART MAO CUSHION COVER,fora_do_escopo,,mensal,C,normal,2010-05-11,2010-12-06,20,3,11.00,0.27,41,28,53.20,280,2.66,1.69,0.7613,0.175,28,f,f,733.42
46118,FUNKY MONKEY CUSHION COVER,fora_do_escopo,,mensal,C,normal,2009-12-03,2010-12-06,24,3,16.00,0.19,53,28,204.88,142,8.54,3.73,0.8290,0.100,107,f,f,733.42
46126A,ELVIS WALLHANGING / CURTAIN,fora_do_escopo,,mensal,C,atraso,2009-12-03,2010-11-28,37,11,10.00,1.10,50,28,350.15,265,9.46,6.62,0.3329,0.286,321,f,f,733.42
46137D,GREEN CHENILLE SHAGGY RUG,fora_do_escopo,,mensal,C,ruptura,2010-01-29,2010-03-19,4,265,16.33,16.22,22,28,132.75,45,33.19,14.22,0.0000,0.889,8,f,f,733.42
46138B,BLUE CHENILLE SHAGGY CUSHION COVER,fora_do_escopo,,ocasional,C,atraso,2009-12-07,2010-11-09,13,30,28.08,1.07,133,,113.14,28,8.70,2.17,0.3436,0.103,0,f,f,733.42
46307,ROSES BLUE BASE CUSHION COVER,fora_do_escopo,,mensal,C,ruptura,2009-12-21,2010-07-29,25,133,9.17,14.51,49,28,249.33,53,9.97,7.62,0.0000,0.040,157,f,f,733.42
46775A,BUBBLE GUM CHUNKY KNITTED THROW,provavel_descontinuacao,47,semanal,B,ruptura,2009-12-02,2010-02-24,15,288,6.00,48.00,33,14,1044.23,83,69.62,81.22,0.0000,0.032,16,f,t,733.42
46775B,BERRIES CHUNKY KNITTED THROW,fora_do_escopo,,semanal,C,ruptura,2009-12-02,2009-12-10,4,364,2.67,136.50,6,14,84.75,5,21.19,55.62,0.0000,0.600,48,f,f,733.42
46775D,SUNSET COLOUR CHUNKY KNITTED THROW,fora_do_escopo,,mensal,B,normal,2009-12-13,2010-12-01,38,8,9.54,0.84,39,28,1228.28,94,32.32,23.72,0.4323,0.055,48,f,t,733.42
46775E,CANDY POP CHUNKY KNITTED THROW,provavel_descontinuacao,128,mensal,B,ruptura,2009-12-11,2010-09-12,29,88,9.82,8.96,91,28,1282.90,101,44.24,31.53,0.0001,0.040,62,f,t,733.42
46776A,WOVEN BUBBLE GUM CUSHION COVER,fora_do_escopo,,mensal,C,normal,2009-12-04,2010-12-06,40,3,9.41,0.32,41,28,639.70,253,15.99,11.90,0.7270,0.281,8,f,f,733.42
46776B,WOVEN BERRIES CUSHION COVER,fora_do_escopo,,semanal,C,normal,2009-12-03,2010-12-07,55,2,6.83,0.29,44,14,706.40,271,12.84,13.16,0.7463,0.255,8,f,f,733.42
46776C,WOVEN FROST CUSHION COVER,fora_do_escopo,,mensal,C,normal,2009-12-10,2010-12-06,32,3,11.65,0.26,84,28,420.73,143,13.15,7.90,0.7729,0.214,8,f,f,733.42
46776D,WOVEN SUNSET CUSHION COVER,fora_do_escopo,,mensal,C,atraso,2009-12-04,2010-11-17,29,22,12.43,1.77,42,28,279.78,64,9.65,5.43,0.1703,0.106,80,f,f,733.42
46776E,WOVEN CANDY CUSHION COVER,fora_do_escopo,,mensal,C,normal,2010-01-04,2010-12-07,35,2,9.91,0.20,40,28,382.09,140,10.92,7.71,0.8173,0.236,8,f,f,733.42
46776F,WOVEN ROSE GARDEN CUSHION COVER,fora_do_escopo,,mensal,B,atraso,2009-12-03,2010-11-29,51,10,7.22,1.39,32,28,792.61,277,15.54,15.07,0.2503,0.208,8,f,t,733.42
47013A,WINE BOTTLE DRESSING LT.BLUE,fora_do_escopo,,mensal,C,normal,2009-12-16,2010-11-23,21,16,17.10,0.94,119,28,36.83,127,1.75,0.72,0.3923,0.283,42,f,f,733.42
47013C,WINE BOTTLE DRESSING DARK BLUE,fora_do_escopo,,ocasional,C,normal,2009-12-04,2010-11-23,15,16,25.29,0.63,144,,27.55,95,1.84,0.51,0.5311,0.379,42,f,f,733.42
47016,LIGHT DECORATION BATTERY OPERATED,fora_do_escopo,,ocasional,C,normal,2009-12-07,2010-11-03,4,36,110.33,0.33,230,,60.90,29,15.23,0.97,0.7216,0.828,165,f,f,733.42
47021G,SET/6 BEAD COASTERS GAUZE BAG GOLD,fora_do_escopo,,mensal,C,normal,2009-12-01,2010-12-06,41,3,9.25,0.32,38,28,240.22,134,5.86,4.43,0.7230,0.125,32,f,f,733.42
47310M,SMALL POP BOX FUNKY MONKEY,fora_do_escopo,,mensal,C,normal,2009-12-09,2010-12-05,50,4,7.37,0.54,30,28,435.74,337,8.71,8.28,0.5810,0.347,15,f,f,733.42
47341A,FUSCHIA TABLE RUN FLOWER,fora_do_escopo,,ocasional,C,normal,2010-09-13,2010-11-17,2,22,65.00,0.34,65,,7.50,2,3.75,0.40,0.7129,0.500,22,f,f,733.42
47341B,BLUE TABLE RUN FLOWER,fora_do_escopo,,ocasional,C,normal,2009-12-09,2010-09-13,3,87,139.00,0.63,273,,11.25,3,3.75,0.19,0.5348,0.333,39,f,f,733.42
47343A,FUSCHIA FLOWER PURSE WITH BEADS,fora_do_escopo,,ocasional,C,normal,2009-12-17,2010-12-05,11,4,35.30,0.11,186,,74.50,50,6.77,1.34,0.8929,0.340,6,f,f,733.42
47344B,BLUE FLOWER DES PURSE,fora_do_escopo,,ocasional,C,normal,2009-12-17,2010-11-23,4,16,113.67,0.14,230,,12.50,10,3.13,0.19,0.8687,0.400,2,f,f,733.42
47347B,BLUE FLOWER T-LIGHT HOLDER,fora_do_escopo,,mensal,C,ruptura,2009-12-07,2010-03-08,11,276,9.10,30.33,28,28,179.88,240,16.35,12.58,0.0000,0.721,8,f,f,733.42
47348A,FUSCHIA VOILE POINTY SHOE DEC,fora_do_escopo,,ocasional,C,normal,2010-04-11,2010-12-08,2,1,241.00,0.00,241,,13.65,7,6.83,0.20,0.9959,0.857,28,f,f,733.42
47351B,BLUE  VOILE LAMPSHADE,fora_do_escopo,,ocasional,C,normal,2009-12-06,2010-10-14,5,56,78.00,0.72,126,,35.40,12,7.08,0.64,0.4878,0.500,8,f,f,733.42
47367B,PAIR PADDED HANGERS PINK CHECK,fora_do_escopo,,mensal,C,normal,2009-12-14,2010-12-07,49,2,7.46,0.27,31,28,472.90,134,9.65,9.06,0.7648,0.150,70,f,f,733.42
47369A,PINK GREEN EMBROIDERY COSMETIC BAG,fora_do_escopo,,ocasional,C,normal,2010-03-08,2010-12-06,7,3,45.50,0.07,121,,61.97,19,8.85,1.36,0.9362,0.286,25,f,f,733.42
47369B,BLUE GREEN EMBROIDERY COSMETIC BAG,fora_do_escopo,,ocasional,C,normal,2009-12-13,2010-12-05,8,4,51.00,0.08,144,,67.85,23,8.48,1.16,0.9246,0.261,86,f,f,733.42
47420,ASSORTED COLOUR SUCTION CUP HOOK,fora_do_escopo,,ocasional,C,normal,2009-12-02,2010-12-08,18,1,21.82,0.05,67,,32.49,171,1.81,0.58,0.9552,0.281,24,f,f,733.42
47421,ASSORTED COLOUR LIZARD SUCTION HOOK,fora_do_escopo,,mensal,C,normal,2010-02-07,2010-12-01,18,8,17.47,0.46,65,28,191.88,498,10.66,4.27,0.6326,0.455,0,f,f,733.42
47422,ASSORTED MONKEY SUCTION CUP HOOK,fora_do_escopo,,mensal,C,normal,2010-02-07,2010-12-03,21,6,14.95,0.40,61,28,214.26,565,10.20,4.78,0.6694,0.403,0,f,f,733.42
47469,ASSORTED SHAPES PHOTO CLIP SILVER,fora_do_escopo,,ocasional,C,normal,2010-01-19,2010-11-22,16,17,20.47,0.83,80,,356.32,752,22.27,7.62,0.4358,0.679,70,f,f,733.42
47471,RAINBOW PEGS PHOTO CLIP STRING,fora_do_escopo,,mensal,C,normal,2009-12-01,2010-12-06,26,3,14.80,0.20,44,28,109.93,143,4.23,2.00,0.8165,0.142,161,f,f,733.42
47480,HANGING PHOTO CLIP ROPE LADDER,fora_do_escopo,,semanal,B,normal,2009-12-07,2010-12-09,55,0,6.80,0.00,26,14,1580.66,989,28.74,29.60,1.0000,0.176,29,f,t,733.42
47481,50CM METAL STRING WITH  7 CLIPS,fora_do_escopo,,mensal,C,normal,2009-12-03,2010-12-06,22,3,17.52,0.17,53,28,95.74,102,4.35,1.74,0.8427,0.107,44,f,f,733.42
47502,POLKADOT CUTLERY 24 PCS IN TRAY,provavel_descontinuacao,16,semanal,A,ruptura,2009-12-09,2010-09-13,65,87,4.34,20.03,28,14,6855.75,640,105.47,169.97,0.0000,0.305,7,f,t,733.42
47503A,ASS FLORAL PRINT MULTI SCREWDRIVER,fora_do_escopo,,mensal,C,normal,2009-12-02,2010-11-28,28,11,13.37,0.82,140,28,152.64,120,5.45,2.85,0.4392,0.098,11,f,f,733.42
47503E,ASS FLORAL PRINT SCISSORS,cliente_principal_parou,18,mensal,B,ruptura,2009-12-08,2010-09-28,25,72,12.25,5.88,69,28,1186.90,6842,47.48,27.13,0.0028,0.846,267,f,t,733.42
47503F,ASS FLORAL PRINT TORCH,cliente_principal_parou,12,mensal,B,ruptura,2009-12-02,2010-03-09,10,275,10.78,25.52,61,28,736.55,2571,73.66,47.84,0.0000,0.850,267,f,t,733.42
47503G,ASS FLORAL PRINT TAPE MEASURE,fora_do_escopo,,semanal,C,ruptura,2009-12-02,2010-03-12,28,272,3.70,73.44,14,14,367.36,284,13.12,24.80,0.0000,0.188,10,f,f,733.42
47503H,ASS FLORAL PRINT SPIRIT LEVEL,fora_do_escopo,,mensal,C,normal,2009-12-08,2010-12-06,22,3,17.29,0.17,61,28,143.37,63,6.52,2.64,0.8407,0.163,14,f,f,733.42
47503J,SET/3 FLORAL GARDEN TOOLS IN BAG,fora_do_escopo,,semanal,A,normal,2009-12-01,2010-12-07,64,2,5.89,0.34,63,14,2735.51,345,42.74,50.81,0.7120,0.142,14,f,t,733.42
47503K,ASSORTED FLORAL SECATEURS,cliente_principal_parou,13,semanal,B,ruptura,2009-12-01,2010-06-21,36,171,5.77,29.63,21,14,1393.34,3179,38.70,46.94,0.0000,0.620,267,f,t,733.42
47504E,ENGLISH ROSE SCISSORS,cliente_principal_parou,19,mensal,B,ruptura,2009-12-01,2010-10-12,43,58,7.50,7.73,26,28,931.86,4387,21.67,20.23,0.0004,0.672,267,f,t,733.42
47504F,ENGLISH ROSE TORCH,fora_do_escopo,,mensal,C,ruptura,2009-12-01,2010-02-15,8,297,10.86,27.36,36,28,198.11,528,24.76,15.97,0.0000,0.608,267,f,f,733.42
47504G,ENGLISH ROSE TAPE MEASURE,fora_do_escopo,,semanal,C,ruptura,2009-12-01,2010-05-11,41,212,4.03,52.67,21,14,368.06,267,8.98,15.61,0.0000,0.082,4,f,f,733.42
47504H,ENGLISH ROSE SPIRIT LEVEL,fora_do_escopo,,mensal,C,normal,2009-12-03,2010-12-09,25,0,15.46,0.00,48,28,154.54,53,6.18,2.80,1.0000,0.151,98,f,f,733.42
47504J,ENGLISH ROSE SET/3 GARDEN TOOLS,fora_do_escopo,,semanal,C,ruptura,2009-12-03,2009-12-16,3,358,6.50,55.08,8,14,67.25,5,22.42,24.14,0.0000,0.236,29,f,f,733.42
47504K,ENGLISH ROSE GARDEN SECATEURS,fora_do_escopo,,semanal,B,normal,2009-12-01,2010-12-09,89,0,4.24,0.00,31,14,1089.04,654,12.24,20.21,1.0000,0.112,8,f,t,733.42
47505,MINATURE COLOURED GARDENING SET,provavel_descontinuacao,23,semanal,A,ruptura,2009-12-01,2010-06-07,84,185,2.27,81.68,34,14,3532.37,738,42.05,129.96,0.0000,0.058,0,f,t,733.42
47518F,ICON PLACEMAT POP ART ELVIS,fora_do_escopo,,ocasional,C,atraso,2009-12-01,2010-10-28,10,42,36.78,1.14,133,,56.52,80,5.65,1.08,0.3192,0.357,13,f,f,733.42
47552A,DOTS IRONING BOARD COVER,fora_do_escopo,,ocasional,C,ruptura,2009-12-10,2010-06-17,9,175,23.63,7.41,66,,25.35,13,2.82,0.83,0.0006,0.154,17,f,f,733.42
47556B,TEA TIME TEA TOWELS,ruptura_provavel,4,diario,A,ruptura,2009-12-01,2010-11-18,226,21,1.56,13.42,14,7,7672.61,2606,33.95,151.91,0.0000,0.062,9,f,t,733.42
47559B,TEA TIME OVEN GLOVE,fora_do_escopo,,diario,A,normal,2009-12-08,2010-12-08,216,1,1.70,0.59,30,7,4106.57,3220,19.01,78.39,0.5549,0.077,7,f,t,733.42
47562,ENGLISH ROSE IRONING BOARD COVER,fora_do_escopo,,semanal,C,ruptura,2009-12-03,2010-03-29,34,255,3.52,72.54,15,14,390.00,104,11.47,22.84,0.0000,0.587,0,f,f,733.42
47563A,RETRO LONGBOARD IRONING BOARD COVER,fora_do_escopo,,mensal,C,normal,2009-12-02,2010-12-06,45,3,8.39,0.36,48,28,300.68,61,6.68,5.58,0.6993,0.087,0,f,f,733.42
47563B,WAVELINE SURF IRONING BOARD COVER,fora_do_escopo,,ocasional,C,normal,2010-02-14,2010-11-28,6,11,57.40,0.19,156,,30.00,8,5.00,0.61,0.8256,0.375,11,f,f,733.42
47566,PARTY BUNTING,fora_do_escopo,,diario,A,normal,2009-12-01,2010-12-09,253,0,1.48,0.00,17,7,49682.72,10083,196.37,928.70,1.0000,0.031,3,f,t,733.42
47566B,TEA TIME PARTY BUNTING,fora_do_escopo,,semanal,A,normal,2009-12-01,2010-12-09,181,0,2.07,0.00,45,14,14850.24,3474,82.05,277.15,1.0000,0.217,7,f,t,733.42
47567B,TEA TIME KITCHEN APRON,fora_do_escopo,,semanal,A,normal,2009-12-10,2010-12-08,146,1,2.50,0.40,19,14,8468.96,1593,58.01,162.19,0.6707,0.308,23,f,t,733.42
47568,ENGLISH ROSE DESIGN PEG BAG,provavel_descontinuacao,22,diario,A,ruptura,2009-12-01,2010-08-22,167,109,1.59,68.54,12,7,4993.52,2389,29.90,131.61,0.0000,0.051,8,f,t,733.42
47570,ENGLISH ROSE TABLE CLOTH,provavel_descontinuacao,28,semanal,B,ruptura,2009-12-02,2010-04-26,62,227,2.38,95.50,16,14,2373.01,220,38.27,112.71,0.0000,0.179,2,f,t,733.42
47570B,TEA TIME TABLE CLOTH,fora_do_escopo,,semanal,A,normal,2009-12-01,2010-12-07,145,2,2.58,0.78,13,14,8107.55,801,55.91,151.92,0.4601,0.262,7,f,t,733.42
47574A,ENGLISH ROSE SCENTED HANGING FLOWER,fora_do_escopo,,ocasional,C,normal,2009-12-09,2010-12-07,15,2,25.93,0.08,97,,144.53,29,9.64,2.60,0.9258,0.206,2,f,f,733.42
47574B,ENGLISH ROSE SCENTED HANGING HEART,fora_do_escopo,,mensal,C,normal,2010-01-06,2010-11-28,21,11,16.30,0.67,69,28,195.50,46,9.31,4.00,0.5092,0.130,92,f,f,733.42
47578A,ENGLISH ROSE SMALL SCENTED FLOWER,fora_do_escopo,,mensal,C,normal,2009-12-02,2010-12-09,22,0,17.71,0.00,62,28,91.80,105,4.17,1.65,1.0000,0.204,7,f,f,733.42
47579,TEA TIME BREAKFAST BASKET,fora_do_escopo,,mensal,C,normal,2009-12-02,2010-12-05,46,4,8.18,0.49,44,28,420.87,185,9.15,7.83,0.6132,0.090,15,f,f,733.42
47580,TEA TIME DES TEA COSY,fora_do_escopo,,semanal,A,normal,2009-12-02,2010-12-09,169,0,2.21,0.00,14,14,3283.64,1307,19.43,61.42,1.0000,0.160,80,f,t,733.42
47581B,FAIRY CAKE WICKER PICNIC BASKET,provavel_descontinuacao,132,semanal,B,ruptura,2009-12-08,2010-05-25,33,198,5.25,37.71,19,14,766.52,47,23.23,30.97,0.0000,0.083,211,f,t,733.42
47583A,SET OF 3 WICKER BASKET ROSE,fora_do_escopo,,mensal,C,ruptura,2010-01-11,2010-02-17,6,295,7.40,39.86,17,28,612.82,71,102.14,96.62,0.0000,0.754,4,f,f,733.42
47583B,SET OF 3 WICKER BASKET TEA AND CAKE,fora_do_escopo,,mensal,C,ruptura,2009-12-16,2010-02-17,5,295,15.75,18.73,49,28,332.60,27,66.52,29.56,0.0000,0.400,4,f,f,733.42
47585A,PINK FAIRY CAKE CUSHION COVER,fora_do_escopo,,semanal,B,atraso,2009-12-07,2010-11-26,54,13,6.68,1.95,39,14,1490.94,822,27.61,28.94,0.1428,0.362,8,f,t,733.42
47586A,PINK FAIRY CAKE CUSHION COVER,fora_do_escopo,,mensal,C,normal,2009-12-14,2010-12-06,19,3,19.83,0.15,66,28,227.08,183,11.95,4.22,0.8596,0.270,209,f,f,733.42
47587A,PINK FAIRY CAKE COASTER,provavel_descontinuacao,110,mensal,B,ruptura,2009-12-01,2010-05-14,24,209,7.13,29.31,56,28,1099.88,2706,45.83,44.99,0.0000,0.922,8,f,t,733.42
47589,CONGRATULATIONS BUNTING,monitorar,88,semanal,B,ruptura,2009-12-15,2010-11-15,60,24,5.68,4.23,46,14,948.78,172,15.81,19.49,0.0146,0.040,23,f,t,733.42
47590A,BLUE HAPPY BIRTHDAY BUNTING,fora_do_escopo,,semanal,A,normal,2009-12-02,2010-12-09,150,0,2.50,0.00,81,14,14067.60,2838,93.78,262.95,1.0000,0.297,7,f,t,733.42
47590B,PINK HAPPY BIRTHDAY BUNTING,fora_do_escopo,,diario,A,normal,2009-12-07,2010-12-09,220,0,1.68,0.00,31,7,17526.53,3452,79.67,332.77,1.0000,0.239,7,f,t,733.42
47591A,CAROUSEL DES CHILD'S APRON,fora_do_escopo,,semanal,C,ruptura,2009-12-01,2010-08-24,62,107,4.36,24.54,28,14,269.54,163,4.35,6.98,0.0000,0.098,4,f,f,733.42
47591B,SCOTTIES CHILDRENS APRON,fora_do_escopo,,semanal,B,normal,2009-12-01,2010-12-09,160,0,2.35,0.00,30,14,1480.18,912,9.25,27.60,1.0000,0.108,0,f,t,733.42
47591C,BLUE FAIRY CAKE CHILD'S APRON,provavel_descontinuacao,88,semanal,B,ruptura,2009-12-01,2010-08-15,108,116,2.40,48.30,14,14,2029.27,1055,18.79,54.76,0.0000,0.122,23,f,t,733.42
47591D,PINK FAIRY CAKE CHILDRENS APRON,fora_do_escopo,,diario,A,normal,2009-12-01,2010-12-09,269,0,1.39,0.00,17,7,12427.98,6465,46.20,232.37,1.0000,0.096,23,f,t,733.42
47592A,CAROUSEL DES CHILD'S OVERALL,fora_do_escopo,,semanal,C,ruptura,2009-12-02,2010-09-13,76,87,3.80,22.89,30,14,637.37,331,8.39,15.45,0.0000,0.099,8,f,f,733.42
47592B,SCOTTIES DESIGN CHILD'S OVERALL,fora_do_escopo,,mensal,C,ruptura,2009-12-03,2010-07-21,25,141,9.58,14.71,41,28,131.90,67,5.28,3.85,0.0000,0.207,85,f,f,733.42
47593A,CAROUSEL DESIGN BABY BIB,fora_do_escopo,,semanal,C,atraso,2009-12-07,2010-11-30,68,9,5.34,1.68,42,14,294.81,271,4.34,5.68,0.1856,0.102,8,f,f,733.42
47593B,SCOTTIE DOGS BABY BIB,fora_do_escopo,,semanal,C,normal,2009-12-02,2010-12-09,101,0,3.72,0.00,46,14,397.76,380,3.94,7.41,1.0000,0.075,13,f,f,733.42
47594A,CAROUSEL DESIGN WASHBAG,fora_do_escopo,,semanal,C,normal,2009-12-14,2010-12-06,52,3,7.00,0.43,35,14,488.83,239,9.40,9.40,0.6514,0.120,0,f,f,733.42
47594B,SCOTTIES DESIGN WASHBAG,fora_do_escopo,,semanal,C,atraso,2009-12-03,2010-11-29,57,10,6.45,1.55,37,14,497.74,240,8.73,9.48,0.2120,0.071,65,f,f,733.42
47597,NEW ENGLAND TEATOWELS,fora_do_escopo,,semanal,C,ruptura,2009-12-10,2010-08-31,87,100,3.07,32.58,36,14,644.88,322,7.41,16.90,0.0000,0.075,0,f,f,733.42
47598,NEW ENGLAND EGG WARMER,fora_do_escopo,,mensal,C,ruptura,2009-12-01,2010-06-25,27,167,7.92,21.08,33,28,89.12,138,3.30,2.92,0.0000,0.179,0,f,f,733.42
47599A,PINK PARTY BAGS,fora_do_escopo,,semanal,A,normal,2009-12-04,2010-12-09,146,0,2.55,0.00,80,14,6699.08,3590,45.88,125.87,1.0000,0.279,7,f,t,733.42
47599B,BLUE PARTY BAGS,fora_do_escopo,,semanal,A,normal,2010-01-11,2010-12-09,135,0,2.48,0.00,15,14,3999.82,2088,29.63,83.71,1.0000,0.128,4,f,t,733.42
48103,DOOR MAT KISS MY.......,fora_do_escopo,,ocasional,C,ruptura,2009-12-18,2010-07-16,10,146,23.33,6.26,70,,201.73,35,20.17,6.05,0.0019,0.454,0,f,f,733.42
48111,DOORMAT 3 SMILEY CATS,fora_do_escopo,,diario,A,normal,2009-12-01,2010-12-09,227,0,1.65,0.00,12,7,18811.48,3134,82.87,351.48,1.0000,0.336,0,f,t,733.42
48116,DOORMAT MULTICOLOUR STRIPE,fora_do_escopo,,semanal,A,normal,2009-12-01,2010-12-09,166,0,2.26,0.00,42,14,11714.53,1969,70.57,218.52,1.0000,0.322,0,f,t,733.42
48129,DOORMAT TOPIARY,fora_do_escopo,,diario,A,normal,2009-12-01,2010-12-08,204,1,1.83,0.55,15,7,13780.30,2246,67.55,258.04,0.5794,0.234,0,f,t,733.42
48138,DOORMAT UNION FLAG,fora_do_escopo,,diario,A,normal,2009-12-15,2010-12-09,280,0,1.29,0.00,13,7,42148.03,6413,150.53,818.89,1.0000,0.113,29,f,t,733.42
48173C,DOORMAT BLACK FLOCK,fora_do_escopo,,diario,A,normal,2009-12-01,2010-12-09,196,0,1.91,0.00,31,7,14316.58,2365,73.04,267.30,1.0000,0.438,0,f,t,733.42
48175,DOOR MAT CAMOUFLAGE,fora_do_escopo,,diario,C,ruptura,2009-12-14,2009-12-15,2,359,1.00,359.00,1,7,158.04,39,79.02,553.14,0.0000,0.962,0,f,f,733.42
48179,DOOR MAT SWEET HOME,fora_do_escopo,,diario,C,ruptura,2009-12-01,2009-12-16,10,358,1.67,214.80,4,7,214.47,34,21.45,90.08,0.0000,0.392,0,f,f,733.42
48184,DOORMAT ENGLISH ROSE,fora_do_escopo,,diario,A,normal,2009-12-01,2010-12-09,201,0,1.87,0.00,47,7,17279.65,2739,85.97,322.67,1.0000,0.191,0,f,t,733.42
48185,DOORMAT FAIRY CAKE,fora_do_escopo,,diario,A,normal,2009-12-01,2010-12-09,268,0,1.40,0.00,12,7,22215.53,3245,82.89,415.36,1.0000,0.170,0,f,t,733.42
48187,DOORMAT NEW ENGLAND,fora_do_escopo,,diario,A,normal,2009-12-01,2010-12-09,245,0,1.53,0.00,32,7,22972.27,3595,93.76,429.36,1.0000,0.164,0,f,t,733.42
48188,DOORMAT WELCOME PUPPIES,fora_do_escopo,,diario,A,normal,2009-12-01,2010-12-09,220,0,1.70,0.00,12,7,16683.17,2827,75.83,311.67,1.0000,0.465,0,f,t,733.42
48189,DOOR MAT FRIENDSHIP,fora_do_escopo,,semanal,A,normal,2009-12-01,2010-12-07,162,2,2.30,0.87,21,14,8042.90,1296,49.65,150.82,0.4198,0.342,0,f,t,733.42
48194,DOORMAT HEARTS,fora_do_escopo,,diario,A,normal,2009-12-01,2010-12-09,287,0,1.30,0.00,12,7,27494.72,4428,95.80,514.19,1.0000,0.247,0,f,t,733.42
48195,DOOR MAT GREEN PAISLEY,provavel_descontinuacao,100,semanal,B,ruptura,2009-12-01,2010-07-22,65,140,3.64,38.45,49,14,1642.97,271,25.28,48.60,0.0000,0.292,0,f,t,733.42
48197,DOOR MAT BIRD ON THE WIRE,provavel_descontinuacao,14,diario,A,ruptura,2009-12-01,2010-07-28,127,134,1.90,70.64,14,7,5905.64,898,46.50,171.61,0.0000,0.250,0,f,t,733.42
51008,AFGHAN SLIPPER SOCK PAIR,fora_do_escopo,,mensal,A,normal,2009-12-02,2010-12-08,48,1,7.89,0.13,61,28,7488.70,2346,156.01,138.35,0.8810,0.236,78,f,t,733.42
51012C,"FEATHER DUSTER, COAL BLACK",fora_do_escopo,,semanal,C,ruptura,2009-12-01,2010-02-26,19,286,4.83,59.17,23,14,213.75,171,11.25,16.29,0.0000,0.140,9,f,f,733.42
51012L,"FEATHER DUSTER, LIGHT PINK",fora_do_escopo,,diario,C,ruptura,2009-12-03,2009-12-11,5,363,2.00,181.50,3,7,12.50,10,2.50,8.75,0.0000,0.400,57,f,f,733.42
51014A,"FEATHER PEN,HOT PINK",fora_do_escopo,,semanal,A,normal,2009-12-01,2010-12-09,103,0,3.66,0.00,15,14,2585.14,2858,25.10,48.04,1.0000,0.134,8,f,t,733.42
51014C,"FEATHER PEN,COAL BLACK",fora_do_escopo,,semanal,B,normal,2009-12-01,2010-12-06,83,3,4.51,0.66,29,14,1430.69,1679,17.24,26.74,0.5143,0.145,135,f,t,733.42
51014L,"FEATHER PEN,LIGHT PINK",fora_do_escopo,,semanal,B,atraso,2009-12-04,2010-12-01,66,8,5.57,1.44,33,14,1183.81,1422,17.94,22.54,0.2378,0.175,135,f,t,733.42
51020A,SUMMER FUN DESIGN SHOWER CAP,fora_do_escopo,,mensal,C,normal,2009-12-16,2010-12-05,32,4,11.42,0.35,49,28,349.48,980,10.92,6.69,0.7045,0.279,8,f,f,733.42
51020B,STRIPY DESIGN SHOWER CAP,fora_do_escopo,,mensal,C,normal,2009-12-04,2010-12-08,45,1,8.39,0.12,43,28,421.30,890,9.36,7.81,0.8876,0.231,8,f,f,733.42
62018,SOMBRERO,fora_do_escopo,,semanal,A,normal,2009-12-02,2010-12-08,57,1,6.63,0.15,22,14,6739.85,5155,118.24,124.94,0.8599,0.464,44,f,t,733.42
62043B,BLUE CHECK BAG W HANDLE 34X20CM,fora_do_escopo,,ocasional,C,ruptura,2010-04-30,2010-07-29,5,133,22.50,5.91,58,,61.05,37,12.21,3.80,0.0027,0.946,0,f,f,733.42
62074B,ELEPHANT CLIP W SUCTION CUP,fora_do_escopo,,ocasional,C,normal,2009-12-13,2010-10-20,7,50,51.83,0.96,105,,9.24,22,1.32,0.18,0.3811,0.682,3,f,f,733.42
62086A,PINK RETRO BIG FLOWER BAG,fora_do_escopo,,ocasional,C,normal,2010-03-01,2010-11-23,9,16,33.38,0.48,107,,48.75,25,5.42,1.14,0.6192,0.240,16,f,f,733.42
62094B,TURQ ICE CREAM BUM BAG,fora_do_escopo,,semanal,C,normal,2010-01-19,2010-12-06,55,3,5.94,0.50,23,14,619.84,287,11.27,13.27,0.6037,0.204,0,f,f,733.42
62095B,TURQOISE ICE CREAM SUNHAT,fora_do_escopo,,mensal,C,normal,2010-02-01,2010-11-28,19,11,16.67,0.66,138,28,310.83,292,16.36,6.87,0.5169,0.328,8,f,f,733.42
62096A,PINK/YELLOW FLOWERS HANDBAG,fora_do_escopo,,semanal,C,normal,2010-01-07,2010-12-08,70,1,4.86,0.21,35,14,475.29,289,6.79,9.79,0.8139,0.079,8,f,f,733.42
62096B,PURPLE/TURQ FLOWERS HANDBAG,fora_do_escopo,,semanal,C,ruptura,2009-12-07,2010-11-11,67,28,5.14,5.45,35,14,439.49,255,6.56,8.94,0.0043,0.085,8,f,f,733.42
62097A,PINK STRIPES SHOULDER BAG,fora_do_escopo,,ocasional,C,atraso,2009-12-11,2010-08-06,3,125,119.00,1.05,210,,8.85,3,2.95,0.17,0.3498,0.333,3,f,f,733.42
70006,LOVE HEART POCKET WARMER,fora_do_escopo,,semanal,B,normal,2009-12-01,2010-12-09,98,0,3.85,0.00,29,14,2373.89,1779,24.22,44.10,1.0000,0.120,8,f,t,733.42
70007,HI TEC ALPINE HAND WARMER,fora_do_escopo,,semanal,B,normal,2009-12-01,2010-12-09,72,0,5.25,0.00,56,14,898.86,528,12.48,16.63,1.0000,0.063,14,f,t,733.42
71028B,SILVER BLUE EGG T-LIGHT HOLDER,fora_do_escopo,,semanal,C,ruptura,2009-12-01,2010-01-17,11,326,4.70,69.36,14,14,227.48,494,20.68,30.80,0.0000,0.357,8,f,f,733.42
71038,WHITE HANGING BEADS CANDLE HOLDER,fora_do_escopo,,semanal,A,normal,2009-12-02,2010-12-08,83,1,4.52,0.22,18,14,2609.70,490,31.44,48.65,0.8017,0.137,1,f,t,733.42
71050,SMALL SINGLE FLAME CANDLE HOLDER,fora_do_escopo,,ocasional,C,normal,2010-06-08,2010-10-19,2,51,133.00,0.38,133,,6.30,18,3.15,0.17,0.6815,0.667,0,f,f,733.42
71053,WHITE METAL LANTERN,fora_do_escopo,,diario,A,normal,2009-12-01,2010-12-09,213,0,1.76,0.00,13,7,11276.79,3043,52.94,210.64,1.0000,0.133,7,f,t,733.42
71101E,STANDING FAIRY POLE SUPPORT,fora_do_escopo,,mensal,C,indicio,2009-12-13,2010-11-11,25,28,13.88,2.02,64,28,347.63,431,13.91,7.02,0.1329,0.298,21,f,f,733.42
71143,SILVER BOOK MARK WITH BEADS,fora_do_escopo,,mensal,C,normal,2009-12-01,2010-12-08,51,1,7.44,0.13,31,28,335.66,178,6.58,6.19,0.8742,0.076,0,f,f,733.42
71215,METAL BASE FOR CANDLES,fora_do_escopo,,ocasional,C,normal,2009-12-09,2010-12-08,10,1,40.44,0.02,126,,63.90,167,6.39,1.11,0.9756,0.218,10,f,f,733.42
71270,PHOTO CLIP LINE,fora_do_escopo,,mensal,C,normal,2009-12-18,2010-12-06,31,3,11.77,0.25,52,28,196.67,139,6.34,3.77,0.7749,0.184,0,f,f,733.42
71279,PINK GLASS CANDLEHOLDER,fora_do_escopo,,mensal,C,normal,2009-12-01,2010-12-08,41,1,9.30,0.11,28,28,446.20,128,10.88,8.19,0.8981,0.079,6,f,f,733.42
71403,"PINK/WHITE ""KEEP CLEAN"" BULLET BIN",fora_do_escopo,,mensal,C,normal,2009-12-04,2010-12-08,37,1,10.25,0.10,50,28,377.99,102,10.22,6.98,0.9070,0.234,226,f,f,733.42
71406C,BLACK ORANGE SQUEEZER,fora_do_escopo,,ocasional,C,normal,2009-12-03,2010-12-05,16,4,24.47,0.16,92,,37.42,85,2.34,0.67,0.8492,0.135,8,f,f,733.42
71434B,"BLACK RND BULLET""KEEP CLEAN"" BIN",fora_do_escopo,,ocasional,C,ruptura,2010-01-26,2010-03-10,2,274,43.00,6.37,43,,5.10,2,2.55,0.42,0.0017,0.500,10,f,f,733.42
71459,HANGING JAM JAR T-LIGHT HOLDER,fora_do_escopo,,diario,A,normal,2009-12-02,2010-12-09,232,0,1.61,0.00,16,7,16333.62,19972,70.40,306.03,1.0000,0.091,2,f,t,733.42
71477,COLOUR GLASS. STAR T-LIGHT HOLDER,fora_do_escopo,,diario,A,normal,2009-12-01,2010-12-09,209,0,1.79,0.00,35,7,25887.97,8977,123.87,483.51,1.0000,0.173,6,f,t,733.42
71495A,CD WALL TIDY BLUE OFFICE,fora_do_escopo,,ocasional,C,normal,2010-02-09,2010-11-22,12,17,26.00,0.65,95,,47.58,122,3.97,1.07,0.5200,0.726,8,f,f,733.42
71495B,CD WALL TIDY RED FLOWERS,fora_do_escopo,,ocasional,C,normal,2010-01-28,2010-12-08,10,1,34.89,0.03,102,,55.56,143,5.56,1.11,0.9717,0.622,8,f,f,733.42
71496A,A4 WALL TIDY BLUE OFFICE,fora_do_escopo,,ocasional,C,normal,2010-03-01,2010-12-08,8,1,40.29,0.02,165,,80.81,133,10.10,1.76,0.9755,0.630,8,f,f,733.42
71496B,A4 WALL TIDY RED FLOWERS,fora_do_escopo,,ocasional,C,atraso,2010-04-20,2010-08-12,2,119,114.00,1.04,114,,1.30,2,0.65,0.04,0.3521,0.500,62,f,f,733.42
71510,SQUARE METAL CANDLEHOLDER BASE,fora_do_escopo,,ocasional,C,normal,2009-12-17,2010-11-16,8,23,47.71,0.48,135,,75.53,125,9.44,1.39,0.6175,0.674,10,f,f,733.42
72008,FROSTED BOX 9 WHITE T-LIGHT CANDLES,ruptura_provavel,29,semanal,B,ruptura,2009-12-01,2010-11-14,138,25,2.54,9.84,13,14,1531.82,3820,11.10,30.59,0.0001,0.054,4,f,t,733.42
72023F,RED ORGANIC CANDLE IN GLASS,fora_do_escopo,,semanal,C,ruptura,2009-12-01,2010-08-08,38,123,6.76,18.20,94,14,669.62,640,17.62,18.26,0.0000,0.427,1,f,f,733.42
72024U,LILAC VOTIVE CANDLE,fora_do_escopo,,ocasional,C,normal,2009-12-02,2010-11-29,8,10,51.71,0.19,153,,31.08,148,3.89,0.53,0.8242,0.162,1,f,f,733.42
72038P,PRICE'S CANDLE PEACH,fora_do_escopo,,ocasional,C,ruptura,2009-12-02,2010-08-27,9,104,33.50,3.10,77,,116.50,1050,12.94,2.70,0.0448,0.137,35,f,f,733.42
72045D,ROSES ON BLUE TEACUP CANDLE,fora_do_escopo,,ocasional,B,ruptura,2009-12-03,2010-03-03,3,281,45.00,6.24,51,,918.65,539,306.22,47.63,0.0019,0.927,6,f,t,733.42
72051S,BAG OF SILVER STONES,fora_do_escopo,,mensal,C,normal,2009-12-01,2010-12-06,40,3,9.49,0.32,40,28,104.30,176,2.61,1.92,0.7289,0.258,10,f,f,733.42
72083A,STRAWBERY SWIRL FLARE CANDLE,fora_do_escopo,,mensal,C,ruptura,2010-02-24,2010-03-31,5,253,8.75,28.91,13,28,50.40,24,10.08,8.06,0.0000,0.500,39,f,f,733.42
72122,COFFEE SCENT PILLAR CANDLE,fora_do_escopo,,mensal,C,normal,2009-12-04,2010-12-06,53,3,7.06,0.43,40,28,258.49,263,4.88,4.84,0.6537,0.088,44,f,f,733.42
72127,COLUMBIAN CANDLE ROUND,fora_do_escopo,,mensal,C,normal,2009-12-01,2010-12-08,36,1,10.63,0.09,43,28,272.83,227,7.58,4.99,0.9102,0.202,0,f,f,733.42
72128,COLUMBIAN CANDLE ROUND,fora_do_escopo,,mensal,C,normal,2009-12-07,2010-12-08,49,1,7.63,0.13,28,28,303.79,537,6.20,5.69,0.8771,0.261,10,f,f,733.42
72129,COLUMBIAN CANDLE ROUND,fora_do_escopo,,mensal,C,ruptura,2009-12-18,2010-09-29,18,71,16.76,4.24,47,28,49.76,75,2.76,1.15,0.0145,0.314,218,f,f,733.42
72130,COLUMBIAN CANDLE ROUND,fora_do_escopo,,mensal,C,normal,2009-12-13,2010-12-08,32,1,11.61,0.09,53,28,208.34,595,6.51,3.92,0.9175,0.262,10,f,f,733.42
72131,COLUMBIAN CANDLE RECTANGLE,fora_do_escopo,,mensal,C,normal,2009-12-10,2010-12-08,35,1,10.68,0.09,86,28,483.18,626,13.81,9.05,0.9106,0.212,0,f,f,733.42
72132,COLUMBIAN CUBE CANDLE,fora_do_escopo,,ocasional,C,normal,2009-12-21,2010-12-08,15,1,25.14,0.04,126,,432.90,534,28.86,8.03,0.9610,0.328,0,f,f,733.42
72133,COLUMBIAN CANDLE RECTANGLE,fora_do_escopo,,ocasional,C,normal,2009-12-13,2010-12-02,16,7,23.60,0.30,131,,67.87,71,4.24,1.26,0.7433,0.134,59,f,f,733.42
72134,COLUMBIAN  CUBE CANDLE,fora_do_escopo,,ocasional,C,normal,2009-12-13,2010-12-01,17,8,22.06,0.36,88,,77.89,235,4.58,1.45,0.6959,0.293,10,f,f,733.42
72140E,BEST DAD CANDLE LETTERS,fora_do_escopo,,mensal,C,normal,2009-12-07,2010-11-30,20,9,18.84,0.48,64,28,131.22,188,6.56,2.44,0.6202,0.351,10,f,f,733.42
72140F,HAPPY ANNIVERSARY CANDLE LETTERS,fora_do_escopo,,ocasional,C,normal,2009-12-01,2010-11-24,13,15,29.83,0.50,115,,69.18,175,5.32,1.25,0.6048,0.375,15,f,f,733.42
72225C,LAVENDER SCENT CAKE CANDLE,fora_do_escopo,,mensal,C,normal,2009-12-17,2010-11-24,20,15,18.00,0.83,60,28,300.78,1302,15.04,5.85,0.4346,0.402,8,f,f,733.42
72225D,VANILLA SCENT CAKE CANDLE,fora_do_escopo,,mensal,C,ruptura,2009-12-17,2010-05-13,11,210,14.70,14.29,40,28,219.46,962,19.95,9.50,0.0000,0.551,8,f,f,733.42
72232,FENG SHUI PILLAR CANDLE,fora_do_escopo,,mensal,C,normal,2009-12-06,2010-12-09,53,0,7.08,0.00,43,28,586.15,3085,11.06,10.94,1.0000,0.342,8,f,f,733.42
72267,PREMIUM CHURCH CANDLE,fora_do_escopo,,semanal,C,ruptura,2009-12-01,2010-03-28,24,256,5.09,50.32,49,14,546.96,273,22.79,31.36,0.0000,0.148,59,f,f,733.42
72349B,SET/6 PURPLE BUTTERFLY T-LIGHTS,fora_do_escopo,,semanal,A,normal,2009-12-01,2010-12-09,140,0,2.68,0.00,20,14,2883.55,1353,20.60,53.73,1.0000,0.113,3,f,t,733.42
72351A,SET/6 TURQUOISE BUTTERFLY T-LIGHTS,fora_do_escopo,,semanal,A,normal,2009-12-02,2010-12-09,184,0,2.03,0.00,13,14,5019.29,2509,27.28,93.94,1.0000,0.163,14,f,t,733.42
72351B,SET/6 PINK  BUTTERFLY T-LIGHTS,fora_do_escopo,,diario,A,normal,2009-12-03,2010-12-09,203,0,1.84,0.00,14,7,7258.99,3723,35.76,136.29,1.0000,0.151,127,f,t,733.42
72369A,PINK CLEAR GLASS CANDLE PLATE,fora_do_escopo,,ocasional,C,normal,2009-12-03,2010-11-05,9,34,42.13,0.81,112,,61.37,37,6.82,1.13,0.4461,0.204,59,f,f,733.42
72484,ROSES IN WHITE HEART CANDLE,provavel_descontinuacao,62,semanal,B,ruptura,2009-12-02,2010-03-04,41,280,2.30,121.74,21,14,991.38,1818,24.18,73.59,0.0000,0.296,1,f,t,733.42
72487,ROSES WHITE ROUND CANDLE,fora_do_escopo,,semanal,C,ruptura,2009-12-01,2009-12-14,7,360,2.17,166.15,4,14,355.05,827,50.72,163.87,0.0000,0.501,8,f,f,733.42
72529W,WHITE ADVENT CANDLE,sazonal,23,mensal,B,ruptura,2009-12-01,2010-09-30,29,70,10.82,6.47,148,28,923.05,465,31.83,20.59,0.0016,0.234,79,t,t,733.42
72586,SET OF 6 HALLOWEEN GHOST T-LIGHTS,fora_do_escopo,,semanal,C,normal,2009-12-04,2010-12-09,72,0,5.21,0.00,41,14,695.67,1616,9.66,12.98,1.0000,0.362,8,t,f,733.42
72598,SET/12 TAPER CANDLES,fora_do_escopo,,semanal,C,normal,2009-12-01,2010-12-09,68,0,5.57,0.00,33,14,569.26,663,8.37,10.53,1.0000,0.216,0,f,f,733.42
72606A,BROWN ANTIQUE CUBE CANDLE,fora_do_escopo,,mensal,C,ruptura,2010-01-11,2010-10-05,16,65,17.80,3.65,59,28,94.92,226,5.93,2.33,0.0259,0.425,183,f,f,733.42
72708,SCULPTED ROUND IVORY CANDLE,fora_do_escopo,,ocasional,C,atraso,2009-12-10,2010-08-23,5,108,64.00,1.69,126,,9.24,44,1.85,0.20,0.1850,0.477,108,f,f,733.42
72709,IVORY SCULPTED RND CANDLE,fora_do_escopo,,ocasional,C,normal,2010-04-19,2010-12-08,7,1,38.83,0.03,74,,40.80,48,5.83,1.05,0.9746,0.375,0,f,f,733.42
72715,SPHERICAL IVORY CANDLE,fora_do_escopo,,mensal,C,ruptura,2010-02-16,2010-08-26,13,105,15.92,6.60,70,28,36.96,88,2.84,1.25,0.0014,0.273,15,f,f,733.42
72724,SET/6 CHRISTMAS ICICLE T-LIGHTS,fora_do_escopo,,diario,C,ruptura,2009-12-01,2009-12-10,7,364,1.50,242.67,2,7,45.00,36,6.43,30.00,0.0000,0.333,85,t,f,733.42
72728,ROSE SCENT CANDLES IN GLASS,fora_do_escopo,,semanal,C,ruptura,2009-12-10,2010-08-04,45,127,5.39,23.58,33,14,523.15,643,11.63,15.11,0.0000,0.213,8,f,f,733.42
72739B,WHITE CHOCOLATE SCENT CANDLE,fora_do_escopo,,semanal,C,ruptura,2009-12-01,2010-01-26,17,317,3.50,90.57,19,14,328.39,394,19.32,38.63,0.0000,0.285,35,f,f,733.42
72739C,DARK CHOCOLATE SCENTCANDLE,fora_do_escopo,,semanal,C,ruptura,2009-12-02,2010-01-27,16,316,3.73,84.64,19,14,279.08,326,17.44,32.70,0.0000,0.307,35,f,f,733.42
72740A,LARGE STRAWBERRY CHOCOLATE CANDLE,fora_do_escopo,,semanal,C,ruptura,2009-12-02,2010-01-05,9,338,4.25,79.53,18,14,141.23,65,15.69,25.85,0.0000,0.217,4,f,f,733.42
72741,GRAND CHOCOLATECANDLE,fora_do_escopo,,diario,A,normal,2009-12-01,2010-12-09,260,0,1.44,0.00,14,7,19690.13,14200,75.73,368.10,1.0000,0.170,59,f,t,733.42
72750A,"F.FAIRY S/3 CANDLE/GLASS,LILY/VALLY",provavel_descontinuacao,124,mensal,B,ruptura,2009-12-02,2010-04-23,15,230,10.14,22.68,24,28,766.85,383,51.12,35.28,0.0000,0.656,8,f,t,733.42
72750B,FLOWER FAIRY SET 3 CANDLES LAVENDER,monitorar,78,mensal,B,ruptura,2009-12-14,2010-11-11,37,28,9.22,3.04,54,28,1047.20,496,28.30,21.48,0.0480,0.372,8,f,t,733.42
72750C,"F.FAIRY S/3 CANDLE/GLASS, ROSE",fora_do_escopo,,mensal,C,ruptura,2009-12-01,2010-03-30,13,254,9.92,25.61,34,28,476.40,232,36.65,25.87,0.0000,0.532,8,f,f,733.42
72750D,F.FAIRY S/3 CANDLE/GLASS,fora_do_escopo,,semanal,C,ruptura,2009-12-07,2010-01-28,11,315,5.20,60.58,14,14,226.50,110,20.59,27.72,0.0000,0.275,35,f,f,733.42
72752B,"F.FAIRY,CANDLE IN GLASS,LAVENDER",fora_do_escopo,,semanal,C,ruptura,2009-12-04,2009-12-11,2,363,7.00,51.86,7,14,12.75,3,6.38,6.38,0.0000,0.667,363,f,f,733.42
72753A,S/3 FLWR FAIRY LILLY CANDLES,fora_do_escopo,,semanal,C,ruptura,2009-12-01,2010-01-27,13,316,4.75,66.53,24,14,690.24,315,53.10,78.25,0.0000,0.700,8,f,f,733.42
72753B,S/3 FLWR FAIRY LAVENDER CANDLES,provavel_descontinuacao,86,mensal,B,ruptura,2009-12-04,2010-03-26,13,258,9.33,27.64,32,28,957.73,445,73.67,55.25,0.0000,0.809,8,f,t,733.42
72753C,S/3 FLWR FAIRY ROSE CANDLES,fora_do_escopo,,mensal,C,ruptura,2009-12-06,2010-01-20,6,323,9.00,35.89,32,28,107.68,43,17.95,13.96,0.0000,0.312,0,f,f,733.42
72753D,S/3 FLWR FAIRY SUMMER CANDLES,fora_do_escopo,,semanal,C,ruptura,2009-12-06,2010-01-17,8,326,6.00,54.33,18,14,302.40,144,37.80,44.10,0.0000,0.500,8,f,f,733.42
72754A,FLOWER FAIRY POTPOURRI CUSHION LILY,fora_do_escopo,,ocasional,C,ruptura,2009-12-04,2010-02-24,4,288,27.33,10.54,48,,201.24,292,50.31,12.88,0.0000,0.791,8,f,f,733.42
72754B,F FAIRY POTPOURRI CUSHIONS LAVENDER,fora_do_escopo,,semanal,C,ruptura,2009-12-01,2010-01-08,7,335,6.33,52.89,18,14,137.54,170,19.65,21.72,0.0000,0.170,9,f,f,733.42
72755C,FLOWER FAIRY OIL BURNER SET ROSE,provavel_descontinuacao,90,mensal,B,ruptura,2009-12-22,2010-03-26,13,258,7.83,32.94,23,28,767.00,592,59.00,52.72,0.0000,0.481,8,f,t,733.42
72755D,FLOWER FAIRY OIL BURNER SET SUMMER,fora_do_escopo,,mensal,C,ruptura,2009-12-04,2010-03-26,12,258,10.18,25.34,36,28,693.25,533,57.77,39.72,0.0000,0.426,8,f,f,733.42
72756,FAIRY CAKE CANDLES,provavel_descontinuacao,10,mensal,A,ruptura,2009-12-01,2010-06-15,24,177,8.52,20.77,144,28,5472.89,4021,228.04,187.32,0.0000,0.247,7,f,t,733.42
72760B,VINTAGE CREAM 3 BASKET CAKE STAND,fora_do_escopo,,semanal,A,normal,2009-12-01,2010-12-09,170,0,2.21,0.00,99,14,12639.60,1329,74.35,235.81,1.0000,0.215,7,f,t,733.42
72771B,BURG FLOCK GOLD CUP/CANDLE,fora_do_escopo,,diario,C,ruptura,2009-12-10,2009-12-15,4,359,1.67,215.40,2,7,61.94,129,15.49,65.04,0.0000,0.454,59,f,f,733.42
72771C,BLACK FLOCK GOLD CANDLE,fora_do_escopo,,diario,C,ruptura,2009-12-07,2009-12-13,4,361,2.00,180.50,3,7,42.08,54,10.52,36.82,0.0000,0.240,71,f,f,733.42
72772,SET/4 SCENTED CANDLES IN RAMEKINS,fora_do_escopo,,semanal,C,ruptura,2009-12-13,2010-01-17,8,326,5.00,65.20,14,14,615.84,457,76.98,107.77,0.0000,0.576,8,f,f,733.42
72779,SET/6 BLACK ROSE T-LIGHT CANDLES,fora_do_escopo,,mensal,C,ruptura,2009-12-02,2010-05-05,14,218,11.85,18.40,38,28,82.81,49,5.92,3.50,0.0000,0.245,247,f,f,733.42
72780,BLACK SILOUETTE CANDLE PLATE,fora_do_escopo,,mensal,C,atraso,2009-12-06,2010-11-16,23,23,15.68,1.47,84,28,301.73,377,13.12,5.86,0.2307,0.229,0,f,f,733.42
72781,BLACK SILOUETTE CANDLE PLATE,fora_do_escopo,,ocasional,C,indicio,2009-12-17,2010-10-11,15,59,21.29,2.77,85,,229.50,121,15.30,5.03,0.0625,0.399,0,f,f,733.42
72783,BLACK SIL'T SQU CANDLE PLATE,fora_do_escopo,,ocasional,C,normal,2009-12-01,2010-11-07,7,32,56.83,0.56,128,,56.70,27,8.10,1.00,0.5695,0.444,4,f,f,733.42
72785A,S/4 CONTEMPORY PINK ROSEBUD CANDLES,fora_do_escopo,,ocasional,C,ruptura,2009-12-11,2010-02-19,4,293,23.33,12.56,38,,16.80,8,4.20,1.26,0.0000,0.375,107,f,f,733.42
72785B,S/4 CONTEMPORY RED ROSEBUD CANDLES,fora_do_escopo,,ocasional,C,ruptura,2009-12-11,2010-01-29,3,314,24.50,12.82,47,,10.90,9,3.63,1.04,0.0000,0.578,107,f,f,733.42
72789,BASKET/8 SCENTED LOVE TOKEN CANDLES,fora_do_escopo,,mensal,C,ruptura,2009-12-10,2010-10-10,39,60,8.00,7.50,102,28,461.53,122,11.83,10.35,0.0006,0.138,59,f,f,733.42
72793,BLACK BOX MIRROR LANTERN,fora_do_escopo,,ocasional,C,atraso,2009-12-13,2010-10-26,10,44,35.22,1.25,113,,268.75,55,26.88,5.34,0.2867,0.779,10,f,f,733.42
72796A,S/3 ENGLISH LAVENDER SQU CANDLE,fora_do_escopo,,ocasional,C,ruptura,2009-12-02,2010-04-29,5,224,37.00,6.05,52,,18.15,11,3.63,0.69,0.0023,0.455,3,f,f,733.42
72796B,S/3 FRENCH VANILLA SQU CANDLE,fora_do_escopo,,mensal,C,ruptura,2009-12-02,2010-07-04,12,158,19.45,8.12,73,28,44.55,27,3.71,1.34,0.0003,0.259,186,f,f,733.42
72798C,SET/4 GARDEN ROSE DINNER CANDLE,fora_do_escopo,,ocasional,C,normal,2009-12-01,2010-12-01,13,8,30.42,0.26,80,,43.21,22,3.32,0.76,0.7687,0.229,268,f,f,733.42
72799A,BLACK PILLAR CANDLE SILVER FLOCK,provavel_descontinuacao,147,mensal,B,ruptura,2009-12-03,2010-08-04,17,127,15.25,8.33,66,28,877.80,612,51.64,23.70,0.0002,0.684,8,f,t,733.42
72799B,PURPLE PILLAR CANDLE BLACK FLOCK,fora_do_escopo,,semanal,C,ruptura,2009-12-01,2010-01-05,9,338,4.38,77.26,18,14,467.71,322,51.97,83.15,0.0000,0.641,8,f,f,733.42
72799C,PINK PILLAR CANDLE SILVER FLOCK,fora_do_escopo,,mensal,C,atraso,2009-12-01,2010-11-25,28,14,13.30,1.05,62,28,653.63,390,23.34,12.29,0.3489,0.459,8,f,f,733.42
72799D,BLUE PILLAR CANDLE SILVER FLOCK,fora_do_escopo,,mensal,C,ruptura,2009-12-01,2010-09-29,18,71,17.76,4.00,60,28,260.67,78,14.48,5.71,0.0184,0.235,0,f,f,733.42
72799E,IVORY PILLAR CANDLE SILVER FLOCK,fora_do_escopo,,semanal,B,normal,2009-12-01,2010-12-08,79,1,4.77,0.21,36,14,1779.28,813,22.52,33.06,0.8108,0.169,8,f,t,733.42
72799F,IVORY PILLAR CANDLE GOLD FLOCK,fora_do_escopo,,semanal,B,normal,2009-12-01,2010-12-08,59,1,6.41,0.16,61,14,1691.93,991,28.68,31.30,0.8556,0.355,8,f,t,733.42
72800A,S/4 BLACK DINNER CANDLE SILVER FLOC,provavel_descontinuacao,134,semanal,B,ruptura,2009-12-01,2010-05-16,40,207,4.26,48.63,17,14,750.91,677,18.77,30.87,0.0000,0.530,8,f,t,733.42
72800B,4 PURPLE FLOCK DINNER CANDLES,fora_do_escopo,,mensal,B,normal,2009-12-04,2010-12-05,48,4,7.79,0.51,52,28,1029.33,858,21.44,19.28,0.5983,0.387,8,f,t,733.42
72800C,4 PINK DINNER CANDLE SILVER FLOCK,fora_do_escopo,,mensal,C,atraso,2009-12-07,2010-11-29,41,10,8.93,1.12,55,28,665.12,530,16.22,12.72,0.3261,0.299,8,f,f,733.42
72800D,4 BLUE DINNER CANDLES SILVER FLOCK,fora_do_escopo,,mensal,B,normal,2009-12-04,2010-12-05,49,4,7.63,0.52,45,28,841.99,563,17.18,15.77,0.5918,0.236,8,f,t,733.42
72800E,4 IVORY DINNER CANDLES SILVER FLOCK,fora_do_escopo,,semanal,B,normal,2009-12-01,2010-12-08,105,1,3.58,0.28,27,14,1559.11,918,14.85,29.06,0.7561,0.064,4,f,t,733.42
72800F,4 IVORY DINNER CANDLES GOLD FLOCK,monitorar,82,mensal,B,indicio,2009-12-01,2010-11-21,51,18,7.10,2.54,35,28,1067.84,825,20.94,20.64,0.0792,0.346,8,f,t,733.42
72801C,4 ROSE PINK DINNER CANDLES,fora_do_escopo,,mensal,C,normal,2009-12-11,2010-12-02,40,7,9.13,0.77,57,28,423.44,598,10.59,8.12,0.4645,0.238,8,f,f,733.42
72801D,4 SKY BLUE DINNER CANDLES,fora_do_escopo,,mensal,C,normal,2009-12-04,2010-12-02,46,7,8.07,0.87,38,28,419.49,519,9.12,7.91,0.4199,0.240,8,f,f,733.42
72801E,S/4 FESTIVE GREEN DINNER CANDLES,fora_do_escopo,,mensal,C,ruptura,2009-12-01,2010-09-02,25,98,11.46,8.55,45,28,422.32,776,16.89,10.32,0.0002,0.573,80,f,f,733.42
72801F,S/4 FESTIVE RED DINNER CANDLES,fora_do_escopo,,semanal,C,ruptura,2009-12-01,2010-01-28,15,315,4.14,76.03,22,14,292.50,234,19.50,32.95,0.0000,0.132,4,f,f,733.42
72801G,4 BURGUNDY WINE DINNER CANDLES,fora_do_escopo,,mensal,B,normal,2009-12-01,2010-12-06,51,3,7.40,0.41,110,28,766.26,1290,15.02,14.21,0.6667,0.316,80,f,t,733.42
72802A,ROSE SCENT CANDLE IN JEWELLED BOX,fora_do_escopo,,semanal,A,normal,2009-12-02,2010-12-08,100,1,3.75,0.27,21,14,2608.68,624,26.09,48.73,0.7658,0.070,1,f,t,733.42
72802B,OCEAN SCENT CANDLE IN JEWELLED BOX,fora_do_escopo,,semanal,B,normal,2009-12-01,2010-12-09,106,0,3.55,0.00,22,14,2401.46,562,22.66,44.64,1.0000,0.082,41,f,t,733.42
72802C,VANILLA SCENT CANDLE JEWELLED BOX,fora_do_escopo,,semanal,A,normal,2009-12-01,2010-12-09,121,0,3.11,0.00,14,14,3559.00,832,29.41,66.24,1.0000,0.077,41,f,t,733.42
72803A,ROSE SCENT CANDLE JEWELLED DRAWER,fora_do_escopo,,semanal,B,normal,2009-12-02,2010-12-03,54,6,6.91,0.87,39,14,860.78,202,15.94,16.16,0.4194,0.244,17,f,t,733.42
72803B,OCEAN SCENT CANDLE JEWELLED DRAWER,fora_do_escopo,,mensal,C,normal,2009-12-03,2010-12-03,34,6,11.06,0.54,53,28,424.85,95,12.50,7.91,0.5813,0.150,99,f,f,733.42
72805,VANILLA CANDLE IN EMBOSSED ZINC POT,fora_do_escopo,,ocasional,C,ruptura,2009-12-06,2010-02-07,3,305,31.50,9.68,53,,16.90,10,5.63,1.25,0.0001,0.500,4,f,f,733.42
72807A,SET/3 ROSE CANDLE IN JEWELLED BOX,fora_do_escopo,,semanal,A,normal,2009-12-01,2010-12-09,89,0,4.24,0.00,22,14,2635.27,579,29.61,48.90,1.0000,0.149,17,f,t,733.42
72807B,SET/3 OCEAN SCENT CANDLE JEWEL BOX,fora_do_escopo,,semanal,A,normal,2009-12-01,2010-12-09,99,0,3.81,0.00,24,14,3160.10,718,31.92,58.71,1.0000,0.116,326,f,t,733.42
72807C,SET/3 VANILLA SCENTED CANDLE IN BOX,fora_do_escopo,,semanal,A,normal,2009-12-01,2010-12-09,143,0,2.63,0.00,21,14,5992.97,1353,41.91,111.68,1.0000,0.183,326,f,t,733.42
72811,SMALL ZINC/GLASS CANDLEHOLDER,fora_do_escopo,,ocasional,C,normal,2009-12-02,2010-11-16,14,23,26.85,0.86,72,,261.52,392,18.68,4.87,0.4245,0.209,8,f,f,733.42
72812,LARGE ZINC GLASS CANDLEHOLDER,fora_do_escopo,,mensal,C,ruptura,2009-12-11,2010-10-07,19,63,16.67,3.78,52,28,172.40,71,9.07,3.81,0.0228,0.146,4,f,f,733.42
72814,SET OF 3 CHRISTMAS BRIAR CANDLES,fora_do_escopo,,mensal,B,atraso,2009-12-01,2010-11-22,39,17,9.37,1.81,117,28,979.17,269,25.11,18.76,0.1629,0.145,15,t,t,733.42
72815,3 WICK CHRISTMAS BRIAR CANDLE,fora_do_escopo,,mensal,B,normal,2009-12-01,2010-12-09,47,0,8.11,0.00,215,28,1075.86,280,22.89,19.76,1.0000,0.084,0,t,t,733.42
72816,SET/3 CHRISTMAS DECOUPAGE CANDLES,fora_do_escopo,,semanal,B,normal,2009-12-01,2010-12-09,55,0,6.91,0.00,232,14,819.77,563,14.90,15.10,1.0000,0.062,1,t,t,733.42
72817,SET OF 2 CHRISTMAS DECOUPAGE CANDLE,fora_do_escopo,,mensal,C,normal,2009-12-02,2010-12-09,38,0,10.05,0.00,214,28,496.83,378,13.07,9.10,1.0000,0.051,10,t,f,733.42
72818,CHRISTMAS DECOUPAGE CANDLE,fora_do_escopo,,mensal,C,normal,2009-12-02,2010-12-06,43,3,8.79,0.34,242,28,523.12,620,12.17,9.69,0.7107,0.156,10,t,f,733.42
72819,CUPID DESIGN SCENTED CANDLES,fora_do_escopo,,mensal,C,normal,2009-12-04,2010-12-09,47,0,8.04,0.00,33,28,710.76,485,15.12,13.16,1.0000,0.144,8,f,f,733.42
72821,CUPID SCENTED CANDLE IN GLASS,fora_do_escopo,,ocasional,C,normal,2010-01-31,2010-11-29,10,10,33.56,0.30,216,,82.50,50,8.25,1.72,0.7423,0.240,312,f,f,733.42
75011,BLUE DAISY MOBILE,fora_do_escopo,,ocasional,C,normal,2009-12-11,2010-11-09,3,30,166.50,0.18,187,,33.75,9,11.25,0.47,0.8351,0.444,0,f,f,733.42
75013B,"STRING OF 8 BUTTERFLIES,PINK",fora_do_escopo,,semanal,C,normal,2009-12-01,2010-12-06,65,3,5.78,0.52,58,14,636.62,370,9.79,11.86,0.5952,0.228,1,f,f,733.42
75049L,LARGE CIRCULAR MIRROR MOBILE,fora_do_escopo,,semanal,A,atraso,2009-12-02,2010-12-03,93,6,3.98,1.51,139,14,6358.33,6879,68.37,120.30,0.2213,0.116,85,f,t,733.42
75131,METAL TUBE CHIME ON BAMBOO,fora_do_escopo,,mensal,B,normal,2009-12-11,2010-12-09,49,0,7.56,0.00,25,28,1020.56,730,20.83,19.28,1.0000,0.441,74,f,t,733.42
75149N,STRING CRYSTALS NATURAL,fora_do_escopo,,mensal,C,ruptura,2009-12-04,2010-05-04,22,219,7.19,30.46,20,28,340.00,272,15.45,15.05,0.0000,0.221,3,f,f,733.42
75172,PAINTED SEA SHELL METAL WINDCHIME,fora_do_escopo,,ocasional,C,atraso,2010-06-23,2010-10-06,3,64,52.50,1.22,66,,15.00,4,5.00,0.67,0.2955,0.500,46,f,f,733.42
75178,ASSTD COL BUTTERFLY/CRYSTAL W/CHIME,fora_do_escopo,,ocasional,C,normal,2010-02-18,2010-11-28,12,11,25.73,0.43,67,,57.56,40,4.80,1.31,0.6521,0.261,137,f,f,733.42
77079,DOLPHIN WINDMILL,fora_do_escopo,,mensal,C,ruptura,2010-03-03,2010-07-12,11,150,13.10,11.45,36,28,133.56,63,12.14,6.49,0.0000,0.317,178,f,f,733.42
77081,FLOWER WINDMILL,fora_do_escopo,,mensal,C,ruptura,2009-12-01,2010-08-31,29,100,9.75,10.26,46,28,308.38,242,10.63,7.63,0.0000,0.247,197,f,f,733.42
77101A,UNION FLAG WINDSOCK,fora_do_escopo,,semanal,B,normal,2009-12-06,2010-12-05,61,4,6.07,0.66,33,14,835.28,700,13.69,15.80,0.5172,0.201,2,f,t,733.42
78026,SEAGRASS S/3 SQU LAUNDRY BOX,fora_do_escopo,,ocasional,C,normal,2010-01-17,2010-09-03,2,97,229.00,0.42,229,,139.95,12,69.98,2.14,0.6547,0.786,4,f,f,733.42
78027,SEAGRASS S/2 CORNER LAUNDRY,fora_do_escopo,,ocasional,C,atraso,2010-01-31,2010-09-03,5,97,53.75,1.80,82,,100.15,6,20.03,2.61,0.1645,0.200,4,f,f,733.42
78033,FLAG OF ST GEORGE CHAIR,fora_do_escopo,,ocasional,C,ruptura,2010-01-27,2010-08-12,7,119,32.83,3.62,49,,185.30,38,26.47,5.64,0.0267,0.275,155,f,f,733.42
78034B,BLUE NETTING STORAGE HANGER,fora_do_escopo,,ocasional,C,normal,2010-06-16,2010-12-05,4,4,57.33,0.07,119,,15.60,8,3.90,0.48,0.9326,0.375,4,f,f,733.42
78056,CAMOUFLAGE BACKPACK ON WHEELS,fora_do_escopo,,semanal,C,ruptura,2009-12-02,2009-12-08,2,366,6.00,61.00,6,14,29.85,3,14.93,17.41,0.0000,0.667,2,f,f,733.42
78124,MAGAZINE RACK GEBRA ASSORTED,fora_do_escopo,,ocasional,B,normal,2009-12-03,2010-12-08,13,1,30.83,0.03,106,,729.61,538,56.12,12.74,0.9681,0.493,80,f,f,733.42
79000,MOROCCAN TEA GLASS,fora_do_escopo,,diario,A,normal,2009-12-01,2010-12-09,193,0,1.94,0.00,12,7,6623.58,8096,34.32,123.66,1.0000,0.085,35,f,t,733.42
79026B,"S/4 ICON COASTER,ELVIS LIVES",fora_do_escopo,,mensal,C,indicio,2009-12-01,2010-11-03,23,36,15.32,2.35,85,28,79.89,45,3.47,1.59,0.0954,0.125,0,f,f,733.42
79029,GLASS HONEYPOT WASP CATCHER,provavel_descontinuacao,18,diario,A,ruptura,2009-12-01,2010-08-09,149,122,1.70,71.94,18,7,5501.12,2958,36.92,152.39,0.0000,0.194,59,f,t,733.42
79030A,"TUMBLER, ENGLISH ROSE",fora_do_escopo,,mensal,C,ruptura,2009-12-01,2010-07-29,26,133,9.60,13.85,170,28,438.25,171,16.86,12.29,0.0000,0.090,17,f,f,733.42
79030D,TUMBLER BAROQUE,fora_do_escopo,,ocasional,C,normal,2009-12-08,2010-12-06,16,3,24.20,0.12,61,,384.03,435,24.00,6.94,0.8834,0.562,0,f,f,733.42
79030G,"TUMBLER, NEW ENGLAND",fora_do_escopo,,mensal,B,normal,2009-12-02,2010-12-06,49,3,7.69,0.39,35,28,755.38,357,15.42,14.04,0.6769,0.118,17,f,t,733.42
79051A,SMOKEY GREY COLOUR D.O.F. GLASS,fora_do_escopo,,ocasional,C,normal,2009-12-02,2010-12-06,15,3,26.36,0.11,69,,102.03,124,6.80,1.81,0.8924,0.306,24,f,f,733.42
79066K,RETRO MOD TRAY,fora_do_escopo,,semanal,C,normal,2009-12-07,2010-12-09,93,0,3.99,0.00,23,14,577.58,661,6.21,10.90,1.0000,0.212,0,f,f,733.42
79067,CORONA MEXICAN TRAY,fora_do_escopo,,diario,A,normal,2009-12-01,2010-12-09,201,0,1.87,0.00,13,7,5874.14,1490,29.22,109.69,1.0000,0.096,0,f,t,733.42
79071B,ENGLISH ROSE METAL WASTE BIN,fora_do_escopo,,semanal,C,atraso,2010-02-01,2010-11-28,51,11,6.00,1.83,31,14,410.10,134,8.04,9.38,0.1599,0.173,175,f,f,733.42
79072,TEATIME CAKE TIN WITH HANDLE,provavel_descontinuacao,12,semanal,A,ruptura,2009-12-01,2010-03-29,55,255,2.19,116.69,16,14,3093.15,285,56.24,180.16,0.0000,0.116,0,f,t,733.42
79140,ASS WINDPROOF MARIJUANA LIGHTERS,fora_do_escopo,,ocasional,C,atraso,2010-02-01,2010-06-01,2,191,120.00,1.59,120,,6.30,15,3.15,0.18,0.2036,0.800,14,f,f,733.42
79144B,PAINTED LIGHTBULB STAR+ MOON,fora_do_escopo,,mensal,C,normal,2009-12-04,2010-12-09,35,0,10.88,0.00,53,28,83.26,179,2.38,1.53,1.0000,0.107,10,f,f,733.42
79144C,PAINTED LIGHTBULB RAINBOW DESIGN,fora_do_escopo,,mensal,C,normal,2009-12-14,2010-12-09,44,0,8.37,0.00,51,28,86.64,160,1.97,1.65,1.0000,0.102,10,f,f,733.42
79149B,SILICON STAR BULB  BLUE,fora_do_escopo,,ocasional,C,normal,2009-12-04,2010-12-05,5,4,91.50,0.04,158,,5.88,14,1.18,0.09,0.9572,0.286,147,f,f,733.42
79160,HEART SHAPE WIRELESS DOORBELL,fora_do_escopo,,semanal,B,normal,2009-12-01,2010-12-09,111,0,3.39,0.00,21,14,1217.14,519,10.97,22.64,1.0000,0.185,0,f,t,733.42
79161A,ST GEORGE SET OF 10 PARTY LIGHTS,fora_do_escopo,,ocasional,C,normal,2010-03-10,2010-11-26,13,13,21.75,0.60,95,,144.55,49,11.12,3.58,0.5501,0.204,3,f,f,733.42
79163,BLACK CHAMPAGNE GLASS,fora_do_escopo,,mensal,C,normal,2009-12-02,2010-12-02,28,7,13.52,0.52,60,28,634.08,316,22.65,11.73,0.5958,0.094,15,f,f,733.42
79164,BLACK WINE GLASS,fora_do_escopo,,semanal,B,normal,2009-12-01,2010-12-08,64,1,5.90,0.17,36,14,2547.89,2017,39.81,47.20,0.8442,0.309,0,f,t,733.42
79172D,PURPLE TINT ACRYLIC FLOWER VASE,fora_do_escopo,,ocasional,C,normal,2010-03-08,2010-10-31,4,39,79.00,0.49,97,,20.40,24,5.10,0.45,0.6104,0.500,136,f,f,733.42
79190A,RETRO PLASTIC 70'S TRAY,fora_do_escopo,,semanal,C,normal,2009-12-03,2010-12-09,57,0,6.63,0.00,19,14,193.31,424,3.39,3.58,1.0000,0.424,0,f,f,733.42
79190B,RETRO PLASTIC POLKA TRAY,fora_do_escopo,,semanal,C,normal,2009-12-02,2010-12-09,72,0,5.24,0.00,15,14,323.57,796,4.49,6.00,1.0000,0.297,8,f,f,733.42
79190D,RETRO PLASTIC DAISY TRAY,fora_do_escopo,,semanal,C,normal,2009-12-03,2010-12-09,64,0,5.89,0.00,23,14,176.32,392,2.76,3.27,1.0000,0.500,0,f,f,733.42
79191B,RETRO PLASTIC POLKA TRAY,fora_do_escopo,,mensal,C,normal,2009-12-04,2010-12-05,39,4,9.63,0.42,40,28,264.98,326,6.79,4.94,0.6601,0.342,8,f,f,733.42
79191C,RETRO PLASTIC ELEPHANT TRAY,fora_do_escopo,,semanal,C,normal,2009-12-02,2010-12-05,73,4,5.11,0.78,25,14,485.48,519,6.65,9.11,0.4572,0.063,0,f,f,733.42
79191D,RETRO PLASTIC DAISY TRAY,fora_do_escopo,,mensal,C,atraso,2009-12-02,2010-11-28,36,11,10.31,1.07,27,28,106.26,103,2.95,2.00,0.3442,0.096,23,f,f,733.42
79192A,RETRO PLASTIC 70'S TRAY,fora_do_escopo,,mensal,C,normal,2009-12-02,2010-11-28,31,11,12.03,0.91,55,28,148.89,111,4.80,2.79,0.4009,0.285,23,f,f,733.42
79302M,"ART LIGHTS,FUNK MONKEY",fora_do_escopo,,mensal,B,normal,2009-12-01,2010-12-06,48,3,7.87,0.38,41,28,846.83,288,17.64,15.69,0.6831,0.181,225,f,t,733.42
79303B,BLUE STAR BLOCK TABLE LAMP,fora_do_escopo,,ocasional,C,ruptura,2009-12-02,2010-08-09,10,122,27.78,4.39,88,,339.57,109,33.96,8.56,0.0124,0.782,0,f,f,733.42
79303D,LILAC FLOWER BLOCK TABLE LAMP,fora_do_escopo,,mensal,C,ruptura,2009-12-01,2010-08-09,16,122,16.73,7.29,123,28,272.45,78,17.03,7.12,0.0007,0.411,0,f,f,733.42
79308B,MOSAIC CANDLE DISH BLUE PURPLE,fora_do_escopo,,ocasional,C,ruptura,2010-06-02,2010-06-29,2,163,27.00,6.04,27,,122.40,144,61.20,15.87,0.0024,1.000,8,f,f,733.42
79315W,FLYING SAUCER TABLE LIGHT IN WHITE,fora_do_escopo,,ocasional,C,ruptura,2009-12-03,2010-08-09,11,122,24.90,4.90,58,,611.51,199,55.59,15.63,0.0074,0.671,0,f,f,733.42
79320,FLAMINGO LIGHTS,provavel_descontinuacao,32,semanal,A,ruptura,2009-12-02,2010-09-22,105,78,2.83,27.59,14,14,4357.38,904,41.50,102.76,0.0000,0.189,0,f,t,733.42
79321,CHILLI LIGHTS,fora_do_escopo,,diario,A,normal,2009-12-01,2010-12-09,196,0,1.91,0.00,22,7,31372.15,6534,160.06,585.75,1.0000,0.064,66,f,t,733.42
79323B,BLACK CHERRY LIGHTS,provavel_descontinuacao,87,semanal,B,ruptura,2009-12-01,2010-06-08,42,184,4.61,39.92,51,14,1518.45,235,36.15,54.90,0.0000,0.215,2,f,t,733.42
79323G,GOLD  CHERRY LIGHTS,provavel_descontinuacao,36,semanal,B,ruptura,2009-12-01,2010-04-19,44,234,3.23,72.39,21,14,2007.88,314,45.63,98.82,0.0000,0.130,0,f,t,733.42
79323GR,GREEN CHERRY LIGHTS,provavel_descontinuacao,17,semanal,A,ruptura,2009-12-01,2010-04-20,56,233,2.55,91.54,13,14,3209.36,532,57.31,157.60,0.0000,0.163,6,f,t,733.42
79323LP,LIGHT PINK CHERRY LIGHTS,monitorar,7,semanal,A,ruptura,2009-12-01,2010-10-25,83,45,4.00,11.25,120,14,8481.19,1433,102.18,178.82,0.0000,0.154,6,f,t,733.42
79323P,PINK CHERRY LIGHTS,provavel_descontinuacao,6,semanal,A,ruptura,2009-12-01,2010-09-16,94,84,3.11,27.03,149,14,13760.93,2277,146.39,329.76,0.0000,0.086,6,f,t,733.42
79323S,SILVER CHERRY LIGHTS,provavel_descontinuacao,98,mensal,B,ruptura,2009-12-01,2010-09-16,36,84,8.26,10.17,150,28,2084.32,334,57.90,49.08,0.0000,0.377,326,f,t,733.42
79323W,WHITE CHERRY LIGHTS,provavel_descontinuacao,3,semanal,A,ruptura,2009-12-01,2010-09-16,106,84,2.75,30.52,75,14,18048.72,3004,170.27,433.04,0.0000,0.072,6,f,t,733.42
79328,BLUE FLOCK GLASS CANDLEHOLDER,fora_do_escopo,,mensal,C,ruptura,2009-12-01,2010-07-26,17,136,14.81,9.18,106,28,260.76,594,15.34,7.25,0.0001,0.350,8,f,f,733.42
79329,PINK FLOCK GLASS CANDLEHOLDER,fora_do_escopo,,ocasional,C,normal,2009-12-02,2010-10-15,5,55,79.25,0.69,204,,53.76,88,10.75,0.95,0.4996,0.509,0,f,f,733.42
79331,PINK FLOCK GLASS CANDLEHOLDER,fora_do_escopo,,ocasional,C,normal,2010-02-10,2010-11-10,6,29,54.60,0.53,111,,56.10,34,9.35,1.20,0.5879,0.353,29,f,f,733.42
79336,LIGHT PINK FLOCK GLASS CANDLEHOLDER,fora_do_escopo,,mensal,C,ruptura,2009-12-02,2010-10-04,17,66,19.13,3.45,68,28,356.10,804,20.95,7.67,0.0317,0.615,8,f,f,733.42
79337,BLUE FLOCK GLASS CANDLEHOLDER,fora_do_escopo,,ocasional,C,normal,2010-01-04,2010-12-03,12,6,30.27,0.20,98,,251.97,556,21.00,4.86,0.8202,0.507,112,f,f,733.42
79338,DARK PINK FLOCK GLASS CANDLEHOLDER,fora_do_escopo,,mensal,C,ruptura,2009-12-03,2010-03-02,13,282,7.42,38.02,23,28,252.29,553,19.41,18.32,0.0000,0.506,8,f,f,733.42
79341,WILLOW BRANCH LIGHTS.,provavel_descontinuacao,9,semanal,A,ruptura,2009-12-01,2010-04-20,51,233,2.80,83.21,16,14,4423.69,725,86.74,216.85,0.0000,0.355,260,f,t,733.42
79342B,BROWN FLOWER LIGHTS,provavel_descontinuacao,109,semanal,B,ruptura,2009-12-01,2010-04-06,30,247,4.34,56.85,23,14,838.52,120,27.95,45.03,0.0000,0.234,6,f,t,733.42
79403,FROSTED WHITE BASE,fora_do_escopo,,mensal,C,normal,2009-12-18,2010-12-08,19,1,19.72,0.05,78,28,115.16,122,6.06,2.15,0.9506,0.177,17,f,f,733.42
79406,FROSTED WHITE BASE,fora_do_escopo,,ocasional,C,normal,2009-12-04,2010-11-24,13,15,29.58,0.51,79,,31.50,115,2.42,0.57,0.6023,0.168,15,f,f,733.42
79413,GLASS WINE GLASS DECORATIONS,fora_do_escopo,,ocasional,C,ruptura,2009-12-04,2010-05-04,6,219,30.20,7.25,68,,37.50,30,6.25,1.45,0.0007,0.400,8,f,f,733.42
79532,MOSAIC GLASS BALL CANDLEHOLDER,fora_do_escopo,,mensal,C,ruptura,2010-06-07,2010-10-05,17,65,7.50,8.67,32,28,121.25,97,7.13,6.66,0.0002,0.247,31,f,f,733.42
79534,MULTICOLOUR GLASS PLATE,fora_do_escopo,,ocasional,C,ruptura,2009-12-02,2010-10-05,16,65,20.47,3.18,50,,63.80,116,3.99,1.36,0.0418,0.155,11,f,f,733.42
81950B,FLOWER BLUE CLOCK W/SUCKER,fora_do_escopo,,mensal,C,normal,2009-12-03,2010-11-28,25,11,15.00,0.73,34,28,93.10,100,3.72,1.74,0.4803,0.091,2,f,f,733.42
81950V,FLOWER PURPLE CLOCK W/SUCKER,fora_do_escopo,,ocasional,C,normal,2009-12-03,2010-10-10,4,60,103.67,0.58,154,,10.20,12,2.55,0.17,0.5606,0.583,102,f,f,733.42
81952B,ROUND BLUE CLOCK W/SUCKER,fora_do_escopo,,ocasional,C,ruptura,2010-01-11,2010-08-24,11,107,22.50,4.76,52,,46.56,54,4.23,1.32,0.0086,0.365,2,f,f,733.42
81952V,ROUND PURPLE CLOCK WITH SUCKER,fora_do_escopo,,mensal,C,atraso,2009-12-02,2010-11-19,22,20,16.76,1.19,57,28,90.52,99,4.11,1.72,0.3033,0.376,2,f,f,733.42
81953B,ROUND BLUE CLOCK WITH SUCKER,fora_do_escopo,,ocasional,C,atraso,2010-05-09,2010-09-13,3,87,63.50,1.37,92,,2.55,3,0.85,0.09,0.2541,0.333,28,f,f,733.42
81953P,ROUND ARTICULATED PINK CLOCK W/SUCK,fora_do_escopo,,ocasional,C,normal,2010-02-24,2010-09-13,3,87,100.50,0.87,127,,4.25,5,1.42,0.10,0.4208,0.600,28,f,f,733.42
81985A,"ICON ALARM CLOCK,FUSCHIA  PIN UP",fora_do_escopo,,ocasional,C,indicio,2009-12-07,2010-08-22,7,109,43.00,2.53,88,,58.65,23,8.38,1.36,0.0793,0.261,304,f,f,733.42
82001S,VINYL RECORD FRAME SILVER,fora_do_escopo,,semanal,A,normal,2009-12-01,2010-12-09,87,0,4.34,0.00,28,14,4919.52,1377,56.55,91.26,1.0000,0.147,115,f,t,733.42
82011A,"BATHROOM SCALES, TROPICAL BEACH",fora_do_escopo,,mensal,C,ruptura,2010-02-03,2010-10-22,21,48,13.05,3.68,35,28,179.08,41,8.53,4.57,0.0253,0.042,9,f,f,733.42
82011B,BATHROOM SCALES RUBBER DUCKS,fora_do_escopo,,mensal,C,normal,2009-12-02,2010-12-05,27,4,14.15,0.28,45,28,205.70,51,7.62,3.77,0.7538,0.143,55,f,f,733.42
82011C,BATHROOM SCALES FOOTPRINTS IN SAND,fora_do_escopo,,mensal,C,normal,2009-12-07,2010-12-08,47,1,7.96,0.13,43,28,430.63,82,9.16,8.06,0.8819,0.069,0,f,f,733.42
82069,BEECH WOOD P/FRAME,fora_do_escopo,,ocasional,C,atraso,2009-12-16,2010-10-18,11,52,30.60,1.70,118,,109.85,17,9.99,2.28,0.1828,0.264,43,f,f,733.42
82072,WHITE WOOD SINGLE P/FRAME,fora_do_escopo,,ocasional,C,atraso,2010-02-07,2010-08-27,3,104,100.50,1.03,168,,6.25,5,2.08,0.15,0.3553,0.400,21,f,f,733.42
82076,BEECH WOOD PHOTO FRAME,fora_do_escopo,,semanal,C,ruptura,2009-12-01,2010-01-27,15,316,4.07,77.61,17,14,403.64,290,26.91,46.27,0.0000,0.390,8,f,f,733.42
82081,PINK HEARTS PHOTO ALBUM,fora_do_escopo,,semanal,C,ruptura,2009-12-01,2010-02-24,19,288,4.72,60.99,19,14,451.35,174,23.76,35.21,0.0000,0.151,8,f,f,733.42
82093,HEART SHAPE BUTTON FRAME,fora_do_escopo,,semanal,C,ruptura,2009-12-01,2010-01-22,17,321,3.25,98.77,22,14,283.49,139,16.68,35.92,0.0000,0.106,15,f,f,733.42
82095,HEART BUTTONS JEWELLERY BOX,fora_do_escopo,,ocasional,C,normal,2009-12-09,2010-11-26,18,13,20.71,0.63,73,,260.10,34,14.45,4.89,0.5337,0.118,11,f,f,733.42
82482,WOODEN PICTURE FRAME WHITE FINISH,fora_do_escopo,,diario,A,normal,2009-12-01,2010-12-09,233,0,1.61,0.00,71,7,19433.32,8192,83.40,363.14,1.0000,0.096,14,f,t,733.42
82483,WOOD 2 DRAWER CABINET WHITE FINISH,fora_do_escopo,,diario,A,normal,2009-12-01,2010-12-09,231,0,1.62,0.00,37,7,14973.82,2700,64.82,279.79,1.0000,0.162,7,f,t,733.42
82484,WOOD BLACK BOARD ANT WHITE FINISH,fora_do_escopo,,diario,A,normal,2010-04-11,2010-12-09,186,0,1.31,0.00,4,7,26811.80,5034,144.15,771.38,1.0000,0.483,0,f,t,733.42
82486,WOOD S/3 CABINET ANT WHITE FINISH,fora_do_escopo,,diario,A,normal,2009-12-01,2010-12-09,258,0,1.45,0.00,14,7,20915.28,2749,81.07,390.99,1.0000,0.167,7,f,t,733.42
82494L,WOODEN FRAME ANTIQUE WHITE,fora_do_escopo,,diario,A,normal,2009-12-01,2010-12-09,280,0,1.34,0.00,25,7,26490.06,9056,94.61,495.36,1.0000,0.087,7,f,t,733.42
82545A,COGNAC AUX OEUFS METAL 1 HOOK,fora_do_escopo,,ocasional,C,atraso,2010-01-14,2010-10-21,11,49,28.00,1.75,71,,38.75,31,3.52,0.88,0.1738,0.194,0,f,f,733.42
82551,LAUNDRY 15C METAL SIGN,fora_do_escopo,,diario,A,normal,2009-12-01,2010-12-09,219,0,1.71,0.00,23,7,3620.96,2772,16.53,67.64,1.0000,0.056,7,f,t,733.42
82552,WASHROOM METAL SIGN,fora_do_escopo,,diario,A,normal,2009-12-02,2010-12-09,207,0,1.81,0.00,37,7,4978.94,4030,24.05,93.24,1.0000,0.184,6,f,t,733.42
82553,POP'S GREASY SPOON METAL SIGN,fora_do_escopo,,semanal,C,ruptura,2009-12-01,2010-02-18,26,294,3.16,93.04,19,14,237.73,114,9.14,20.25,0.0000,0.167,2,f,f,733.42
82567,"AIRLINE LOUNGE,METAL SIGN",fora_do_escopo,,semanal,B,normal,2009-12-01,2010-12-09,143,0,2.63,0.00,25,14,1147.66,518,8.03,21.39,1.0000,0.082,3,f,t,733.42
82578,KITCHEN METAL SIGN,fora_do_escopo,,diario,B,normal,2009-12-01,2010-12-09,221,0,1.70,0.00,12,7,1941.44,3585,8.78,36.27,1.0000,0.100,6,f,t,733.42
82580,BATHROOM METAL SIGN,fora_do_escopo,,diario,A,normal,2009-12-01,2010-12-09,282,0,1.33,0.00,12,7,4084.05,7517,14.48,76.37,1.0000,0.077,8,f,t,733.42
82581,TOILET METAL SIGN,fora_do_escopo,,diario,B,normal,2009-12-01,2010-12-09,245,0,1.53,0.00,14,7,2556.16,4624,10.43,47.78,1.0000,0.054,0,f,t,733.42
82582,AREA PATROLLED METAL SIGN,fora_do_escopo,,diario,A,normal,2009-12-01,2010-12-09,192,0,1.95,0.00,52,7,6598.78,3270,34.37,123.19,1.0000,0.113,10,f,t,733.42
82583,HOT BATHS METAL SIGN,fora_do_escopo,,diario,A,normal,2009-12-01,2010-12-09,244,0,1.53,0.00,41,7,11449.75,5784,46.93,213.99,1.0000,0.085,7,f,t,733.42
82585,SWEET VALENCIA CANDLE+CUP,fora_do_escopo,,semanal,C,ruptura,2009-12-02,2010-03-02,33,282,2.81,100.27,20,14,237.15,165,7.19,17.89,0.0000,0.215,8,f,f,733.42
82587,TEXRIO TOMATOES CANDLE+CUP,fora_do_escopo,,semanal,C,ruptura,2009-12-06,2010-05-13,31,210,5.27,39.87,34,14,173.03,133,5.58,7.42,0.0000,0.147,10,f,f,733.42
82597,BOMBS AWAY METAL SIGN,ruptura_provavel,16,semanal,A,ruptura,2009-12-01,2010-11-01,152,38,2.22,17.13,15,14,2624.26,1236,17.26,54.47,0.0000,0.068,0,f,t,733.42
82599,FANNY'S REST STOPMETAL SIGN,fora_do_escopo,,diario,A,normal,2009-12-02,2010-12-09,208,0,1.80,0.00,14,7,4488.79,2077,21.58,84.06,1.0000,0.054,7,f,t,733.42
82600,NO SINGING METAL SIGN,fora_do_escopo,,diario,A,normal,2009-12-01,2010-12-09,269,0,1.39,0.00,12,7,13377.58,6894,49.73,250.12,1.0000,0.120,14,f,t,733.42
82605,OLD DOC RUSSEL METAL SIGN,fora_do_escopo,,semanal,C,indicio,2009-12-02,2010-11-30,102,9,3.59,2.50,15,14,569.87,256,5.59,10.88,0.0817,0.088,6,f,f,733.42
82607A,GLASS BONBON JAR PARFUME AUX FLEURE,ruptura_provavel,32,semanal,B,ruptura,2009-12-03,2010-10-12,104,58,3.04,19.09,24,14,932.47,670,8.97,20.65,0.0000,0.056,3,f,t,733.42
82607C,GLASS BONBON JAR. SUPERFINES,fora_do_escopo,,semanal,C,ruptura,2009-12-01,2010-03-09,29,275,3.50,78.57,26,14,175.61,115,6.06,12.11,0.0000,0.128,80,f,f,733.42
82607E,GLASS BONBON JAR. D'AMANDES,fora_do_escopo,,mensal,C,indicio,2009-12-03,2010-10-31,21,39,16.60,2.35,123,28,126.25,101,6.01,2.54,0.0954,0.178,2,f,f,733.42
82613A,"METAL SIGN,CUPCAKE SINGLE HOOK",fora_do_escopo,,semanal,C,atraso,2009-12-02,2010-11-29,72,10,5.10,1.96,36,14,630.11,463,8.75,12.02,0.1407,0.119,125,f,f,733.42
82613B,"METAL SIGN,CUPCAKE SINGLE HOOK",fora_do_escopo,,semanal,C,normal,2009-12-01,2010-12-09,102,0,3.69,0.00,23,14,529.25,331,5.19,9.83,1.0000,0.057,88,f,f,733.42
82613C,"METAL SIGN,CUPCAKE SINGLE HOOK",fora_do_escopo,,semanal,C,normal,2009-12-02,2010-12-09,83,0,4.54,0.00,28,14,409.26,246,4.93,7.61,1.0000,0.073,0,f,f,733.42
82613D,METAL SIGN CUPCAKE SINGLE HOOK,fora_do_escopo,,semanal,B,normal,2009-12-01,2010-12-09,125,0,3.01,0.00,17,14,773.97,501,6.19,14.41,1.0000,0.052,0,f,t,733.42
82615,PINK MARSHMALLOW SCARF KNITTING KIT,fora_do_escopo,,semanal,B,atraso,2009-12-02,2010-12-01,67,8,5.52,1.45,33,14,1606.92,583,23.98,30.44,0.2344,0.314,1,f,t,733.42
82616A,BUBBLE GUM SCARF KNITTING KIT,fora_do_escopo,,mensal,C,ruptura,2009-12-02,2010-10-27,44,43,7.65,5.62,48,28,624.21,316,14.19,12.98,0.0036,0.144,10,f,f,733.42
82616B,FRAPPUCINO SCARF KNITTING KIT,fora_do_escopo,,mensal,C,normal,2009-12-01,2010-12-09,48,0,7.94,0.00,64,28,494.58,270,10.30,9.09,1.0000,0.243,27,f,f,733.42
82616C,MIDNIGHT GLAMOUR SCARF KNITTING KIT,fora_do_escopo,,mensal,C,normal,2009-12-02,2010-12-09,50,0,7.59,0.00,50,28,544.50,316,10.89,10.04,1.0000,0.441,27,f,f,733.42
84006,MAGIC TREE -PAPER FLOWERS,fora_do_escopo,,semanal,B,normal,2009-12-01,2010-12-09,77,0,4.91,0.00,34,14,994.90,1045,12.92,18.43,1.0000,0.164,6,f,t,733.42
84007,MAGIC GARDEN MOUNT FUJI,fora_do_escopo,,mensal,C,normal,2009-12-01,2010-11-30,33,9,11.38,0.79,44,28,418.22,159,12.67,7.80,0.4533,0.146,304,f,f,733.42
84012,MAGIC SHEEP WOOL GROWING FROM PAPER,fora_do_escopo,,semanal,B,normal,2009-12-01,2010-12-09,55,0,6.91,0.00,42,14,1354.64,576,24.63,24.96,1.0000,0.171,0,f,t,733.42
84016,FLAG OF ST GEORGE CAR FLAG,provavel_descontinuacao,29,semanal,A,ruptura,2009-12-07,2010-07-26,43,136,5.50,24.73,44,14,3779.51,977,87.90,111.87,0.0000,0.028,18,f,t,733.42
84029C,BROWN FURRY HOT WATER BOTTLE,sazonal,8,diario,B,ruptura,2009-12-01,2010-01-05,20,338,1.84,183.49,12,7,773.97,205,38.70,147.05,0.0000,0.244,0,t,t,733.42
84029D,LEOPARD PRINT HOT WATER BOTTLE,fora_do_escopo,,semanal,C,ruptura,2009-12-07,2010-02-08,12,304,5.73,53.08,26,14,183.98,51,15.33,18.74,0.0000,0.385,0,t,f,733.42
84029E,RED WOOLLY HOTTIE WHITE HEART.,fora_do_escopo,,diario,A,normal,2009-12-01,2010-12-09,201,0,1.87,0.00,14,7,25592.40,7065,127.33,477.90,1.0000,0.168,1,f,t,733.42
84029G,KNITTED UNION FLAG HOT WATER BOTTLE,fora_do_escopo,,semanal,A,normal,2009-12-01,2010-12-09,186,0,2.02,0.00,16,14,15890.45,4020,85.43,296.61,1.0000,0.061,0,t,t,733.42
84030B,KNITTED POM POM HOT WATER BOTTLE,fora_do_escopo,,mensal,C,ruptura,2010-01-25,2010-03-05,4,279,13.00,21.46,21,28,27.21,6,6.80,3.66,0.0000,0.413,0,t,f,733.42
84030C,KNITTED RAINBOW HOT WATER BOTTLE,fora_do_escopo,,mensal,C,ruptura,2009-12-01,2010-03-05,7,279,15.67,17.81,59,28,330.78,53,47.25,21.11,0.0000,0.147,0,t,f,733.42
84030E,ENGLISH ROSE HOT WATER BOTTLE,fora_do_escopo,,semanal,A,normal,2009-12-03,2010-12-09,76,0,4.95,0.00,109,14,3341.97,766,43.97,62.23,1.0000,0.162,13,t,t,733.42
84031A,CHARLIE+LOLA RED HOT WATER BOTTLE,fora_do_escopo,,semanal,A,normal,2009-12-01,2010-12-09,93,0,4.05,0.00,44,14,2745.36,722,29.52,50.97,1.0000,0.087,0,t,t,733.42
84031B,CHARLIE LOLA BLUE HOT WATER BOTTLE,fora_do_escopo,,semanal,B,normal,2009-12-01,2010-12-08,86,1,4.38,0.23,93,14,1988.27,564,23.12,36.98,0.7957,0.121,0,t,t,733.42
84032A,CHARLIE+LOLA PINK HOT WATER BOTTLE,fora_do_escopo,,semanal,A,normal,2009-12-01,2010-12-09,152,0,2.47,0.00,30,14,6036.74,2422,39.72,112.54,1.0000,0.075,8,t,t,733.42
84032B,CHARLIE + LOLA RED HOT WATER BOTTLE,fora_do_escopo,,semanal,A,normal,2009-12-01,2010-12-09,153,0,2.45,0.00,23,14,5797.65,2491,37.89,108.09,1.0000,0.127,6,t,t,733.42
84033,FLAG OF ST GEORGE,fora_do_escopo,,mensal,C,indicio,2010-01-15,2010-11-16,36,23,8.71,2.64,133,28,699.08,370,19.42,15.60,0.0714,0.118,265,f,f,733.42
84050,PINK HEART SHAPE EGG FRYING PAN,fora_do_escopo,,diario,A,normal,2009-12-01,2010-12-09,218,0,1.72,0.00,12,7,10682.14,7295,49.00,199.55,1.0000,0.118,6,f,t,733.42
84051,ASS COLOUR GLOWING TIARAS,fora_do_escopo,,mensal,C,normal,2009-12-06,2010-12-05,30,4,12.55,0.32,70,28,404.67,479,13.49,7.52,0.7271,0.190,8,f,f,733.42
84077,WORLD WAR 2 GLIDERS ASSTD DESIGNS,fora_do_escopo,,diario,A,normal,2009-12-01,2010-12-09,242,0,1.55,0.00,15,7,11418.05,55091,47.18,213.39,1.0000,0.318,7,f,t,733.42
84078A,SET/4 WHITE RETRO STORAGE CUBES,fora_do_escopo,,semanal,A,atraso,2009-12-02,2010-12-06,129,3,2.88,1.04,25,14,27558.21,714,213.63,518.73,0.3532,0.238,143,f,t,733.42
84081,WHITE CERAMIC PARTY SET (5PCS),fora_do_escopo,,mensal,C,ruptura,2009-12-02,2010-07-14,17,148,14.00,10.57,73,28,389.30,100,22.90,11.45,0.0000,0.418,9,f,f,733.42
84086B,YELLOW/BLUE RETRO RADIO,fora_do_escopo,,ocasional,C,normal,2010-05-16,2010-11-10,5,29,44.50,0.65,107,,23.60,8,4.72,0.74,0.5212,0.375,1,f,f,733.42
84086C,PINK/PURPLE RETRO RADIO,fora_do_escopo,,mensal,C,normal,2009-12-09,2010-12-07,35,2,10.68,0.19,36,28,279.32,83,7.98,5.23,0.8292,0.127,0,f,f,733.42
84192,ASSORTED COLOUR METAL CAT,fora_do_escopo,,ocasional,C,normal,2010-02-08,2010-12-09,14,0,23.38,0.00,59,,151.10,130,10.79,3.23,1.0000,0.421,10,f,f,733.42
84199,GLOW IN DARK DOLPHINS,fora_do_escopo,,mensal,C,indicio,2009-12-01,2010-11-17,33,22,10.97,2.01,47,28,92.73,419,2.81,1.79,0.1346,0.116,10,f,f,733.42
84201B,HAPPY BIRTHDAY CARD STRIPEY TEDDY,fora_do_escopo,,ocasional,C,normal,2009-12-06,2010-10-20,6,50,63.60,0.79,159,,4.94,26,0.82,0.09,0.4556,0.231,60,f,f,733.42
84201C,HAPPY BIRTHDAY CARD TEDDY/CAKE,fora_do_escopo,,diario,C,ruptura,2010-08-23,2010-08-24,2,107,1.00,107.00,1,7,0.95,5,0.48,3.33,0.0000,0.800,108,f,f,733.42
84206A,3 BLACK CATS W HEARTS BLANK CARD,fora_do_escopo,,ocasional,C,normal,2009-12-06,2010-10-31,6,39,65.80,0.59,210,,10.45,55,1.74,0.19,0.5528,0.436,35,f,f,733.42
84206C,CHAMPAGNE TRAY BLANK CARD,fora_do_escopo,,ocasional,C,atraso,2009-12-06,2010-05-17,2,206,162.00,1.27,162,,0.38,2,0.19,0.01,0.2804,0.500,58,f,f,733.42
84212,"ASSORTED FLOWER COLOUR ""LEIS""",fora_do_escopo,,semanal,A,atraso,2009-12-06,2010-12-03,120,6,3.04,1.97,30,14,7031.17,14486,58.59,134.83,0.1391,0.201,30,f,t,733.42
84218,BOX/12 CHICK & EGG IN BASKET,fora_do_escopo,,semanal,C,ruptura,2010-01-31,2010-06-14,36,178,3.83,46.49,74,14,284.30,140,7.90,14.44,0.0000,0.082,7,f,f,733.42
84219,BOX/12 MOTHER & CHICK IN BASKET/BOW,fora_do_escopo,,semanal,C,ruptura,2010-01-31,2010-03-28,21,256,2.80,91.43,7,14,311.51,140,14.83,37.08,0.0000,0.250,6,f,f,733.42
84226,HEN HOUSE W FAMILY IN BARN & NEST,fora_do_escopo,,semanal,C,ruptura,2010-02-28,2010-04-09,8,244,5.71,42.70,13,14,22.10,26,2.76,3.38,0.0000,0.462,6,f,f,733.42
84227,HEN HOUSE W CHICK IN NEST,fora_do_escopo,,semanal,C,ruptura,2010-02-18,2010-04-09,10,244,5.56,43.92,12,14,46.62,111,4.66,5.87,0.0000,0.360,35,f,f,733.42
84228,HEN HOUSE W CHICK STANDING,fora_do_escopo,,ocasional,C,normal,2009-12-07,2010-12-09,18,0,21.59,0.00,229,,33.66,59,1.87,0.61,1.0000,0.299,31,f,f,733.42
84231,EASTER BUNNY WITH BASKET ON BACK,fora_do_escopo,,semanal,C,ruptura,2010-01-24,2010-03-31,21,253,3.30,76.67,9,14,93.58,122,4.46,9.45,0.0000,0.083,70,t,f,733.42
84247C,PACK/12 BLUE REINDEER CARD,fora_do_escopo,,mensal,C,normal,2009-12-01,2010-11-29,20,10,19.11,0.52,159,28,215.35,73,10.77,3.95,0.5925,0.329,0,t,f,733.42
84247E,PACK/12 XMAS FUN CARD,fora_do_escopo,,semanal,C,normal,2010-06-30,2010-12-08,38,1,4.35,0.23,56,14,700.61,243,18.44,29.66,0.7947,0.175,14,t,f,733.42
84247G,"DECOUPAGE,GREETING CARD,",fora_do_escopo,,semanal,C,normal,2009-12-03,2010-12-09,67,0,5.62,0.00,25,14,485.21,1154,7.24,9.02,1.0000,0.073,6,f,f,733.42
84247H,PACK/12 DECOUPAGE CARD,fora_do_escopo,,mensal,C,ruptura,2009-12-22,2010-06-17,20,175,9.32,18.79,39,28,109.13,42,5.46,4.10,0.0000,0.351,4,f,f,733.42
84247J,PACK/12 RUSSIAN DOLL CARDS,fora_do_escopo,,semanal,C,ruptura,2009-12-02,2009-12-18,8,356,2.29,155.75,5,14,12.78,10,1.60,4.89,0.0000,0.231,17,f,f,733.42
84247K,"FOLK ART GREETING CARD,pack/12",fora_do_escopo,,ocasional,C,normal,2009-12-02,2010-12-03,18,6,21.53,0.28,49,,171.53,54,9.53,3.10,0.7568,0.413,23,f,f,733.42
84247L,FAWN AND MUSHROOM GREETING CARD,fora_do_escopo,,semanal,C,normal,2009-12-03,2010-12-09,76,0,4.95,0.00,33,14,451.27,1045,5.94,8.40,1.0000,0.056,6,f,f,733.42
84247N,PACK/12 BLUE FOLKART CARDS,fora_do_escopo,,mensal,C,normal,2010-01-11,2010-12-08,34,1,10.03,0.10,30,28,238.48,93,7.01,4.90,0.9051,0.173,0,f,f,733.42
84249A,"GREETING CARD,SQUARE, DOUGHNUTS",fora_do_escopo,,ocasional,C,ruptura,2010-02-04,2010-06-10,7,182,21.00,8.67,62,,32.76,78,4.68,1.56,0.0002,0.308,57,f,f,733.42
84249D,FAIRY CAKE GREETINGS CARD,fora_do_escopo,,semanal,C,ruptura,2009-12-02,2010-08-23,52,108,5.18,20.86,33,14,352.34,835,6.78,9.16,0.0000,0.074,2,f,f,733.42
84250M,"GREETING CARD, BLACKPOOL ROCK",fora_do_escopo,,mensal,C,ruptura,2009-12-03,2010-07-15,13,147,18.67,7.88,43,28,15.90,28,1.22,0.46,0.0004,0.143,23,f,f,733.42
84251B,"GREETING CARD, STICKY GORDON",fora_do_escopo,,ocasional,C,normal,2010-03-08,2010-12-08,10,1,30.56,0.03,47,,15.76,76,1.58,0.36,0.9678,0.145,22,f,f,733.42
84251C,"GREETING CARD, TWO SISTERS.",fora_do_escopo,,ocasional,C,normal,2009-12-14,2010-11-25,13,14,28.83,0.49,73,,25.08,132,1.93,0.47,0.6154,0.091,0,f,f,733.42
84251F,"GREETING CARD, RITA",fora_do_escopo,,semanal,C,ruptura,2009-12-01,2010-09-20,47,80,6.37,12.56,28,14,83.97,341,1.79,1.96,0.0000,0.081,181,f,f,733.42
84251G,"GREETING CARD, OVERCROWDED POOL.",fora_do_escopo,,mensal,C,normal,2009-12-01,2010-12-08,36,1,10.63,0.09,44,28,53.90,204,1.50,0.99,0.9102,0.042,127,f,f,733.42
84251J,"GREETING CARD, THE BLACK CAT",fora_do_escopo,,mensal,C,ruptura,2009-12-01,2010-06-07,15,185,13.43,13.78,45,28,37.04,74,2.47,1.29,0.0000,0.272,16,f,f,733.42
84255A,PINK GLASS COCKTAIL LAMP,fora_do_escopo,,ocasional,C,ruptura,2009-12-13,2010-01-21,2,322,39.00,8.26,39,,4.20,2,2.10,0.38,0.0003,0.500,11,f,f,733.42
84255B,ORANGE COCKTAIL GLASS LAMP,fora_do_escopo,,semanal,C,ruptura,2009-12-03,2010-03-09,15,275,6.86,40.10,20,14,192.26,66,12.82,13.08,0.0000,0.262,7,f,f,733.42
84270,ASSTD DESIGN BUBBLE GUM RING,fora_do_escopo,,diario,A,atraso,2009-12-01,2010-12-06,215,3,1.73,1.74,15,7,4836.90,22996,22.50,91.08,0.1764,0.086,143,f,t,733.42
84279B,CHERRY BLOSSOM DECORATIVE FLASK,provavel_descontinuacao,57,semanal,B,ruptura,2009-12-01,2010-06-30,97,162,2.20,73.71,17,14,2302.22,616,23.73,75.59,0.0000,0.219,6,f,t,733.42
84279P,CHERRY BLOSSOM  DECORATIVE FLASK,fora_do_escopo,,semanal,A,normal,2009-12-06,2010-12-09,131,0,2.83,0.00,18,14,2963.59,777,22.62,55.94,1.0000,0.243,6,f,t,733.42
84288B,SET/2 BLUE  NOODLE BASKETS,fora_do_escopo,,mensal,C,ruptura,2009-12-01,2010-06-23,19,169,11.33,14.91,40,28,120.90,62,6.36,3.93,0.0000,0.290,17,f,f,733.42
84292,ROSE PINK METAL FOLDING CHAIR,fora_do_escopo,,mensal,C,ruptura,2009-12-03,2010-06-16,13,176,16.25,10.83,69,28,385.98,44,29.69,12.79,0.0000,0.206,14,f,f,733.42
84292B,BLUE COL METAL FOLDING CHAIR,fora_do_escopo,,ocasional,C,ruptura,2010-01-04,2010-04-29,5,224,28.75,7.79,41,,59.75,9,11.95,2.91,0.0004,0.335,2,f,f,733.42
84306,S/3 PINK SQUARE PLANTERS ROSES,fora_do_escopo,,mensal,C,ruptura,2009-12-03,2010-08-22,19,109,14.56,7.49,45,28,469.26,38,24.70,11.88,0.0006,0.140,16,f,f,733.42
84313A,PINK TV TRAY TABLE,fora_do_escopo,,mensal,C,ruptura,2009-12-15,2010-10-10,19,60,16.61,3.61,62,28,212.42,38,11.18,4.71,0.0270,0.180,0,f,f,733.42
84313B,BLUE TV TRAY TABLE,fora_do_escopo,,mensal,C,normal,2009-12-01,2010-12-08,44,1,8.65,0.12,44,28,679.39,102,15.44,12.49,0.8908,0.092,11,f,f,733.42
84313C,ORANGE TV TRAY TABLE,fora_do_escopo,,mensal,C,normal,2010-01-11,2010-11-28,30,11,11.07,0.99,56,28,276.48,44,9.22,5.83,0.3702,0.123,11,f,f,733.42
84327A,PINK JUMPER LARRY THE LAMB,provavel_descontinuacao,93,semanal,B,ruptura,2009-12-01,2010-08-05,87,126,2.87,43.87,16,14,1824.47,961,20.97,51.11,0.0000,0.311,143,f,t,733.42
84340,LARGE FIBRE OPTIC CHRISTMAS TREE,fora_do_escopo,,semanal,C,ruptura,2009-12-01,2009-12-22,11,352,2.10,167.62,5,14,65.76,21,5.98,19.93,0.0000,0.129,0,t,f,733.42
84341B,SMALL PINK MAGIC CHRISTMAS TREE,fora_do_escopo,,semanal,C,normal,2009-12-01,2010-12-09,62,0,6.11,0.00,99,14,671.94,1146,10.84,12.41,1.0000,0.137,3,t,f,733.42
84347,ROTATING SILVER ANGELS T-LIGHT HLDR,fora_do_escopo,,semanal,A,normal,2009-12-01,2010-12-09,124,0,3.03,0.00,57,14,47985.09,23049,386.98,893.26,1.0000,0.504,2,f,t,733.42
84352,SILVER CHRISTMAS TREE BAUBLE STAND,fora_do_escopo,,semanal,A,normal,2009-12-01,2010-12-07,68,2,5.54,0.36,135,14,3106.78,182,45.69,57.76,0.6968,0.096,9,t,t,733.42
84356,POMPOM CURTAIN,fora_do_escopo,,mensal,B,normal,2009-12-04,2010-12-09,49,0,7.71,0.00,41,28,1653.84,327,33.75,30.65,1.0000,0.216,30,f,t,733.42
84358,FLOOR LAMP SHADE WOOD BASE,fora_do_escopo,,ocasional,B,normal,2009-12-01,2010-12-05,17,4,23.06,0.17,73,,794.73,89,46.75,14.19,0.8408,0.586,142,f,t,733.42
84360,TABLE LAMP WHITE SHADE WOOD BASE,fora_do_escopo,,mensal,C,normal,2009-12-01,2010-12-09,21,0,18.65,0.00,66,28,702.07,139,33.43,12.55,1.0000,0.477,0,f,f,733.42
84366,VENDETTA CANVAS PICTURE,fora_do_escopo,,ocasional,C,ruptura,2010-02-02,2010-05-13,3,210,50.00,4.20,94,,11.25,3,3.75,0.53,0.0150,0.333,65,f,f,733.42
84367,LA STREGA CANVAS PICTURE,fora_do_escopo,,ocasional,C,ruptura,2009-12-09,2010-08-04,8,127,34.00,3.74,61,,126.30,74,15.79,3.25,0.0239,0.314,10,f,f,733.42
84371,BIG PINK POODLE,fora_do_escopo,,mensal,C,ruptura,2009-12-02,2010-01-25,5,318,13.50,23.56,39,28,257.10,30,51.42,26.66,0.0000,0.428,35,f,f,733.42
84375,SET OF 20 KIDS COOKIE CUTTERS,fora_do_escopo,,semanal,A,normal,2009-12-01,2010-12-09,157,0,2.39,0.00,39,14,7100.17,3588,45.22,132.40,1.0000,0.111,6,f,t,733.42
84378,SET OF 3 HEART COOKIE CUTTERS,fora_do_escopo,,diario,A,normal,2009-12-01,2010-12-09,239,0,1.57,0.00,12,7,7055.23,5434,29.52,131.85,1.0000,0.053,4,f,t,733.42
84380,SET OF 3 BUTTERFLY COOKIE CUTTERS,fora_do_escopo,,diario,A,normal,2009-12-01,2010-12-09,222,0,1.69,0.00,12,7,6176.72,4735,27.82,115.39,1.0000,0.074,7,f,t,733.42
84388,WISE MAN STAR SHAPE EGG PAN,fora_do_escopo,,ocasional,C,normal,2009-12-01,2010-12-07,15,2,26.50,0.08,165,,80.85,49,5.39,1.42,0.9273,0.245,14,f,f,733.42
84396,6 HOOK JEWELLERY STAND BLACK DRESS,provavel_descontinuacao,30,semanal,B,ruptura,2009-12-01,2010-02-24,34,288,2.58,111.81,21,14,1380.52,552,40.60,110.35,0.0000,0.376,8,f,t,733.42
84402D,PINK DRESS JEWELLERY STAND,fora_do_escopo,,mensal,C,ruptura,2009-12-01,2010-03-19,13,265,9.00,29.44,17,28,358.93,373,27.61,21.47,0.0000,0.502,8,f,f,733.42
84405A,S/3 PINK COL METAL BASKET W HANDLE,provavel_descontinuacao,148,mensal,B,ruptura,2009-12-02,2010-10-05,42,65,7.49,8.68,43,28,1042.16,129,24.81,23.20,0.0002,0.114,8,f,t,733.42
84406B,CREAM CUPID HEARTS COAT HANGER,fora_do_escopo,,diario,A,normal,2009-12-01,2010-12-09,251,0,1.49,0.00,15,7,16177.30,5370,64.45,302.39,1.0000,0.160,9,f,t,733.42
84414B,FUSCHIA/GREEN STRIPE WOOLLY BLANKET,fora_do_escopo,,mensal,C,ruptura,2009-12-10,2010-03-25,9,259,13.13,19.73,36,28,536.24,78,59.58,31.78,0.0000,0.488,8,f,f,733.42
84415A,PINK FLOCK SUEDE CUSHION COVER,fora_do_escopo,,ocasional,C,normal,2009-12-08,2010-09-27,4,73,97.67,0.75,226,,56.25,15,14.06,1.01,0.4736,0.133,10,f,f,733.42
84415B,BLUE FLOCK CUSHION COVER,fora_do_escopo,,ocasional,C,normal,2009-12-03,2010-12-08,5,1,92.50,0.01,167,,67.50,18,13.50,1.02,0.9892,0.111,0,f,f,733.42
84422,PINK/BLUE DISC/MIRROR STRING,fora_do_escopo,,mensal,C,normal,2009-12-20,2010-12-06,23,3,15.95,0.19,47,28,185.44,217,8.06,3.54,0.8286,0.252,8,f,f,733.42
84424A,FOUR PICTURE WHITE GLASS FRAME,fora_do_escopo,,mensal,C,ruptura,2010-06-09,2010-10-24,10,46,15.22,3.02,47,28,86.25,23,8.63,3.97,0.0487,0.261,72,f,f,733.42
84425A,WHITE GLASS TV TRIPLE FRAME,fora_do_escopo,,mensal,C,ruptura,2009-12-04,2010-05-13,9,210,20.00,10.50,67,28,76.60,18,8.51,2.98,0.0000,0.166,43,f,f,733.42
84427B,BLACK GLASS TV DOUBLE P/FRAME 15X10,fora_do_escopo,,ocasional,C,ruptura,2009-12-04,2010-03-07,5,277,23.25,11.91,42,,72.25,17,14.45,4.35,0.0000,0.647,277,f,f,733.42
84429A,MEDIUM PINK BUDDHA HEAD,fora_do_escopo,,mensal,C,normal,2009-12-02,2010-12-06,20,3,19.42,0.15,77,28,201.10,57,10.06,3.62,0.8569,0.176,21,f,f,733.42
84437A,S/6 PINK EASTER DECS IN BOX,fora_do_escopo,,semanal,C,ruptura,2010-01-11,2010-04-09,17,244,5.50,44.36,20,14,90.95,106,5.35,6.81,0.0000,0.112,17,t,f,733.42
84447,6 RABBIT CHAIN EASTER,fora_do_escopo,,semanal,C,ruptura,2010-01-27,2010-03-23,15,261,3.93,66.44,14,14,73.27,70,4.88,8.70,0.0000,0.139,118,t,f,733.42
84450A,PINK RABBIT SITTING EASTER,fora_do_escopo,,mensal,C,ruptura,2009-12-16,2010-02-03,5,309,12.25,25.22,29,28,24.18,52,4.84,2.76,0.0000,0.313,78,t,f,733.42
84450B,PINK/YELLOW RABBIT SAT EASTER,fora_do_escopo,,semanal,C,ruptura,2009-12-10,2010-04-01,31,252,3.73,67.50,32,14,84.55,139,2.73,5.11,0.0000,0.119,78,t,f,733.42
84452,METAL RABBIT LADDER EASTER,fora_do_escopo,,mensal,C,ruptura,2009-12-04,2010-06-02,25,190,7.50,25.33,65,28,123.26,124,4.93,4.60,0.0000,0.083,127,t,f,733.42
84454,WOBBLING METAL CHICKEN EASTER,fora_do_escopo,,mensal,C,ruptura,2009-12-07,2010-04-09,14,244,9.46,25.79,42,28,85.53,93,6.11,4.52,0.0000,0.149,0,t,f,733.42
84455,SET OF 3 RABBIT CARROTS EASTER,fora_do_escopo,,semanal,C,ruptura,2010-01-11,2010-04-09,18,244,5.18,47.14,12,14,78.81,86,4.38,5.92,0.0000,0.129,27,t,f,733.42
84456,SET OF 3 RABBIT EGG EASTER,fora_do_escopo,,mensal,C,ruptura,2009-12-04,2010-06-25,15,167,14.50,11.52,77,28,33.15,37,2.21,1.07,0.0000,0.308,46,t,f,733.42
84457,SET/3 RABBITS FLOWER SKIPPPING ROPE,fora_do_escopo,,mensal,C,ruptura,2010-01-24,2010-09-28,33,72,7.72,9.33,136,28,167.02,166,5.06,4.59,0.0001,0.122,22,f,f,733.42
84458,S/3 RABBIT FLOWER/EGG/CARROT ROPE,fora_do_escopo,,semanal,C,ruptura,2010-01-18,2010-03-21,17,263,3.88,67.87,15,14,105.40,124,6.20,11.20,0.0000,0.129,0,f,f,733.42
84459A,PINK METAL CHICKEN HEART,fora_do_escopo,,semanal,B,normal,2009-12-01,2010-12-08,84,1,4.48,0.22,56,14,1006.65,555,11.98,18.72,0.8000,0.071,0,f,t,733.42
84459B,YELLOW METAL CHICKEN HEART,fora_do_escopo,,semanal,B,normal,2009-12-07,2010-12-07,90,2,4.10,0.49,28,14,1278.90,759,14.21,24.25,0.6141,0.094,9,f,t,733.42
84461,12 PINK HEN+CHICKS IN BASKET,fora_do_escopo,,semanal,C,ruptura,2010-01-31,2010-03-31,19,253,3.28,77.19,10,14,149.24,58,7.85,16.77,0.0000,0.137,267,f,f,733.42
84462,3 PINK HEN+CHICKS IN BASKET,fora_do_escopo,,mensal,C,ruptura,2010-02-02,2010-03-28,7,256,9.00,28.44,24,28,99.86,88,14.27,11.10,0.0000,0.637,31,f,f,733.42
84464,S/60 PINK FLUFFY CHICKS IN BOX,fora_do_escopo,,semanal,C,ruptura,2010-01-08,2010-02-19,9,293,5.25,55.81,20,14,181.65,83,20.18,26.91,0.0000,0.705,0,f,f,733.42
84465,15 PINK FLUFFY CHICKS IN BOX,fora_do_escopo,,mensal,C,ruptura,2010-02-03,2010-06-25,16,167,9.47,17.64,74,28,69.96,23,4.37,3.23,0.0000,0.211,267,f,f,733.42
84466,TOP SECRET PEN SET,provavel_descontinuacao,78,semanal,B,ruptura,2009-12-01,2010-04-19,40,234,3.56,65.65,34,14,1294.61,1213,32.37,63.57,0.0000,0.528,55,f,t,733.42
84467,ENGLISH ROSE DESIGN QUILTED THROW,provavel_descontinuacao,2,semanal,A,ruptura,2009-12-06,2010-07-27,44,135,5.42,24.91,76,14,17477.66,816,397.22,513.15,0.0000,0.044,8,f,t,733.42
84469,ROSE DES PADDED FLOOR CUSHION,provavel_descontinuacao,21,semanal,B,ruptura,2009-12-04,2010-03-24,28,260,4.07,63.82,24,14,2249.41,664,80.34,138.03,0.0000,0.205,8,f,t,733.42
84472,PINK AND LILAC QUILTED THROW,provavel_descontinuacao,20,semanal,A,ruptura,2009-12-01,2010-05-11,25,212,6.71,31.60,20,14,3402.32,87,136.09,142.01,0.0000,0.059,2,f,t,733.42
84482,BUTTONS DESIGN JEWELLERY BOX,fora_do_escopo,,mensal,C,ruptura,2009-12-06,2010-10-03,28,67,11.15,6.01,49,28,296.77,76,10.60,6.66,0.0025,0.152,32,f,f,733.42
84493,BLUE/PINK NEST STRIPE BOX,fora_do_escopo,,ocasional,C,indicio,2010-06-13,2010-09-27,5,73,26.50,2.75,42,,111.12,1142,22.22,5.87,0.0636,0.408,73,f,f,733.42
84497,BUTTONS AND STRIPES NOTEBOOK,fora_do_escopo,,mensal,C,normal,2009-12-02,2010-12-08,30,1,12.79,0.08,75,28,349.63,87,11.65,6.38,0.9248,0.064,18,f,f,733.42
84499,BLACK FLOWER CANDLE PLATE,fora_do_escopo,,mensal,C,normal,2009-12-16,2010-11-29,35,10,10.24,0.98,54,28,266.22,319,7.61,5.20,0.3764,0.346,0,f,f,733.42
84507B,STRIPES DESIGN MONKEY DOLL,monitorar,56,semanal,B,indicio,2009-12-01,2010-11-29,76,10,4.84,2.07,24,14,1645.30,1310,21.65,31.31,0.1267,0.273,13,f,t,733.42
84507C,BLUE CIRCLES DESIGN MONKEY DOLL,fora_do_escopo,,mensal,C,normal,2009-12-01,2010-12-06,43,3,8.81,0.34,37,28,464.01,369,10.79,8.57,0.7114,0.176,10,f,f,733.42
84508A,CAMOUFLAGE DESIGN TEDDY,fora_do_escopo,,semanal,A,normal,2009-12-01,2010-12-08,67,1,5.64,0.18,35,14,4648.53,2180,69.38,86.17,0.8374,0.759,55,f,t,733.42
84508B,STRIPES DESIGN TEDDY,fora_do_escopo,,mensal,C,normal,2009-12-04,2010-12-06,44,3,8.53,0.35,32,28,331.36,121,7.53,6.18,0.7036,0.092,0,f,f,733.42
84508C,BLUE CIRCLES DESIGN TEDDY,fora_do_escopo,,mensal,C,normal,2009-12-04,2010-12-08,20,1,19.42,0.05,70,28,140.13,52,7.01,2.53,0.9498,0.146,4,f,f,733.42
84509A,SET OF 4 ENGLISH ROSE PLACEMATS,fora_do_escopo,,semanal,A,normal,2009-12-01,2010-12-09,140,0,2.68,0.00,18,14,2613.76,648,18.67,48.70,1.0000,0.067,111,f,t,733.42
84509B,SET OF 4 FAIRY CAKE PLACEMATS,fora_do_escopo,,semanal,B,normal,2009-12-02,2010-12-08,99,1,3.79,0.26,26,14,1680.50,440,16.97,31.39,0.7679,0.084,0,f,t,733.42
84509C,SET OF 4 POLKADOT PLACEMATS,fora_do_escopo,,semanal,B,normal,2009-12-01,2010-12-09,58,0,6.54,0.00,32,14,823.40,178,14.20,15.19,1.0000,0.172,0,f,t,733.42
84509E,SET OF 4 CAROUSEL PLACEMATS,fora_do_escopo,,ocasional,C,normal,2010-01-11,2010-11-29,10,10,35.78,0.28,129,,155.15,72,15.52,3.04,0.7562,0.483,8,f,f,733.42
84509F,SET OF 4 NEW ENGLAND PLACEMATS,cliente_principal_parou,11,mensal,B,ruptura,2009-12-04,2010-11-10,41,29,8.53,3.40,34,28,2456.10,2781,59.90,49.19,0.0333,0.813,199,f,t,733.42
84509G,SET OF 4 FAIRY CAKE PLACEMATS,fora_do_escopo,,semanal,B,normal,2009-12-03,2010-12-05,81,4,4.59,0.87,26,14,1109.96,289,13.70,20.91,0.4181,0.081,6,f,t,733.42
84510A,SET OF 4 ENGLISH ROSE COASTERS,fora_do_escopo,,semanal,B,normal,2009-12-01,2010-12-09,167,0,2.25,0.00,12,14,1730.37,1261,10.36,32.28,1.0000,0.041,111,f,t,733.42
84510B,SET OF 4 FAIRY CAKES COASTERS,provavel_descontinuacao,116,semanal,B,ruptura,2009-12-01,2010-08-02,85,129,2.90,44.41,26,14,1503.20,1188,17.68,42.62,0.0000,0.080,106,f,t,733.42
84510C,SET OF 4 POLKADOT COASTERS,fora_do_escopo,,mensal,C,normal,2009-12-02,2010-12-09,54,0,7.02,0.00,28,28,240.46,162,4.45,4.44,1.0000,0.088,10,f,f,733.42
84510E,SET OF 4 GREEN CAROUSEL COASTERS,fora_do_escopo,,mensal,C,atraso,2010-01-11,2010-11-12,17,27,19.06,1.42,48,28,102.11,127,6.01,2.21,0.2426,0.372,8,f,f,733.42
84510F,SET OF 4 NEW ENGLAND COASTERS,fora_do_escopo,,mensal,C,ruptura,2009-12-02,2010-10-07,35,63,9.09,6.93,59,28,435.25,1101,12.44,9.58,0.0010,0.689,199,f,f,733.42
84519A,TOMATO CHARLIE+LOLA COASTER SET,fora_do_escopo,,semanal,B,normal,2009-12-01,2010-12-06,92,3,4.07,0.74,18,14,1909.46,696,20.76,35.73,0.4781,0.192,6,f,t,733.42
84519B,CARROT CHARLIE+LOLA COASTER SET,fora_do_escopo,,semanal,B,atraso,2009-12-01,2010-12-02,79,7,4.69,1.49,19,14,1130.92,399,14.32,21.36,0.2250,0.321,0,f,t,733.42
84520B,PACK 20 ENGLISH ROSE PAPER NAPKINS,fora_do_escopo,,diario,A,normal,2009-12-01,2010-12-09,262,0,1.43,0.00,15,7,6138.45,7021,23.43,114.76,1.0000,0.060,2,f,t,733.42
84520D,PACK OF 20 FAIRY CAKE PAPER NAPKINS,fora_do_escopo,,semanal,C,ruptura,2009-12-02,2010-02-26,41,286,2.15,133.02,13,14,641.17,701,15.64,50.92,0.0000,0.096,7,f,f,733.42
84522,PINK PARTY SUNGLASSES,fora_do_escopo,,ocasional,C,normal,2009-12-07,2010-12-06,15,3,26.00,0.12,54,,277.05,167,18.47,4.97,0.8910,0.541,6,f,f,733.42
84526,GIANT BLACK SUNGLASSES,fora_do_escopo,,mensal,B,atraso,2009-12-02,2010-11-18,32,21,11.32,1.85,37,28,1503.64,538,46.99,29.05,0.1565,0.031,1,f,t,733.42
84527,FLAMES SUNGLASSES PINK LENSES,fora_do_escopo,,mensal,C,atraso,2010-03-30,2010-11-17,13,22,19.33,1.14,71,28,54.91,27,4.22,1.53,0.3205,0.142,3,f,f,733.42
84529A,PINK KNITTED KIDS RUCKSACK,fora_do_escopo,,mensal,C,ruptura,2009-12-16,2010-04-20,14,233,9.62,24.23,22,28,290.78,50,20.77,15.12,0.0000,0.139,39,f,f,733.42
84529B,BLUE KNITTED KID'S RUCKSACK,fora_do_escopo,,mensal,C,ruptura,2010-02-14,2010-04-23,5,230,17.00,13.53,42,28,62.35,13,12.47,5.13,0.0000,0.217,298,f,f,733.42
84529C,YELLOW KNITTED KIDS RUCKSACK,fora_do_escopo,,semanal,C,ruptura,2009-12-16,2010-06-04,29,188,6.07,30.96,47,14,414.74,78,14.30,16.49,0.0000,0.130,49,f,f,733.42
84531A,PINK KNITTED EGG COSY,fora_do_escopo,,ocasional,C,normal,2009-12-07,2010-12-05,16,4,24.20,0.17,68,,104.37,50,6.52,1.89,0.8476,0.112,260,f,f,733.42
84531B,BLUE KNITTED EGG COSY,fora_do_escopo,,ocasional,C,normal,2009-12-07,2010-12-05,15,4,25.93,0.15,64,,90.10,45,6.01,1.62,0.8570,0.130,65,f,f,733.42
84532B,FAIRY CAKES RECTANGLUAR BOXES,fora_do_escopo,,semanal,C,ruptura,2009-12-02,2010-03-31,27,253,4.58,55.28,19,14,417.58,54,15.47,23.65,0.0000,0.057,58,f,f,733.42
84533B,FAIRY CAKES ROUND NESTING BOXES,fora_do_escopo,,semanal,C,ruptura,2009-12-01,2010-03-12,23,272,4.59,59.25,17,14,377.93,59,16.43,25.05,0.0000,0.148,10,f,f,733.42
84534B,FAIRY CAKE NOTEBOOK A5 SIZE,fora_do_escopo,,semanal,B,normal,2009-12-01,2010-12-09,144,0,2.61,0.00,16,14,781.35,822,5.43,14.56,1.0000,0.052,6,f,t,733.42
84535A,ENGLISH ROSE NOTEBOOK A6 SIZE,fora_do_escopo,,semanal,C,ruptura,2009-12-01,2010-02-14,26,298,3.00,99.33,13,14,160.37,208,6.17,14.39,0.0000,0.065,30,f,f,733.42
84535B,FAIRY CAKES NOTEBOOK A6 SIZE,fora_do_escopo,,semanal,B,normal,2009-12-01,2010-12-09,136,0,2.76,0.00,21,14,916.98,1380,6.74,17.08,1.0000,0.077,58,f,t,733.42
84536A,ENGLISH ROSE NOTEBOOK A7 SIZE,fora_do_escopo,,semanal,B,normal,2009-12-01,2010-12-09,185,0,2.03,0.00,20,14,948.59,2071,5.13,17.71,1.0000,0.083,3,f,t,733.42
84536B,FAIRY CAKES NOTEBOOK A7 SIZE,fora_do_escopo,,semanal,C,normal,2009-12-01,2010-12-09,154,0,2.44,0.00,16,14,702.25,1447,4.56,13.09,1.0000,0.048,6,f,f,733.42
84537B,FAIRY CAKES GIFT BAG,fora_do_escopo,,mensal,C,ruptura,2009-12-03,2010-03-15,11,269,10.20,26.37,28,28,49.14,117,4.47,3.07,0.0000,0.419,211,f,f,733.42
84539,KNITTED RABBIT DOLL,fora_do_escopo,,ocasional,C,normal,2009-12-07,2010-12-03,10,6,40.11,0.15,126,,69.30,42,6.93,1.21,0.8611,0.143,25,f,f,733.42
84546,CROCHET POODLE KEYRING,fora_do_escopo,,ocasional,C,indicio,2010-03-01,2010-07-14,3,148,67.50,2.19,101,,34.65,21,11.55,1.20,0.1116,0.571,1,f,f,733.42
84548,CROCHET BEAR RED/BLUE  KEYRING,fora_do_escopo,,ocasional,C,normal,2009-12-03,2010-11-14,9,25,43.25,0.58,104,,42.90,26,4.77,0.77,0.5610,0.462,25,f,f,733.42
84549,CROCHET WHITE RABBIT KEYRING,fora_do_escopo,,ocasional,C,normal,2009-12-08,2010-11-30,9,9,44.63,0.20,95,,67.89,37,7.54,1.18,0.8174,0.292,9,f,f,733.42
84550,CROCHET LILAC/RED BEAR KEYRING,fora_do_escopo,,ocasional,C,normal,2009-12-11,2010-11-14,4,25,112.67,0.22,206,,23.10,14,5.78,0.36,0.8010,0.500,25,f,f,733.42
84551,CROCHET DOG KEYRING,fora_do_escopo,,ocasional,C,normal,2009-12-08,2010-11-21,6,18,69.60,0.26,280,,42.90,26,7.15,0.72,0.7721,0.462,18,f,f,733.42
84555A,YELLOW VW BEETLE CERAMIC MONEY BOX,fora_do_escopo,,mensal,C,ruptura,2010-02-02,2010-06-13,16,179,8.73,20.50,31,28,133.85,47,8.37,6.71,0.0000,0.264,298,f,f,733.42
84558A,3D DOG PICTURE PLAYING CARDS,fora_do_escopo,,semanal,A,normal,2009-12-01,2010-12-09,92,0,4.10,0.00,23,14,2937.20,1006,31.93,54.52,1.0000,0.250,14,f,t,733.42
84559A,3D SHEET OF DOG STICKERS,fora_do_escopo,,semanal,B,normal,2009-12-01,2010-12-09,115,0,3.27,0.00,16,14,902.60,992,7.85,16.79,1.0000,0.124,11,f,t,733.42
84559B,3D SHEET OF CAT STICKERS,fora_do_escopo,,semanal,B,normal,2009-12-01,2010-12-09,114,0,3.30,0.00,14,14,901.63,1007,7.91,16.77,1.0000,0.124,11,f,t,733.42
84559D,3D SHEET OF SEA WORLD STICKERS,fora_do_escopo,,mensal,C,indicio,2009-12-01,2010-11-15,31,24,11.63,2.06,77,28,131.79,151,4.25,2.56,0.1271,0.142,20,f,f,733.42
84562A,PINK/WHITE RIBBED MELAMINE JUG,fora_do_escopo,,semanal,B,atraso,2009-12-03,2010-12-03,66,6,5.62,1.07,39,14,1370.31,168,20.76,25.88,0.3435,0.109,43,f,t,733.42
84562B,BLUE/WHITE RIBBED MELAMINE JUG,fora_do_escopo,,mensal,C,ruptura,2009-12-02,2010-01-22,6,321,10.20,31.47,23,28,106.59,10,17.77,12.19,0.0000,0.149,48,f,f,733.42
84563A,PINK & WHITE BREAKFAST TRAY,fora_do_escopo,,mensal,C,normal,2009-12-07,2010-12-05,29,4,12.96,0.31,45,28,333.16,46,11.49,6.20,0.7345,0.107,1,f,f,733.42
84563B,BLUE & WHITE BREAKFAST TRAY,fora_do_escopo,,mensal,C,normal,2009-12-20,2010-12-05,21,4,17.50,0.23,52,28,249.69,35,11.89,4.76,0.7957,0.143,115,f,f,733.42
84564,6 SEGMENT COLOURED SNACK BOWL,fora_do_escopo,,mensal,C,ruptura,2009-12-08,2010-06-09,11,183,18.30,10.00,74,28,175.48,21,15.95,6.10,0.0000,0.272,1,f,f,733.42
84568,GIRLS ALPHABET IRON ON PATCHES,fora_do_escopo,,semanal,A,normal,2009-12-01,2010-12-07,119,2,3.14,0.64,20,14,5139.58,24692,43.19,96.16,0.5293,0.191,27,f,t,733.42
84569A,PACK 3 IRON ON DOG PATCHES,fora_do_escopo,,mensal,C,normal,2009-12-02,2010-12-07,47,2,8.04,0.25,64,28,366.60,282,7.80,6.79,0.7799,0.082,4,f,f,733.42
84569B,PACK 3 FIRE ENGINE/CAR PATCHES,fora_do_escopo,,mensal,C,normal,2009-12-04,2010-12-06,53,3,7.06,0.43,38,28,475.03,377,8.96,8.89,0.6537,0.087,50,f,f,733.42
84569C,PACK 4 FLOWER/BUTTERFLY PATCHES,fora_do_escopo,,semanal,C,ruptura,2009-12-02,2010-11-16,77,23,4.59,5.01,28,14,583.68,414,7.58,11.56,0.0067,0.051,50,f,f,733.42
84569D,PACK 6 HEART/ICE-CREAM PATCHES,fora_do_escopo,,semanal,B,normal,2009-12-03,2010-12-07,73,2,5.13,0.39,33,14,773.19,591,10.59,14.47,0.6769,0.058,36,f,t,733.42
84570B,WHITE SATIN DRESS JEWEL STAND,fora_do_escopo,,ocasional,C,ruptura,2009-12-15,2010-01-20,2,323,36.00,8.97,36,,19.80,4,9.90,1.93,0.0001,0.750,81,f,f,733.42
84575A,PINK DOG CANNISTER,fora_do_escopo,,ocasional,C,normal,2010-02-21,2010-11-28,9,11,35.00,0.31,86,,59.50,10,6.61,1.32,0.7303,0.200,291,f,f,733.42
84575B,BROWN DOG CANNISTER W BONE,fora_do_escopo,,ocasional,C,ruptura,2009-12-09,2010-02-15,3,297,34.00,8.74,36,,23.80,4,7.93,1.63,0.0002,0.500,297,f,f,733.42
84576,BLUE CAT BISCUIT BARREL PINK HEART,fora_do_escopo,,ocasional,C,normal,2009-12-06,2010-11-28,14,11,27.46,0.40,145,,188.72,30,13.48,3.44,0.6699,0.189,6,f,f,733.42
84578,ELEPHANT TOY WITH BLUE T-SHIRT,provavel_descontinuacao,107,semanal,B,ruptura,2009-12-01,2010-04-09,64,244,2.05,119.16,12,14,858.66,223,13.42,45.87,0.0000,0.047,164,f,t,733.42
84580,MOUSE TOY WITH PINK T-SHIRT,fora_do_escopo,,semanal,A,normal,2009-12-01,2010-12-09,171,0,2.19,0.00,13,14,2677.27,696,15.66,49.95,1.0000,0.050,0,f,t,733.42
84581,DOG TOY WITH PINK CROCHET SKIRT,fora_do_escopo,,semanal,B,normal,2009-12-03,2010-12-07,124,2,3.00,0.67,14,14,1230.44,324,9.92,23.15,0.5134,0.049,9,f,t,733.42
84582,PINK CROCHET CAT WITH SCARF,fora_do_escopo,,mensal,C,ruptura,2009-12-01,2010-03-26,8,258,16.43,15.70,34,28,63.75,15,7.97,3.40,0.0000,0.133,6,f,f,733.42
84584,PINK GINGHAM CAT WITH SCARF,fora_do_escopo,,mensal,C,atraso,2009-12-03,2010-11-29,44,10,8.40,1.19,45,28,382.24,138,8.69,7.24,0.3039,0.080,9,f,f,733.42
84586L,"PINK ROSES/GINGHAM PATCH RABBIT 8""",fora_do_escopo,,mensal,C,ruptura,2009-12-06,2010-01-31,8,312,8.00,39.00,28,28,44.25,15,5.53,4.84,0.0000,0.200,53,f,f,733.42
84592,CROCHET ROSE PURSE WITH SUEDE BACK,fora_do_escopo,,mensal,C,normal,2009-12-06,2010-11-30,25,9,14.96,0.60,88,28,301.06,99,12.04,5.64,0.5479,0.118,51,f,f,733.42
84593,CROCHET ROSE DES CLOTHES HANGER,fora_do_escopo,,ocasional,C,normal,2009-12-06,2010-11-16,6,23,69.00,0.33,136,,61.95,21,10.33,1.05,0.7165,0.476,31,f,f,733.42
84595B,LARGE TRIFLE DESIGN L BLUE BOWL,fora_do_escopo,,mensal,C,ruptura,2009-12-15,2010-06-27,16,165,12.93,12.76,28,28,408.90,230,25.56,13.83,0.0000,0.581,8,f,f,733.42
84595E,LARGE TORTILLA DESIGN RED BOWL,fora_do_escopo,,mensal,C,normal,2009-12-03,2010-11-30,21,9,18.10,0.50,52,28,568.89,289,27.09,10.48,0.6082,0.557,8,f,f,733.42
84596B,SMALL DOLLY MIX DESIGN ORANGE BOWL,fora_do_escopo,,semanal,B,normal,2009-12-01,2010-12-09,141,0,2.66,0.00,19,14,1576.08,1229,11.18,29.37,1.0000,0.160,0,f,t,733.42
84596E,SMALL LICORICE DES PINK BOWL,fora_do_escopo,,semanal,B,normal,2009-12-01,2010-12-09,103,0,3.66,0.00,19,14,800.17,596,7.77,14.87,1.0000,0.095,7,f,t,733.42
84596F,SMALL MARSHMALLOWS PINK BOWL,fora_do_escopo,,semanal,B,normal,2009-12-01,2010-12-09,129,0,2.91,0.00,17,14,1274.13,998,9.88,23.73,1.0000,0.149,0,f,t,733.42
84596G,SMALL CHOCOLATES PINK BOWL,fora_do_escopo,,semanal,C,normal,2009-12-01,2010-12-09,85,0,4.44,0.00,26,14,503.77,378,5.93,9.34,1.0000,0.119,88,f,f,733.42
84596I,WRAP SWEETS LIGHT PINK SMALL BOWL,fora_do_escopo,,semanal,C,ruptura,2010-02-19,2010-04-11,10,242,5.67,42.71,14,14,80.62,72,8.06,9.96,0.0000,0.736,7,f,f,733.42
84596J,MIXED NUTS LIGHT GREEN BOWL,fora_do_escopo,,semanal,C,normal,2009-12-09,2010-12-07,59,2,6.26,0.32,36,14,337.83,248,5.73,6.40,0.7265,0.118,1,f,f,733.42
84596K,JELLY BABIES YELLOW SMALL BOWL,fora_do_escopo,,semanal,C,ruptura,2009-12-01,2010-11-16,71,23,5.00,4.60,23,14,543.41,428,7.65,10.72,0.0101,0.140,7,f,f,733.42
84596L,BISCUITS SMALL BOWL LIGHT BLUE,fora_do_escopo,,semanal,C,normal,2009-12-01,2010-12-07,71,2,5.30,0.38,37,14,393.34,288,5.54,7.32,0.6857,0.153,1,f,f,733.42
84597B,RETRO BROWN BALL ASHTRAY,fora_do_escopo,,mensal,C,ruptura,2009-12-09,2010-08-29,21,102,13.15,7.76,60,28,208.12,164,9.91,5.28,0.0004,0.288,2,f,f,733.42
84597C,RETRO PINK BALL ASHTRAY,fora_do_escopo,,mensal,C,normal,2009-12-02,2010-12-05,30,4,12.69,0.32,56,28,394.73,319,13.16,7.26,0.7296,0.266,2,f,f,733.42
84598,BOYS ALPHABET IRON ON PATCHES,fora_do_escopo,,semanal,A,normal,2009-12-01,2010-12-08,98,1,3.84,0.26,20,14,3814.42,18824,38.92,71.04,0.7705,0.257,27,f,t,733.42
84599,CANDY STRIPE ROSE FLOOR CUSHION,fora_do_escopo,,ocasional,C,ruptura,2010-01-14,2010-04-23,5,230,24.75,9.29,43,,160.15,15,32.03,9.06,0.0001,0.199,233,f,f,733.42
84600,NEW BAROQUE JEWELLERY BOX,fora_do_escopo,,mensal,C,normal,2009-12-02,2010-11-26,25,13,14.96,0.87,67,28,471.38,55,18.86,8.82,0.4193,0.236,0,f,f,733.42
84601A,NEW BAROQUE IVORY CUSHION COVER,fora_do_escopo,,mensal,C,ruptura,2009-12-01,2010-07-15,15,147,16.14,9.11,43,28,638.34,260,42.56,18.45,0.0001,0.693,8,f,f,733.42
84608,ORNATE EDWARDIAN CANDLE HOLDER,fora_do_escopo,,mensal,C,ruptura,2009-12-04,2010-01-15,4,328,14.00,23.43,29,28,47.70,6,11.93,5.96,0.0000,0.333,39,f,f,733.42
84609,TALL ROCOCO CANDLE HOLDER,fora_do_escopo,,mensal,C,normal,2009-12-16,2010-12-01,19,8,19.44,0.41,86,28,535.63,51,28.19,10.15,0.6627,0.190,0,f,f,733.42
84611B,BLACK NEW BAROQUE FLOCK BOX,fora_do_escopo,,ocasional,C,normal,2010-01-07,2010-11-15,4,24,104.00,0.23,163,,41.65,7,10.41,0.70,0.7939,0.286,218,f,f,733.42
84612B,SET/4 BLACK  BAROQUE FLOCK COASTER,fora_do_escopo,,ocasional,C,normal,2010-01-08,2010-10-26,4,44,97.00,0.45,202,,51.00,20,12.75,0.92,0.6353,0.300,18,f,f,733.42
84613A,PINK NEW BAROQUE FLOCK CANDLESTICK,fora_do_escopo,,ocasional,C,normal,2010-02-23,2010-11-29,7,10,46.50,0.22,70,,74.40,16,10.63,1.60,0.8065,0.375,77,f,f,733.42
84613C,BLUE NEW BAROQUE FLOCK CANDLESTICK,fora_do_escopo,,ocasional,C,normal,2010-03-15,2010-12-08,12,1,24.36,0.04,81,,258.06,62,21.51,6.18,0.9598,0.532,16,f,f,733.42
84614A,PINK BAROQUE FLOCK CANDLE HOLDER,fora_do_escopo,,ocasional,C,normal,2010-02-18,2010-12-03,10,6,32.00,0.19,69,,124.83,17,12.48,2.73,0.8290,0.095,6,f,f,733.42
84615,PINK ROUND BUTTERFLY MIRROR,provavel_descontinuacao,120,mensal,B,ruptura,2009-12-08,2010-04-12,17,241,7.81,30.85,37,28,748.48,240,44.03,39.45,0.0000,0.443,209,f,t,733.42
84616,SILVER ROCCOCO CHANDELIER,fora_do_escopo,,ocasional,B,atraso,2009-12-16,2010-11-10,14,29,25.31,1.15,63,,968.30,58,69.16,19.13,0.3179,0.263,8,f,t,733.42
84617,NEW BAROQUE BLACK BOXES,fora_do_escopo,,ocasional,C,normal,2009-12-07,2010-11-14,4,25,114.00,0.22,287,,102.00,8,25.50,1.57,0.8031,0.375,367,f,f,733.42
84619,BLUE GINGHAM ROSE QUILT,provavel_descontinuacao,27,semanal,B,ruptura,2009-12-02,2010-03-03,18,281,5.35,52.49,18,14,1622.96,72,90.16,117.91,0.0000,0.096,0,f,t,733.42
84620,BLUE GINGHAM ROSE CUSHION COVER,monitorar,101,mensal,B,ruptura,2009-12-02,2010-11-14,45,25,7.89,3.17,32,28,746.61,121,16.59,14.73,0.0420,0.096,9,f,t,733.42
84621,BLUE GINGHAM ROSE FLOOR CUSHION,fora_do_escopo,,mensal,C,ruptura,2009-12-14,2010-04-23,15,230,9.29,24.77,35,28,247.26,29,16.48,12.43,0.0000,0.386,0,f,f,733.42
84622,PINK GINGHAM ROSE CUSHION COVER,fora_do_escopo,,mensal,C,ruptura,2009-12-01,2010-02-01,7,311,10.33,30.10,25,28,152.60,23,21.80,14.77,0.0000,0.195,7,f,f,733.42
84623,PINK GINGHAM ROSE FLOOR CUSHION,fora_do_escopo,,mensal,C,ruptura,2009-12-02,2010-03-03,12,281,8.27,33.97,31,28,310.44,56,25.87,21.89,0.0000,0.230,0,f,f,733.42
84625A,PINK NEW BAROQUECANDLESTICK CANDLE,fora_do_escopo,,mensal,C,normal,2009-12-03,2010-12-09,41,0,9.28,0.00,43,28,682.01,383,16.63,12.55,1.0000,0.090,30,f,f,733.42
84625B,BLCK NEW BAROQUE CANDLESTICK CANDLE,fora_do_escopo,,mensal,C,ruptura,2009-12-04,2010-03-24,16,260,7.33,35.45,28,28,279.00,180,17.44,16.64,0.0000,0.190,178,f,f,733.42
84625C,BLUE NEW BAROQUE CANDLESTICK CANDLE,fora_do_escopo,,mensal,C,normal,2009-12-02,2010-12-09,37,0,10.33,0.00,53,28,593.96,355,16.05,10.87,1.0000,0.119,0,f,f,733.42
84625D,WHITE NEWBAROQUE CANDLESTICK CANDLE,monitorar,99,mensal,B,indicio,2009-12-03,2010-11-17,42,22,8.51,2.58,39,28,796.29,651,18.96,15.59,0.0754,0.077,56,f,t,733.42
84627,CANDY STRIPE ROSE C/COVER,fora_do_escopo,,mensal,C,ruptura,2009-12-03,2010-09-26,19,74,16.50,4.48,49,28,303.45,51,15.97,6.78,0.0113,0.333,226,f,f,733.42
84629,WHITE 3 FRAME BIRDS AND TREE,fora_do_escopo,,ocasional,C,atraso,2010-02-22,2010-08-18,3,113,88.50,1.28,111,,87.80,4,29.27,2.31,0.2789,0.500,1,f,f,733.42
84631,FRUIT TREE AND BIRDS WALL PLAQUE,fora_do_escopo,,mensal,B,normal,2009-12-16,2010-11-29,23,10,15.82,0.63,65,28,765.58,248,33.29,14.73,0.5314,0.458,8,f,t,733.42
84632,DECORATIVE HANGING SHELVING UNIT,fora_do_escopo,,ocasional,C,normal,2010-03-11,2010-11-23,6,16,51.40,0.31,113,,499.55,9,83.26,11.34,0.7325,0.520,38,f,f,733.42
84637,KITCHEN FLOWER POTS WALL PLAQUE,fora_do_escopo,,mensal,B,normal,2009-12-14,2010-12-06,28,3,13.22,0.23,49,28,847.62,470,30.27,16.03,0.7970,0.425,8,f,t,733.42
84638,SMALL KITCHEN FLOWER POTS PLAQUE,fora_do_escopo,,mensal,B,normal,2009-12-03,2010-11-29,26,10,14.44,0.69,64,28,770.05,350,29.62,14.36,0.5003,0.362,8,f,t,733.42
84653,GREEN ROSE QUILT,provavel_descontinuacao,69,semanal,B,ruptura,2010-01-11,2010-03-24,12,260,6.55,39.72,18,14,750.48,14,62.54,66.88,0.0000,0.122,165,f,t,733.42
84656,WHITE ROSE C/COVER,fora_do_escopo,,mensal,C,ruptura,2009-12-01,2010-05-20,13,203,14.17,14.33,54,28,130.90,22,10.07,4.98,0.0000,0.182,29,f,f,733.42
84657,GREEN ROSE CUSHION COVER,fora_do_escopo,,mensal,C,ruptura,2009-12-18,2010-04-19,17,234,7.63,30.69,32,28,523.43,247,30.79,28.27,0.0000,0.363,8,f,f,733.42
84658,WHITE STITCHED CUSHION COVER,fora_do_escopo,,mensal,B,normal,2009-12-01,2010-12-07,44,2,8.63,0.23,49,28,891.68,172,20.27,16.44,0.7931,0.062,0,f,t,733.42
84659A,WHITE TRAVEL ALARM CLOCK,fora_do_escopo,,semanal,B,normal,2009-12-03,2010-12-08,107,1,3.49,0.29,20,14,851.05,331,7.95,15.95,0.7509,0.045,25,f,t,733.42
84660A,WHITE STITCHED WALL CLOCK,fora_do_escopo,,ocasional,C,normal,2009-12-18,2010-11-22,11,17,33.90,0.50,111,,94.67,20,8.61,1.78,0.6056,0.158,63,f,f,733.42
84660B,BLACK STITCHED WALL CLOCK,fora_do_escopo,,mensal,C,normal,2009-12-01,2010-12-09,24,0,16.22,0.00,82,28,211.92,44,8.83,3.81,1.0000,0.212,25,f,f,733.42
84660C,PINK STITCHED WALL CLOCK,fora_do_escopo,,mensal,C,normal,2009-12-02,2010-12-09,51,0,7.44,0.00,37,28,424.20,81,8.32,7.83,1.0000,0.265,0,f,f,733.42
84661A,WHITE SQUARE TABLE CLOCK,fora_do_escopo,,mensal,C,ruptura,2009-12-07,2010-10-19,22,51,15.05,3.39,69,28,146.26,119,6.65,3.09,0.0337,0.107,8,f,f,733.42
84661B,BLACK SQUARE TABLE CLOCK,fora_do_escopo,,mensal,C,normal,2009-12-16,2010-12-03,22,6,16.76,0.36,61,28,235.04,129,10.68,4.46,0.6991,0.260,14,f,f,733.42
84661C,PINK SQUARE TABLE CLOCK,fora_do_escopo,,ocasional,C,normal,2009-12-04,2010-11-24,12,15,32.27,0.46,118,,85.03,81,7.09,1.54,0.6283,0.183,8,f,f,733.42
84663A,GRASS HOPPER WOODEN WALL CLOCK,fora_do_escopo,,mensal,C,normal,2009-12-07,2010-12-03,31,6,12.03,0.50,43,28,395.99,105,12.77,7.43,0.6074,0.295,8,f,f,733.42
84664,CHERRY BLOSSOM BATHROOM CABINET,monitorar,84,mensal,B,ruptura,2009-12-09,2010-10-24,23,46,14.50,3.17,76,28,955.35,193,41.54,20.05,0.0419,0.523,7,f,t,733.42
84665,SQUARE CHERRY BLOSSOM CABINET,fora_do_escopo,,ocasional,B,normal,2009-12-09,2010-12-07,19,2,20.17,0.10,59,,763.75,125,40.20,13.95,0.9056,0.280,7,f,t,733.42
84666,SQUARE CHERRY BLOSSOM CABINET,provavel_descontinuacao,158,ocasional,B,ruptura,2009-12-09,2010-09-17,14,83,21.69,3.83,95,,797.90,202,56.99,18.39,0.0218,0.356,8,f,t,733.42
84670,JAPANESE CROCHETED ANIMAL,monitorar,31,semanal,B,ruptura,2009-12-01,2010-11-22,128,17,2.80,6.06,20,14,2140.06,5223,16.72,41.75,0.0023,0.097,29,f,t,733.42
84671B,CROCHET BEAR WITH BLUE STRIPES,fora_do_escopo,,semanal,C,ruptura,2009-12-01,2010-01-11,18,332,2.41,137.66,18,14,311.87,111,17.33,50.29,0.0000,0.114,0,f,f,733.42
84673A,PINK FLY SWAT,fora_do_escopo,,mensal,C,atraso,2009-12-02,2010-11-25,51,14,7.16,1.96,50,28,252.42,410,4.95,4.84,0.1415,0.209,0,f,f,733.42
84673B,BLUE FLY SWAT,fora_do_escopo,,semanal,C,normal,2009-12-01,2010-12-07,58,2,6.51,0.31,38,14,241.75,331,4.17,4.48,0.7354,0.065,9,f,f,733.42
84674,FLYING PIG WATERING CAN,fora_do_escopo,,mensal,B,normal,2009-12-08,2010-12-09,53,0,7.04,0.00,34,28,732.59,274,13.82,13.75,1.0000,0.121,7,f,f,733.42
84675,FROG KING WATERING CAN,fora_do_escopo,,mensal,C,indicio,2009-12-03,2010-11-23,49,16,7.40,2.16,48,28,545.16,197,11.13,10.53,0.1149,0.130,7,f,f,733.42
84676,BATH DUCK WATERING CAN,provavel_descontinuacao,85,semanal,B,ruptura,2009-12-03,2010-08-18,77,113,3.39,33.29,27,14,2102.46,848,27.30,56.30,0.0000,0.181,0,f,t,733.42
84678,CLASSICAL ROSE SMALL VASE,fora_do_escopo,,semanal,B,normal,2009-12-08,2010-12-09,63,0,5.90,0.00,25,14,949.25,481,15.07,17.87,1.0000,0.067,0,f,t,733.42
84679,CLASSICAL ROSE TABLE LAMP,fora_do_escopo,,mensal,C,ruptura,2010-03-02,2010-03-18,2,266,16.00,16.63,16,28,47.60,8,23.80,10.41,0.0000,0.500,1,f,f,733.42
84680,CLASSICAL ROSE URN,fora_do_escopo,,mensal,C,ruptura,2009-12-03,2010-09-05,16,95,18.40,5.16,89,28,372.30,94,23.27,8.85,0.0057,0.531,56,f,f,733.42
84682,CLASSICAL ROSE DISH,fora_do_escopo,,semanal,C,ruptura,2009-12-08,2010-09-27,46,73,6.51,11.21,23,14,596.94,295,12.98,13.95,0.0000,0.151,204,f,f,733.42
84683,CLASSICAL ROSE CANDLESTAND,fora_do_escopo,,mensal,C,normal,2009-12-02,2010-12-07,35,2,10.88,0.18,57,28,389.66,370,11.13,7.16,0.8321,0.231,0,f,f,733.42
84684,BEACH HUT PHOTO FRAME,fora_do_escopo,,semanal,C,ruptura,2009-12-01,2010-06-04,33,188,5.78,32.52,42,14,720.70,609,21.84,26.44,0.0000,0.271,8,f,f,733.42
84685,BEACH HUT KEY CABINET,fora_do_escopo,,semanal,B,normal,2009-12-02,2010-12-06,91,3,4.10,0.73,19,14,1211.58,405,13.31,22.73,0.4811,0.066,8,f,t,733.42
84686,BEACH HUT MIRROR,monitorar,89,semanal,B,ruptura,2009-12-01,2010-11-18,59,21,6.07,3.46,31,14,961.40,340,16.29,18.79,0.0314,0.275,8,f,t,733.42
84687,BEACH HUT SHELF W 3 DRAWERS,fora_do_escopo,,mensal,C,atraso,2009-12-03,2010-11-29,38,10,9.76,1.02,29,28,709.58,234,18.67,13.40,0.3588,0.286,8,f,f,733.42
84688,BEACH HUT DESIGN BLACKBOARD,monitorar,77,semanal,B,indicio,2009-12-02,2010-11-21,56,18,6.44,2.80,36,14,1110.45,381,19.83,21.57,0.0610,0.214,8,f,t,733.42
84689,S/2 BEACH HUT TREASURE CHESTS,fora_do_escopo,,mensal,B,indicio,2009-12-18,2010-11-18,34,21,10.15,2.07,38,28,732.95,309,21.56,14.86,0.1264,0.324,8,f,f,733.42
84690,S/2 BEACH HUT STOOLS,fora_do_escopo,,mensal,C,ruptura,2009-12-02,2010-08-15,14,116,19.69,5.89,67,28,222.60,28,15.90,5.65,0.0028,0.214,371,f,f,733.42
84691,PACK 20 DOLLY PEGS,ruptura_provavel,21,semanal,B,ruptura,2009-12-01,2010-10-15,135,55,2.37,23.18,44,14,2056.95,2512,15.24,44.94,0.0000,0.239,6,f,t,733.42
84692,BOX OF 24 COCKTAIL PARASOLS,fora_do_escopo,,diario,A,normal,2009-12-02,2010-12-09,244,0,1.53,0.00,15,7,5201.00,11559,21.32,97.47,1.0000,0.068,2,f,t,733.42
84705A,ENGLISH ROSE PHOTO FRAME,fora_do_escopo,,ocasional,C,ruptura,2009-12-02,2010-04-07,7,246,21.00,11.71,37,,69.75,15,9.96,3.32,0.0000,0.400,22,f,f,733.42
84705B,FAIRY CAKES PHOTO FRAME,fora_do_escopo,,mensal,C,ruptura,2009-12-01,2009-12-23,4,351,7.33,47.86,14,28,120.13,86,30.03,28.67,0.0000,0.614,8,f,f,733.42
84705C,PINK FLOCK PHOTO FRAME,fora_do_escopo,,ocasional,C,atraso,2009-12-04,2010-09-16,7,84,47.67,1.76,107,,212.33,150,30.33,4.45,0.1717,0.706,8,f,f,733.42
84705D,CHERRY BLOSSOM PHOTO FRAME,fora_do_escopo,,mensal,C,ruptura,2009-12-02,2010-07-12,14,150,17.08,8.78,119,28,97.90,22,6.99,2.87,0.0002,0.285,16,f,f,733.42
84705F,RED PEONY PHOTO FRAME,fora_do_escopo,,ocasional,C,ruptura,2009-12-02,2010-04-18,5,235,34.25,6.86,75,,46.50,10,9.30,1.90,0.0010,0.400,17,f,f,733.42
84706A,ENGLISH ROSE TABLE CLOCK,fora_do_escopo,,mensal,C,ruptura,2009-12-17,2010-02-28,7,284,12.17,23.34,32,28,325.88,137,46.55,26.78,0.0000,0.491,8,f,f,733.42
84706B,FAIRY CAKES TABLE CLOCK,fora_do_escopo,,mensal,C,ruptura,2009-12-03,2010-02-11,9,301,8.75,34.40,27,28,188.73,20,20.97,16.78,0.0000,0.190,217,f,f,733.42
84706C,PINK FLOCK TABLE CLOCK,fora_do_escopo,,mensal,C,ruptura,2009-12-01,2010-01-27,4,316,19.00,16.63,25,28,170.80,84,42.70,15.73,0.0000,0.400,8,f,f,733.42
84706D,CHERRY BLOSSOM TABLE CLOCK,fora_do_escopo,,ocasional,C,normal,2009-12-18,2010-12-08,13,1,29.58,0.03,114,,488.49,213,37.58,8.89,0.9668,0.192,8,f,f,733.42
84706F,RED PEONY TABLE CLOCK,fora_do_escopo,,ocasional,C,normal,2009-12-01,2010-11-10,7,29,57.33,0.51,118,,161.10,18,23.01,2.81,0.6030,0.222,29,f,f,733.42
84707A,SILVER JEWELLED MIRROR TRINKET TRAY,fora_do_escopo,,ocasional,C,normal,2009-12-07,2010-12-06,17,3,22.75,0.13,62,,400.40,35,23.55,7.25,0.8765,0.099,148,f,f,733.42
84707B,PINK JEWELLED MIRROR TRINKET TRAY,fora_do_escopo,,mensal,C,normal,2009-12-08,2010-12-09,33,0,11.44,0.00,47,28,426.39,47,12.92,7.91,1.0000,0.093,18,f,f,733.42
84708B,PINK JEWELLED PHOTO FRAME,fora_do_escopo,,mensal,C,atraso,2009-12-02,2010-11-26,32,13,11.58,1.12,35,28,406.44,80,12.70,7.68,0.3254,0.146,0,f,f,733.42
84709A,SILVER OVAL JEWELLED MIRROR,fora_do_escopo,,mensal,C,ruptura,2010-05-28,2010-10-26,13,44,12.58,3.50,25,28,148.75,25,11.44,6.37,0.0303,0.160,148,f,f,733.42
84709B,PINK OVAL JEWELLED MIRROR,fora_do_escopo,,semanal,B,normal,2009-12-01,2010-12-05,63,4,5.95,0.67,30,14,913.33,159,14.50,17.05,0.5106,0.122,35,f,t,733.42
84711A,SILVER OVAL SHAPE TRINKET BOX,fora_do_escopo,,ocasional,C,normal,2009-12-13,2010-12-06,8,3,51.14,0.06,149,,189.05,19,23.63,3.23,0.9430,0.421,8,f,f,733.42
84711B,PINK OVAL SHAPE TRINKET BOX,fora_do_escopo,,ocasional,C,normal,2009-12-02,2010-11-29,16,10,24.13,0.41,126,,171.07,19,10.69,3.10,0.6608,0.116,0,f,f,733.42
84712B,PINK JEWELLED PHOTO FRAME,fora_do_escopo,,mensal,C,normal,2009-12-02,2010-12-06,38,3,9.97,0.30,56,28,559.45,71,14.72,10.33,0.7402,0.085,4,f,f,733.42
84715,SET OF 6 ICE CREAM SKITTLES,fora_do_escopo,,mensal,C,atraso,2009-12-07,2010-11-29,39,10,9.39,1.06,48,28,687.69,225,17.63,13.14,0.3449,0.103,34,f,f,733.42
84720,DOT MATRIX CANVAS ART PICTURE,fora_do_escopo,,ocasional,C,ruptura,2010-03-03,2010-03-25,2,259,22.00,11.77,22,,147.05,35,73.53,23.39,0.0000,0.591,8,f,f,733.42
84721,MANHATTAN CANVAS ART PICTURE,fora_do_escopo,,diario,C,ruptura,2009-12-03,2009-12-04,2,370,1.00,370.00,1,7,87.80,20,43.90,307.30,0.0000,0.855,8,f,f,733.42
84723,CHERRY BLOSSOM CANVAS ART PICTURE,fora_do_escopo,,ocasional,C,ruptura,2010-02-05,2010-07-14,6,148,31.80,4.65,54,,103.35,13,17.23,3.79,0.0095,0.385,3,f,f,733.42
84725,FREESTYLE CANVAS ART PICTURE,fora_do_escopo,,ocasional,C,normal,2009-12-03,2010-12-07,11,2,36.90,0.05,175,,181.10,94,16.46,3.12,0.9472,0.437,8,f,f,733.42
84726,LILLIES CANVAS PICTURE,fora_do_escopo,,ocasional,C,atraso,2010-03-03,2010-08-20,4,111,56.67,1.96,119,,394.85,233,98.71,12.19,0.1410,0.506,80,f,f,733.42
84732B,CUTE BIRD CEATURE SCREEN,fora_do_escopo,,ocasional,C,normal,2009-12-17,2010-11-14,4,25,110.67,0.23,152,,9.90,6,2.48,0.16,0.7978,0.500,85,f,f,733.42
84732D,CUTE RABBIT CEATURE SCREEN,fora_do_escopo,,ocasional,C,normal,2009-12-17,2010-10-26,3,44,156.50,0.28,302,,6.60,4,2.20,0.10,0.7549,0.250,16,f,f,733.42
84741C,CITRUS GARLAND FELT FLOWERS,fora_do_escopo,,mensal,C,ruptura,2009-12-06,2010-08-29,31,102,8.87,11.50,46,28,257.09,126,8.29,6.55,0.0000,0.152,360,f,f,733.42
84743C,ORANGE FELT VASE + FLOWERS,fora_do_escopo,,mensal,C,ruptura,2010-03-12,2010-04-06,4,247,8.33,29.64,13,28,11.25,9,2.81,2.36,0.0000,0.333,28,f,f,733.42
84744,S/6 SEW ON CROCHET FLOWERS,fora_do_escopo,,ocasional,C,normal,2009-12-07,2010-12-07,15,2,26.07,0.08,81,,75.01,59,5.00,1.34,0.9262,0.200,0,f,f,733.42
84745A,PINK HANGING GINGHAM EASTER HEN,fora_do_escopo,,ocasional,C,ruptura,2009-12-03,2010-07-23,10,139,25.78,5.39,74,,17.64,42,1.76,0.48,0.0046,0.238,9,t,f,733.42
84745B,BLUE HANGING GINGHAM EASTER HEN,fora_do_escopo,,ocasional,C,ruptura,2009-12-03,2010-09-20,12,80,26.45,3.02,59,,22.26,53,1.86,0.49,0.0486,0.189,9,t,f,733.42
84746,PINK EASTER HENS+FLOWER,fora_do_escopo,,ocasional,C,ruptura,2009-12-07,2010-07-08,7,154,35.50,4.34,102,,37.50,10,5.36,1.06,0.0131,0.300,20,t,f,733.42
84748,FOLK FELT HANGING MULTICOL GARLAND,fora_do_escopo,,mensal,B,atraso,2009-12-18,2010-11-18,28,21,12.41,1.69,50,28,1210.26,966,43.22,24.39,0.1841,0.472,8,f,t,733.42
84750A,PINK SMALL GLASS CAKE STAND,monitorar,72,semanal,B,ruptura,2009-12-01,2010-11-10,67,29,5.21,5.56,151,14,1142.43,520,17.05,22.90,0.0038,0.139,0,f,t,733.42
84750B,BLACK SMALL GLASS CAKE STAND,monitorar,80,semanal,B,indicio,2009-12-02,2010-11-25,55,14,6.63,2.11,28,14,1087.03,548,19.76,20.87,0.1210,0.194,0,f,t,733.42
84751B,BLACK MEDIUM GLASS CAKE STAND,fora_do_escopo,,ocasional,C,normal,2010-02-23,2010-11-24,11,15,27.40,0.55,107,,78.75,21,7.16,1.83,0.5784,0.286,1,f,f,733.42
84753A,PINK EAU DE COLOGNE BOTTLE,fora_do_escopo,,semanal,C,ruptura,2009-12-04,2010-02-19,18,293,4.53,64.69,33,14,92.17,97,5.12,7.91,0.0000,0.221,80,f,f,733.42
84754,S/15 SILVER GLASS BAUBLES IN BAG,fora_do_escopo,,semanal,B,normal,2009-12-01,2010-12-09,93,0,4.05,0.00,88,14,2085.43,1655,22.42,38.72,1.0000,0.073,10,f,t,733.42
84755,COLOUR GLASS T-LIGHT HOLDER HANGING,fora_do_escopo,,diario,A,normal,2009-12-01,2010-12-09,248,0,1.51,0.00,15,7,14956.80,24390,60.31,279.56,1.0000,0.143,109,f,t,733.42
84757,ENCHANTED GARDEN WROUGHT IRON TABLE,fora_do_escopo,,semanal,C,ruptura,2010-05-16,2010-06-06,4,186,7.00,26.57,15,14,74.75,5,18.69,18.69,0.0000,0.400,204,f,f,733.42
84760S,SMALL HANGING GLASS+ZINC LANTERN,fora_do_escopo,,mensal,C,normal,2009-12-09,2010-12-01,28,8,13.22,0.61,36,28,323.96,197,11.57,6.13,0.5461,0.107,71,f,f,733.42
84761,IVORY HANGING BIRD PLANTER,provavel_descontinuacao,157,semanal,B,ruptura,2009-12-03,2010-09-16,53,84,5.52,15.22,33,14,776.50,279,14.65,18.58,0.0000,0.075,0,f,t,733.42
84762A,WHITE PICNIC BARBECUE BUCKET,fora_do_escopo,,mensal,C,ruptura,2009-12-04,2010-06-30,23,162,9.45,17.13,39,28,517.43,59,22.50,16.66,0.0000,0.125,31,f,f,733.42
84762B,PINK PICNIC BARBECUE BUCKET,provavel_descontinuacao,156,mensal,B,ruptura,2009-12-04,2010-09-12,39,88,7.42,11.86,76,28,837.77,113,21.48,20.26,0.0000,0.170,1,f,t,733.42
84762C,GREEN PICNIC BARBECUE BUCKET,provavel_descontinuacao,129,semanal,B,ruptura,2009-12-07,2010-05-21,37,202,4.58,44.07,24,14,761.25,105,20.57,31.42,0.0000,0.063,29,f,t,733.42
84763,ZINC FINISH 15CM PLANTER POTS,fora_do_escopo,,semanal,B,normal,2009-12-03,2010-12-07,100,2,3.73,0.54,18,14,1291.45,1037,12.91,24.25,0.5847,0.178,2,f,t,733.42
84765,SILVER ROCOCO CANDELABRA,fora_do_escopo,,ocasional,C,ruptura,2009-12-02,2010-03-16,6,268,20.80,12.88,67,,140.23,9,23.37,7.87,0.0000,0.273,0,f,f,733.42
84766,SILVER ROCOCO CANDLE STICK,fora_do_escopo,,ocasional,C,normal,2010-01-14,2010-11-29,12,10,29.00,0.34,131,,303.25,55,25.27,6.10,0.7083,0.392,161,f,f,733.42
84767,ZINC POLICE BOX LANTERN,fora_do_escopo,,ocasional,B,ruptura,2009-12-01,2010-03-14,6,270,20.60,13.11,61,,806.22,195,134.37,45.66,0.0000,0.928,0,f,t,733.42
84770,ROUND GEORGIAN SILVER MIRROR,fora_do_escopo,,semanal,C,ruptura,2010-02-28,2010-04-08,9,245,4.88,50.26,15,14,419.25,135,46.58,66.89,0.0000,0.380,8,f,f,733.42
84773,RED ROSE AND LACE C/COVER,fora_do_escopo,,mensal,C,normal,2009-12-01,2010-12-05,43,4,8.79,0.46,55,28,560.50,190,13.03,10.39,0.6343,0.095,15,f,f,733.42
84782A,PINK 3 TIER GLASS PLATE STAND,provavel_descontinuacao,152,mensal,B,ruptura,2009-12-01,2010-08-19,22,112,12.43,9.01,78,28,840.45,119,38.20,21.52,0.0001,0.208,8,f,t,733.42
84782B,BLACK 3 TIER GLASS PLATE STAND,fora_do_escopo,,ocasional,C,ruptura,2009-12-15,2010-06-06,6,186,34.60,5.38,65,,127.50,10,21.25,4.30,0.0046,0.400,319,f,f,733.42
84782C,GREEN 3 TIER GLASS PLATE STAND,fora_do_escopo,,mensal,C,ruptura,2009-12-01,2010-09-06,18,94,16.41,5.73,91,28,509.90,74,28.33,12.08,0.0033,0.172,8,f,f,733.42
84789,ENCHANTED BIRD PLANT CAGE,fora_do_escopo,,semanal,B,normal,2009-12-06,2010-12-06,64,3,5.79,0.52,28,14,929.04,261,14.52,17.54,0.5958,0.152,10,f,t,733.42
84791,GINGHAM HEART DECORATION,provavel_descontinuacao,125,semanal,B,ruptura,2009-12-01,2010-07-20,77,142,3.04,46.72,19,14,1094.98,337,14.22,32.75,0.0000,0.056,244,f,t,733.42
84792,ENCHANTED BIRD COATHANGER 5 HOOK,fora_do_escopo,,semanal,A,normal,2009-12-01,2010-12-09,183,0,2.05,0.00,16,14,6289.38,1493,34.37,117.39,1.0000,0.107,0,f,t,733.42
84795A,PASTEL STRIPE HAMMOCK,provavel_descontinuacao,101,semanal,B,ruptura,2009-12-06,2010-08-04,50,127,4.92,25.82,37,14,1703.97,209,34.08,48.50,0.0000,0.098,10,f,t,733.42
84795B,SUNSET CHECK HAMMOCK,fora_do_escopo,,mensal,B,normal,2009-12-06,2010-12-06,44,3,8.49,0.35,83,28,1102.99,133,25.07,20.67,0.7023,0.234,0,f,t,733.42
84795C,OCEAN STRIPE HAMMOCK,monitorar,23,semanal,A,ruptura,2009-12-02,2010-10-22,82,48,4.00,12.00,100,14,2736.69,323,33.37,58.40,0.0000,0.087,3,f,t,733.42
84795D,SEASIDE STRIPE HAMMOCK,provavel_descontinuacao,112,semanal,B,ruptura,2009-12-04,2010-08-03,57,128,4.32,29.62,52,14,1538.79,189,27.00,43.73,0.0000,0.093,6,f,t,733.42
84795E,RIO PINK STRIPE HAMMOCK,fora_do_escopo,,ocasional,C,indicio,2009-12-02,2010-08-01,5,130,60.50,2.15,105,,79.50,10,15.90,1.84,0.1166,0.700,137,f,f,733.42
84796A,PINK HAWAIIAN PICNIC HAMPER FOR 2,monitorar,50,semanal,B,ruptura,2009-12-07,2010-11-15,64,24,5.44,4.41,88,14,1597.99,234,24.97,32.10,0.0122,0.089,8,f,t,733.42
84796B,BLUE SAVANNAH PICNIC HAMPER FOR 2,fora_do_escopo,,mensal,A,atraso,2009-12-01,2010-11-29,44,10,8.44,1.18,94,28,2623.32,346,59.62,49.44,0.3059,0.054,8,f,t,733.42
84797A,PINK HAWAIIAN PICNIC HAMPER FOR 4,provavel_descontinuacao,24,semanal,A,ruptura,2009-12-01,2010-06-04,28,188,6.85,27.44,38,14,3560.09,499,127.15,129.90,0.0000,0.133,10,f,t,733.42
84797B,BLUE SAVANNAH PICNIC HAMPER FOR 4,provavel_descontinuacao,53,mensal,B,ruptura,2009-12-01,2010-06-01,23,191,8.27,23.09,73,28,2077.82,344,90.34,76.44,0.0000,0.229,10,f,t,733.42
84798A,PINK FOXGLOVE ARTIIFCIAL FLOWER,fora_do_escopo,,ocasional,C,atraso,2010-01-05,2010-10-10,6,60,55.60,1.08,128,,373.80,172,62.30,7.84,0.3399,0.809,6,f,f,733.42
84798B,PURPLE FOXGLOVE ARTIIFCIAL FLOWER,fora_do_escopo,,ocasional,C,ruptura,2010-01-07,2010-06-06,7,186,25.00,7.44,64,,464.85,315,66.41,18.59,0.0006,0.651,6,f,f,733.42
84798C,WHITE FOXGLOVE ARTIIFCIAL FLOWER,fora_do_escopo,,mensal,C,ruptura,2010-01-05,2010-02-04,3,308,15.00,20.53,22,28,40.80,16,13.60,6.35,0.0000,0.375,22,f,f,733.42
84799,SPRIG LAVENDER ARTIFICIAL FLOWER,fora_do_escopo,,mensal,C,normal,2010-01-21,2010-11-29,19,10,17.33,0.58,49,28,369.55,455,19.45,7.85,0.5616,0.162,78,f,f,733.42
84800L,LARGE WHITE/PINK ROSE ART FLOWER,fora_do_escopo,,ocasional,C,normal,2010-01-19,2010-11-29,16,10,20.93,0.48,43,,331.43,290,20.71,6.93,0.6202,0.246,8,f,f,733.42
84800M,MEDIUM WHITE/PINK ROSE ART FLOWER,fora_do_escopo,,ocasional,C,normal,2010-01-28,2010-11-29,15,10,21.79,0.46,101,,182.91,123,12.19,3.92,0.6319,0.222,41,f,f,733.42
84800S,SMALL WHITE/PINK ROSE ART FLOWER,fora_do_escopo,,ocasional,C,atraso,2010-02-19,2010-10-22,9,48,30.63,1.57,124,,171.97,281,19.11,4.37,0.2086,0.352,8,f,f,733.42
84801A,PINK HYDRANGEA ART FLOWER,fora_do_escopo,,ocasional,C,atraso,2010-01-05,2010-10-22,10,48,32.22,1.49,107,,330.84,226,33.08,7.19,0.2255,0.490,155,f,f,733.42
84801B,WHITE HYDRANGEA ART FLOWER,fora_do_escopo,,ocasional,C,normal,2009-12-17,2010-11-17,14,22,25.77,0.85,71,,298.80,192,21.34,5.80,0.4258,0.169,24,f,f,733.42
84802A,WHITE ANEMONE ARTIFICIAL FLOWER,fora_do_escopo,,mensal,C,normal,2009-12-11,2010-11-29,23,10,16.05,0.62,59,28,349.83,207,15.21,6.64,0.5362,0.232,60,f,f,733.42
84802B,PURPLE ANEMONE ARTIFICIAL FLOWER,fora_do_escopo,,ocasional,C,indicio,2009-12-02,2010-10-22,16,48,21.60,2.22,96,,423.59,431,26.47,8.58,0.1084,0.192,60,f,f,733.42
84803A,PINK ALLIUM  ARTIFICIAL FLOWER,fora_do_escopo,,ocasional,C,normal,2010-01-07,2010-11-18,15,21,22.50,0.93,60,,184.21,109,12.28,3.82,0.3932,0.110,6,f,f,733.42
84803B,WHITE ALLIUM  ARTIFICIAL FLOWER,fora_do_escopo,,ocasional,C,indicio,2010-02-04,2010-09-15,7,85,37.17,2.29,164,,42.25,25,6.04,1.14,0.1016,0.480,16,f,f,733.42
84804A,CREAM DELPHINIUM ARTIFICIAL FLOWER,fora_do_escopo,,ocasional,C,ruptura,2010-01-19,2010-07-05,9,157,20.88,7.52,50,,233.50,154,25.94,8.70,0.0005,0.303,0,f,f,733.42
84804B,BLUE DELPHINIUM ARTIFICIAL FLOWER,fora_do_escopo,,ocasional,C,ruptura,2010-01-05,2010-09-09,13,91,20.58,4.42,66,,349.00,268,26.85,9.13,0.0120,0.203,60,f,f,733.42
84805A,CREAM CLIMBING HYDRANGA ART FLOWER,fora_do_escopo,,ocasional,C,normal,2010-03-02,2010-10-11,4,59,74.33,0.79,134,,152.85,115,38.21,3.60,0.4522,0.534,10,f,f,733.42
84805B,BLUE CLIMBING HYDRANGA ART FLOWER,fora_do_escopo,,ocasional,C,normal,2010-01-07,2010-10-22,6,48,57.60,0.83,140,,498.90,302,83.15,10.11,0.4346,0.568,6,f,f,733.42
84806A,PINK CANDYSTUFT ARTIFICIAL FLOWER,fora_do_escopo,,ocasional,C,atraso,2010-01-24,2010-10-22,9,48,33.88,1.42,106,,165.02,182,18.34,3.79,0.2424,0.211,0,f,f,733.42
84806B,WHITE CANDYSTUFT ARTIFICIAL FLOWER,fora_do_escopo,,ocasional,C,normal,2010-03-14,2010-11-29,12,10,23.64,0.42,147,,156.46,142,13.04,3.86,0.6550,0.222,8,f,f,733.42
84807,RED POPPY ARTIFICIAL FLOWER,fora_do_escopo,,ocasional,C,ruptura,2010-01-07,2010-05-14,7,209,21.17,9.87,41,,215.93,233,30.85,10.20,0.0001,0.515,8,f,f,733.42
84809A,WHITE CHRYSANTHEMUMS ART FLOWER,fora_do_escopo,,ocasional,C,normal,2010-01-27,2010-12-08,14,1,24.23,0.04,56,,384.54,233,27.47,7.93,0.9596,0.159,10,f,f,733.42
84809B,PINK CHRYSANTHEMUMS ART FLOWER,fora_do_escopo,,ocasional,C,normal,2010-01-27,2010-10-24,6,46,54.00,0.85,142,,313.80,278,52.30,6.78,0.4266,0.585,8,f,f,733.42
84813,SET OF 4 DIAMOND NAPKIN RINGS,fora_do_escopo,,semanal,B,normal,2009-12-01,2010-12-07,55,2,6.87,0.29,54,14,1970.71,260,35.83,36.51,0.7474,0.096,363,f,t,733.42
84814B,RHOMBUS CRYSTAL PERFUME BOTTLE,fora_do_escopo,,semanal,C,ruptura,2009-12-01,2009-12-06,2,368,5.00,73.60,5,14,13.65,7,6.83,9.56,0.0000,0.571,142,f,f,733.42
84815,SET OF 3 DANISH ROSE PLANTERS,cliente_principal_parou,14,semanal,B,ruptura,2009-12-10,2010-06-15,48,177,3.98,44.49,23,14,1200.82,930,25.02,44.01,0.0000,0.505,199,f,t,733.42
84816,DANISH ROSE BEDSIDE CABINET,fora_do_escopo,,ocasional,B,normal,2009-12-21,2010-11-17,10,22,36.78,0.60,107,,759.00,20,75.90,14.45,0.5498,0.184,37,f,t,733.42
84817,DANISH ROSE DECORATIVE PLATE,fora_do_escopo,,mensal,C,normal,2010-02-08,2010-11-30,24,9,12.83,0.70,54,28,226.80,108,9.45,5.16,0.4957,0.111,1,f,f,733.42
84818,DANISH ROSE PHOTO FRAME,fora_do_escopo,,semanal,B,normal,2009-12-02,2010-12-09,89,0,4.23,0.00,30,14,923.99,366,10.38,17.19,1.0000,0.055,8,f,t,733.42
84819,DANISH ROSE ROUND SEWING BOX,fora_do_escopo,,mensal,C,normal,2009-12-06,2010-12-06,32,3,11.77,0.25,44,28,441.97,103,13.81,8.21,0.7751,0.087,0,f,f,733.42
84820,DANISH ROSE TRINKET TRAYS,fora_do_escopo,,mensal,C,normal,2010-01-19,2010-11-26,23,13,14.14,0.92,52,28,416.32,64,18.10,8.96,0.3987,0.143,29,f,f,733.42
84821,DANISH ROSE DELUXE COASTER,fora_do_escopo,,mensal,C,normal,2009-12-22,2010-11-28,31,11,11.37,0.97,77,28,335.35,383,10.82,6.66,0.3799,0.213,0,f,f,733.42
84823,DANISH ROSE FOLDING CHAIR,fora_do_escopo,,ocasional,C,normal,2010-04-26,2010-11-10,4,29,66.00,0.44,125,,319.60,8,79.90,8.47,0.6444,0.500,29,f,f,733.42
84824,DANISH ROSE UMBRELLA STAND,fora_do_escopo,,mensal,C,ruptura,2009-12-14,2010-08-17,27,114,9.46,12.05,41,28,644.55,36,23.87,17.66,0.0000,0.104,70,f,f,733.42
84826,ASSTD DESIGN 3D PAPER STICKERS,fora_do_escopo,,mensal,C,normal,2009-12-06,2010-12-02,21,7,18.05,0.39,56,28,537.50,640,25.60,9.93,0.6785,0.095,17,f,f,733.42
84827,ASS DES PHONE SPONGE CRAFT STICKER,fora_do_escopo,,ocasional,C,normal,2009-12-08,2010-12-05,16,4,24.13,0.17,82,,378.30,582,23.64,6.86,0.8473,0.206,4,f,f,733.42
84828,JUNGLE POPSICLES ICE LOLLY HOLDERS,fora_do_escopo,,semanal,B,normal,2009-12-02,2010-12-09,129,0,2.91,0.00,18,14,1811.44,1418,14.04,33.82,1.0000,0.058,0,f,t,733.42
84830,LARGE ENGLISH ARBORETUM,fora_do_escopo,,mensal,B,ruptura,2009-12-05,2010-03-07,7,277,15.33,18.07,31,28,1195.15,113,170.74,77.94,0.0000,0.837,0,f,t,733.42
84832,ZINC WILLIE WINKIE  CANDLE STICK,fora_do_escopo,,diario,A,normal,2009-12-01,2010-12-09,198,0,1.89,0.00,14,7,3519.68,3954,17.78,65.72,1.0000,0.044,9,f,t,733.42
84836,ZINC METAL HEART DECORATION,fora_do_escopo,,diario,A,normal,2009-12-01,2010-12-09,289,0,1.30,0.00,13,7,17378.85,14307,60.13,325.02,1.0000,0.158,9,f,t,733.42
84837,WHITE SWEETHEARTS CABINET 4 DRAWERS,provavel_descontinuacao,40,semanal,A,ruptura,2009-12-01,2010-08-02,106,129,2.32,55.51,13,14,3235.54,253,30.52,91.95,0.0000,0.060,1,f,t,733.42
84838,ANT WHITE HIGH RISE BIRD BOX,fora_do_escopo,,mensal,C,ruptura,2009-12-18,2010-01-12,3,331,12.50,26.48,22,28,312.50,50,104.17,58.33,0.0000,0.864,0,f,f,733.42
84839,SWEETHEART KEY CABINET,monitorar,6,diario,A,ruptura,2009-12-01,2010-10-26,187,44,1.77,24.88,53,7,8848.30,1538,47.32,187.25,0.0000,0.164,0,f,t,733.42
84840,SWEETHEART CARRY-ALL BASKET,fora_do_escopo,,semanal,B,normal,2010-05-02,2010-12-08,94,1,2.37,0.42,9,14,2422.32,281,25.77,76.25,0.6553,0.032,58,f,t,733.42
84842,HELLO SAILOR BATHROOM SET,fora_do_escopo,,mensal,C,atraso,2009-12-07,2010-11-15,25,24,14.29,1.68,48,28,695.40,1492,27.82,13.62,0.1865,0.342,73,f,f,733.42
84843,WHITE SOAP RACK WITH 2 BOTTLES,fora_do_escopo,,mensal,B,normal,2009-12-07,2010-12-09,53,0,7.06,0.00,35,28,779.11,111,14.70,14.58,1.0000,0.092,63,f,t,733.42
84845C,CARNATION SQUARE HANDY TIN,fora_do_escopo,,ocasional,C,ruptura,2009-12-06,2010-08-18,13,113,21.25,5.32,63,,52.50,42,4.04,1.33,0.0049,0.143,11,f,f,733.42
84845D,GERANIUM SQUARE HANDY TIN,fora_do_escopo,,ocasional,C,atraso,2009-12-06,2010-10-21,10,49,35.44,1.38,123,,51.25,41,5.13,1.01,0.2510,0.293,11,f,f,733.42
84846A,SCENTED CANDLE IN DIGITALIS TIN,fora_do_escopo,,mensal,C,normal,2009-12-04,2010-12-07,41,2,9.20,0.22,67,28,473.03,208,11.54,8.78,0.8046,0.053,186,f,f,733.42
84847,FLORAL BATHROOM SET,fora_do_escopo,,mensal,B,atraso,2009-12-14,2010-11-28,35,11,10.26,1.07,51,28,1078.48,2311,30.81,21.01,0.3424,0.341,73,f,t,733.42
84849A,HELLO SAILOR BLUE SOAP HOLDER,fora_do_escopo,,mensal,C,normal,2009-12-08,2010-12-09,49,0,7.63,0.00,54,28,512.89,304,10.47,9.61,1.0000,0.271,3,f,f,733.42
84849B,FAIRY SOAP SOAP HOLDER,fora_do_escopo,,semanal,A,normal,2009-12-01,2010-12-09,166,0,2.26,0.00,14,14,2831.16,1706,17.06,52.81,1.0000,0.113,6,f,t,733.42
84849D,HOT BATHS SOAP HOLDER,fora_do_escopo,,semanal,B,normal,2010-01-14,2010-12-09,114,0,2.91,0.00,13,14,1786.31,1080,15.67,37.67,1.0000,0.284,6,f,t,733.42
84854,GIRLY PINK TOOL SET,fora_do_escopo,,semanal,B,atraso,2009-12-01,2010-12-01,77,8,4.80,1.67,66,14,2084.42,382,27.07,39.46,0.1890,0.147,1,f,t,733.42
84855,BLOKEY SILVER TOOL SET,fora_do_escopo,,ocasional,C,ruptura,2009-12-01,2010-07-11,11,151,22.20,6.80,127,,196.70,36,17.88,5.64,0.0011,0.327,14,f,f,733.42
84856L,LARGE TAHITI BEACH BAG,fora_do_escopo,,semanal,B,atraso,2009-12-17,2010-12-01,65,8,5.45,1.47,35,14,1486.33,237,22.87,29.35,0.2306,0.130,55,f,t,733.42
84856S,SMALL TAHITI BEACH BAG,provavel_descontinuacao,84,mensal,B,ruptura,2009-12-14,2010-07-19,28,143,8.04,17.79,24,28,1858.61,463,66.38,57.81,0.0000,0.394,7,f,t,733.42
84857A,SILVER MONTE CARLO HANDBAG,fora_do_escopo,,ocasional,C,ruptura,2010-02-03,2010-05-21,3,202,53.50,3.78,104,,68.00,8,22.67,2.97,0.0229,0.875,18,f,f,733.42
84857C,PINK MONTE CARLO HANDBAG,fora_do_escopo,,mensal,C,ruptura,2010-06-16,2010-08-24,5,107,17.25,6.20,49,28,212.70,99,42.54,17.26,0.0020,0.440,8,f,f,733.42
84858A,NATURAL RIVIERA HANDBAG,fora_do_escopo,,ocasional,C,indicio,2009-12-04,2010-09-15,8,85,40.71,2.09,128,,128.83,53,16.10,2.77,0.1240,0.398,10,f,f,733.42
84858B,BLUE RIVIERA HANDBAG,fora_do_escopo,,semanal,C,ruptura,2010-04-28,2010-06-02,7,190,5.83,32.57,12,14,431.00,326,61.57,73.89,0.0000,0.496,8,f,f,733.42
84858C,PINK RIVIERA HANDBAG,fora_do_escopo,,mensal,C,atraso,2009-12-18,2010-11-19,22,20,16.00,1.25,59,28,349.39,161,15.88,6.95,0.2865,0.429,78,f,f,733.42
84859A,SILVER DISCO HANDBAG,fora_do_escopo,,mensal,C,indicio,2009-12-11,2010-10-25,20,45,16.74,2.69,48,28,340.54,164,17.03,7.12,0.0680,0.184,8,f,f,733.42
84859B,BLUE DISCO HANDBAG,fora_do_escopo,,ocasional,C,atraso,2010-02-03,2010-09-29,7,71,39.67,1.79,128,,368.65,251,52.66,9.29,0.1670,0.760,8,f,f,733.42
84859C,PINK DISCO HANDBAG,fora_do_escopo,,ocasional,C,normal,2009-12-11,2010-11-19,14,20,26.38,0.76,206,,372.20,220,26.59,7.05,0.4686,0.416,8,f,f,733.42
84864A,PINK PAISLEY PHOTO ALBUM,fora_do_escopo,,ocasional,C,atraso,2010-02-08,2010-08-19,4,112,64.00,1.75,114,,67.71,7,16.93,1.85,0.1738,0.199,30,f,f,733.42
84865,NEW BAROQUE BLACK PHOTO ALBUM,fora_do_escopo,,mensal,C,normal,2009-12-22,2010-12-09,33,0,11.00,0.00,54,28,535.69,54,16.23,10.33,1.0000,0.095,0,f,f,733.42
84867A,PINK BABY GIRLS PHOTO ALBUM,fora_do_escopo,,ocasional,C,ruptura,2010-01-07,2010-05-05,4,218,39.33,5.54,57,,119.39,17,29.85,5.31,0.0039,0.598,0,f,f,733.42
84868A,PINK BABY GIRL'S MEMORY BOX,fora_do_escopo,,semanal,C,ruptura,2010-01-26,2010-01-31,2,312,5.00,62.40,5,14,13.90,2,6.95,9.73,0.0000,0.500,42,f,f,733.42
84868B,BLUE BABY BOY'S MEMORY BOX,fora_do_escopo,,ocasional,C,ruptura,2010-01-26,2010-05-09,4,214,34.33,6.23,65,,34.75,5,8.69,1.77,0.0020,0.400,27,f,f,733.42
84869,CANDY BUTTON PHOTO ALBUM,fora_do_escopo,,semanal,C,ruptura,2009-12-09,2010-04-23,24,230,5.87,39.19,26,14,703.54,302,29.31,34.96,0.0000,0.480,8,f,f,733.42
84870B,BLUE GEISHA GIRL,fora_do_escopo,,ocasional,C,normal,2009-12-07,2010-12-05,18,4,21.35,0.19,75,,199.03,52,11.06,3.62,0.8292,0.151,13,f,f,733.42
84870C,GREEN GEISHA GIRL,fora_do_escopo,,ocasional,C,normal,2009-12-14,2010-12-05,16,4,23.73,0.17,78,,206.81,53,12.93,3.81,0.8449,0.145,13,f,f,733.42
84872A,TEATIME FUNKY FLOWER BACKPACK FOR 2,fora_do_escopo,,semanal,B,normal,2009-12-01,2010-12-09,62,0,6.11,0.00,73,14,1953.90,175,31.51,36.08,1.0000,0.017,23,f,t,733.42
84873A,FUNKY FLOWER PICNIC BAG FOR 4,provavel_descontinuacao,126,mensal,B,ruptura,2009-12-01,2010-09-09,20,91,14.84,6.13,56,28,1350.56,119,67.53,31.85,0.0022,0.025,147,f,t,733.42
84874B,BLUE TRAVEL FIRST AID KIT,fora_do_escopo,,mensal,C,normal,2009-12-02,2010-12-05,22,4,17.52,0.23,111,28,75.90,46,3.45,1.38,0.7959,0.217,25,f,f,733.42
84875A,PINK SQUARE COMPACT MIRROR,fora_do_escopo,,ocasional,C,normal,2009-12-02,2010-11-30,12,9,33.00,0.27,96,,60.00,16,5.00,1.06,0.7613,0.313,9,f,f,733.42
84875B,GREEN SQUARE COMPACT MIRROR,fora_do_escopo,,ocasional,C,normal,2010-04-18,2010-12-09,5,0,58.75,0.00,209,,322.50,246,64.50,7.69,1.0000,0.930,7,f,f,733.42
84875D,BLUE SQUARE COMPACT MIRROR,fora_do_escopo,,ocasional,C,normal,2009-12-03,2010-11-28,13,11,30.00,0.37,131,,420.00,320,32.31,7.54,0.6930,0.714,7,f,f,733.42
84876B,GREEN HEART COMPACT MIRROR,fora_do_escopo,,ocasional,C,normal,2009-12-10,2010-11-30,7,9,59.17,0.15,211,,172.50,126,24.64,2.92,0.8589,0.348,8,f,f,733.42
84876C,SILVER HEART COMPACT MIRROR,fora_do_escopo,,ocasional,C,ruptura,2009-12-13,2010-03-07,3,277,42.00,6.60,45,,30.00,8,10.00,1.67,0.0014,0.500,17,f,f,733.42
84876D,BLUE HEART COMPACT MIRROR,fora_do_escopo,,ocasional,C,normal,2009-12-16,2010-12-09,18,0,21.06,0.00,70,,398.02,207,22.11,7.35,1.0000,0.226,0,f,f,733.42
84877A,PINK ROUND COMPACT MIRROR,fora_do_escopo,,ocasional,C,normal,2009-12-17,2010-11-30,13,9,29.00,0.31,91,,127.50,34,9.81,2.37,0.7332,0.353,9,f,f,733.42
84877B,GREEN ROUND COMPACT MIRROR,fora_do_escopo,,mensal,C,normal,2009-12-01,2010-11-30,22,9,17.33,0.52,98,28,293.87,147,13.36,5.39,0.5950,0.102,6,f,f,733.42
84877D,BLUE ROUND COMPACT MIRROR,fora_do_escopo,,mensal,C,normal,2009-12-09,2010-12-09,24,0,15.87,0.00,106,28,243.03,70,10.13,4.47,1.0000,0.123,186,f,f,733.42
84879,ASSORTED COLOUR BIRD ORNAMENT,fora_do_escopo,,diario,A,normal,2009-12-01,2010-12-09,290,0,1.29,0.00,13,7,73092.99,45348,252.04,1366.99,1.0000,0.158,15,f,t,733.42
84880,WHITE WIRE EGG HOLDER,fora_do_escopo,,semanal,A,normal,2009-12-03,2010-12-07,179,2,2.07,0.96,29,14,8280.37,1493,46.26,156.20,0.3811,0.234,7,f,t,733.42
84881,BLUE WIRE SPIRAL CANDLE HOLDER,fora_do_escopo,,mensal,C,normal,2010-01-28,2010-12-05,19,4,17.28,0.23,43,28,273.07,42,14.37,5.82,0.7933,0.093,2,f,f,733.42
84882,GREEN WIRE STANDING CANDLE HOLDER,fora_do_escopo,,ocasional,C,normal,2009-12-03,2010-11-28,18,11,21.18,0.52,55,,139.59,30,7.76,2.56,0.5949,0.107,277,f,f,733.42
84884A,ANT WHITE WIRE HEART SPIRAL,fora_do_escopo,,semanal,A,normal,2009-12-01,2010-12-09,173,0,2.17,0.00,14,14,5263.17,1439,30.42,98.20,1.0000,0.132,0,f,t,733.42
84886,BLUE METAL WALL SHELF,fora_do_escopo,,mensal,C,ruptura,2010-01-28,2010-07-01,9,161,19.25,8.36,118,28,129.35,13,14.37,5.23,0.0002,0.154,99,f,f,733.42
84891B,GREEN WIRE GOBLET CANDLEHOLDER,fora_do_escopo,,ocasional,C,normal,2010-05-30,2010-11-18,5,21,43.00,0.49,84,,95.40,12,19.08,3.11,0.6136,0.167,11,f,f,733.42
84893,ANT WHITE IRON BASKET,fora_do_escopo,,semanal,C,ruptura,2009-12-06,2010-03-01,15,283,6.07,46.61,22,14,192.30,34,12.82,14.78,0.0000,0.257,44,f,f,733.42
84898F,YELLOW FLOWERS FELT HANDBAG KIT,fora_do_escopo,,mensal,C,normal,2009-12-01,2010-12-05,32,4,11.90,0.34,58,28,268.82,126,8.40,4.94,0.7146,0.125,38,f,f,733.42
84899E,YELLOW + BROWN BEAR FELT PURSE KIT,fora_do_escopo,,mensal,C,ruptura,2009-12-01,2010-05-06,18,217,9.18,23.65,42,28,73.93,53,4.11,3.13,0.0000,0.203,77,f,f,733.42
84899F,YELLOW PURPLE DAISY FELT PURSE KIT,fora_do_escopo,,mensal,C,atraso,2009-12-01,2010-11-26,46,13,8.00,1.63,27,28,192.17,121,4.18,3.66,0.1969,0.091,21,f,f,733.42
84901,BLACK FACE LAMB WITH PANTS,fora_do_escopo,,semanal,C,ruptura,2009-12-01,2010-10-20,62,50,5.30,9.44,25,14,482.38,126,7.78,10.29,0.0001,0.054,22,f,f,733.42
84902,PINK KNITTED COW STUFFED TOY,fora_do_escopo,,semanal,C,ruptura,2009-12-01,2010-07-04,42,158,5.24,30.13,24,14,326.33,84,7.77,10.37,0.0000,0.069,214,f,f,733.42
84905,PINK BUTTERFLY CUSHION COVER,monitorar,95,semanal,B,ruptura,2009-12-16,2010-11-14,65,25,5.20,4.80,35,14,834.43,234,12.84,17.27,0.0082,0.071,51,f,t,733.42
84906,PINK B'FLY C/COVER W BOBBLES,fora_do_escopo,,ocasional,C,normal,2009-12-03,2010-12-01,10,8,40.33,0.20,97,,190.40,32,19.04,3.30,0.8201,0.469,51,f,f,733.42
84907,PINK YELLOW PATCH CUSHION COVER,fora_do_escopo,,ocasional,B,atraso,2009-12-02,2010-11-07,13,32,28.33,1.13,102,,818.24,362,62.94,15.55,0.3232,0.767,8,f,t,733.42
84908A,PINK 5 PATCH FLOWER CUSHION COVER,monitorar,69,mensal,B,ruptura,2010-02-07,2010-11-12,34,27,8.42,3.21,32,28,1052.11,433,30.94,25.71,0.0406,0.712,8,f,t,733.42
84908B,BLUE 5 PATCH FLOWER CUSHION COVER,monitorar,66,mensal,B,indicio,2010-03-02,2010-11-18,32,21,8.42,2.49,29,28,1052.29,435,32.88,27.34,0.0826,0.712,8,f,t,733.42
84909A,PINK PAISLEY QUILT,provavel_descontinuacao,13,mensal,A,ruptura,2009-12-09,2010-03-24,14,260,8.08,32.19,47,28,2797.55,209,199.83,173.18,0.0000,0.419,8,f,t,733.42
84910A,PINK PAISLEY CUSHION COVER,fora_do_escopo,,mensal,B,normal,2009-12-01,2010-12-08,35,1,10.94,0.09,47,28,1050.15,408,30.00,19.20,0.9127,0.471,8,f,t,733.42
84912A,PINK ROSE WASHBAG,fora_do_escopo,,semanal,B,normal,2009-12-03,2010-12-09,126,0,2.97,0.00,22,14,2462.63,943,19.54,46.10,1.0000,0.487,0,f,t,733.42
84912B,GREEN ROSE WASHBAG,fora_do_escopo,,semanal,B,normal,2009-12-01,2010-12-09,82,0,4.60,0.00,71,14,2019.80,825,24.63,37.44,1.0000,0.594,0,f,t,733.42
84913A,SOFT PINK ROSE TOWEL,fora_do_escopo,,semanal,B,normal,2009-12-09,2010-12-09,112,0,3.29,0.00,42,14,1334.43,356,11.91,25.36,1.0000,0.042,0,f,t,733.42
84913B,MINT GREEN ROSE TOWEL,fora_do_escopo,,semanal,B,normal,2009-12-02,2010-12-09,96,0,3.92,0.00,57,14,918.30,246,9.57,17.10,1.0000,0.051,11,f,t,733.42
84914A,PINK ROSE PICNIC RUG,fora_do_escopo,,mensal,C,ruptura,2010-05-05,2010-06-09,5,183,8.75,20.91,15,28,155.70,6,31.14,24.91,0.0000,0.333,22,f,f,733.42
84915,HAND TOWEL PINK FLOWER AND DAISY,fora_do_escopo,,mensal,C,normal,2010-03-30,2010-12-09,17,0,15.88,0.00,44,28,135.50,24,7.97,3.51,1.0000,0.088,6,f,f,733.42
84916,HAND TOWEL PALE BLUE W FLOWERS,fora_do_escopo,,mensal,C,normal,2009-12-04,2010-12-09,31,0,12.33,0.00,76,28,223.52,44,7.21,4.09,1.0000,0.080,3,f,f,733.42
84917,WHITE HAND TOWEL WITH BUTTERFLY,fora_do_escopo,,mensal,C,normal,2010-01-07,2010-12-09,27,0,12.92,0.00,81,28,232.36,48,8.61,4.66,1.0000,0.256,0,f,f,733.42
84918,CREAM CUSHION COVER WITH FLOWERS,provavel_descontinuacao,149,semanal,B,ruptura,2009-12-06,2010-09-27,51,73,5.90,12.37,48,14,995.12,208,19.51,23.15,0.0000,0.094,8,f,t,733.42
84919,BLUE CUSHION COVER WITH FLOWER,provavel_descontinuacao,140,ocasional,B,indicio,2009-12-09,2010-10-04,13,66,24.92,2.65,61,,1238.06,233,95.24,26.76,0.0707,0.845,8,f,t,733.42
84920,PINK FLOWER FABRIC PONY,fora_do_escopo,,mensal,C,normal,2009-12-01,2010-12-05,36,4,10.54,0.38,53,28,377.90,91,10.50,6.97,0.6843,0.062,164,f,f,733.42
84921,CREAM AND PINK FLOWERS PONY,fora_do_escopo,,ocasional,C,normal,2009-12-13,2010-12-05,10,4,39.67,0.10,90,,75.00,20,7.50,1.32,0.9041,0.150,24,f,f,733.42
84922,PINK BUTTERFLY WASHBAG,fora_do_escopo,,ocasional,B,normal,2009-12-03,2010-11-22,11,17,35.40,0.48,182,,765.93,333,69.63,13.77,0.6186,0.783,0,f,t,733.42
84923,PINK BUTTERFLY HANDBAG W BOBBLES,fora_do_escopo,,semanal,C,normal,2010-02-04,2010-12-07,48,2,6.51,0.31,74,14,409.25,86,8.53,9.17,0.7355,0.083,148,f,f,733.42
84924A,WAKE UP COCKEREL CALENDAR SIGN,fora_do_escopo,,mensal,C,normal,2009-12-04,2010-12-08,27,1,14.19,0.07,64,28,244.91,58,9.07,4.47,0.9320,0.061,63,f,f,733.42
84924D,LA PALMIERA METAL SIGN CALENDAR,fora_do_escopo,,ocasional,C,atraso,2009-12-04,2010-11-11,15,28,24.43,1.15,54,,272.61,764,18.17,5.21,0.3178,0.341,73,f,f,733.42
84924F,PSYCHEDELIC METAL SIGN CALENDAR,fora_do_escopo,,ocasional,C,atraso,2009-12-22,2010-09-27,7,73,46.50,1.57,137,,266.65,965,38.09,5.73,0.2081,0.450,73,f,f,733.42
84925A,WAKE UP COCKEREL WALL THERMOMETER,fora_do_escopo,,mensal,C,ruptura,2009-12-02,2010-03-28,17,256,7.25,35.31,16,28,339.29,179,19.96,19.27,0.0000,0.722,0,f,f,733.42
84925C,FAIRY CAKES  WALL THERMOMETER,fora_do_escopo,,mensal,C,ruptura,2009-12-02,2010-05-11,10,212,17.78,11.93,48,28,71.40,28,7.14,2.81,0.0000,0.286,22,f,f,733.42
84925D,LA PALMIERA WALL THERMOMETER,fora_do_escopo,,ocasional,C,normal,2009-12-07,2010-12-03,17,6,22.56,0.27,114,,641.75,438,37.75,11.71,0.7665,0.718,0,f,f,733.42
84925E,FLOWERS WALL THERMOMETER,fora_do_escopo,,ocasional,C,ruptura,2009-12-02,2010-01-12,3,331,20.50,16.15,32,,130.05,75,43.35,14.80,0.0000,0.941,0,f,f,733.42
84925F,PSYCHEDELIC WALL THERMOMETER,fora_do_escopo,,mensal,B,normal,2010-01-12,2010-12-06,21,3,16.40,0.18,61,28,765.73,636,36.46,15.56,0.8328,0.444,0,f,t,733.42
84926A,WAKE UP COCKEREL TILE COASTER,fora_do_escopo,,mensal,C,normal,2010-03-03,2010-12-06,19,3,15.44,0.19,47,28,95.07,69,5.00,2.27,0.8235,0.316,39,f,f,733.42
84926B,SCOTTS ROSES TILE COASTER,fora_do_escopo,,mensal,C,ruptura,2009-12-02,2010-04-18,9,235,17.13,13.72,75,28,67.50,54,7.50,3.07,0.0000,0.444,372,f,f,733.42
84926C,FAIRY CAKES TILE COASTER,fora_do_escopo,,mensal,C,ruptura,2009-12-01,2010-08-05,22,126,11.76,10.71,102,28,192.10,140,8.73,5.20,0.0000,0.078,60,f,f,733.42
84926D,LA PALMIERA TILE COASTER,fora_do_escopo,,ocasional,C,normal,2009-12-04,2010-12-06,14,3,28.23,0.11,107,,93.82,68,6.70,1.66,0.8992,0.453,39,f,f,733.42
84926E,FLOWERS TILE COASTER,fora_do_escopo,,ocasional,C,normal,2009-12-04,2010-11-23,13,16,29.50,0.54,107,,147.52,116,11.35,2.69,0.5814,0.288,2,f,f,733.42
84926F,PSYCHEDELIC TILE COASTER,fora_do_escopo,,ocasional,C,normal,2009-12-04,2010-11-15,14,24,26.62,0.90,63,,83.93,55,6.00,1.58,0.4059,0.179,39,f,f,733.42
84927A,WAKE UP COCKEREL TILE HOOK,fora_do_escopo,,ocasional,C,normal,2010-02-03,2010-12-03,16,6,20.20,0.30,59,,91.37,177,5.71,1.98,0.7430,0.138,2,f,f,733.42
84927D,LA PALMIERA TILE HOOK,fora_do_escopo,,mensal,C,normal,2010-04-18,2010-12-07,15,2,16.64,0.12,51,28,163.64,907,10.91,4.59,0.8868,0.211,73,f,f,733.42
84927E,FLOWERS TILE HOOK,fora_do_escopo,,mensal,C,normal,2010-02-02,2010-11-28,16,11,19.93,0.55,59,28,144.15,435,9.01,3.16,0.5759,0.262,0,f,f,733.42
84927F,PSYCHEDELIC TILE HOOK,fora_do_escopo,,ocasional,C,normal,2009-12-16,2010-12-03,18,6,20.71,0.29,62,,94.58,37,5.25,1.78,0.7484,0.133,13,f,f,733.42
84929,ASSTD FRUIT+FLOWERS FRIDGE MAGNETS,fora_do_escopo,,mensal,C,normal,2009-12-01,2010-11-28,27,11,13.92,0.79,64,28,383.16,708,14.19,7.13,0.4538,0.172,39,f,f,733.42
84931A,PINK SCOTTIE DOG W FLOWER PATTERN,fora_do_escopo,,mensal,C,normal,2009-12-01,2010-11-28,29,11,12.93,0.85,47,28,203.90,74,7.03,3.81,0.4271,0.075,35,f,f,733.42
84931B,BLUE SCOTTIE DOG W FLOWER PATTERN,fora_do_escopo,,mensal,C,normal,2009-12-14,2010-11-29,32,10,11.29,0.89,45,28,269.75,99,8.43,5.23,0.4124,0.093,164,f,f,733.42
84932A,SMALL GREEN PEONY FOLDING STOOL,fora_do_escopo,,mensal,C,ruptura,2009-12-04,2010-06-14,23,178,8.73,20.40,46,28,602.60,262,26.20,21.01,0.0000,0.259,8,f,f,733.42
84932B,SMALL PINK PEONY FOLDING STOOL,fora_do_escopo,,mensal,C,ruptura,2009-12-04,2010-04-26,16,227,9.53,23.81,48,28,401.30,189,25.08,18.42,0.0000,0.389,8,f,f,733.42
84932C,SMALL ORIENTAL BLUE FOLDING STOOL,fora_do_escopo,,mensal,C,ruptura,2009-12-04,2010-06-30,30,162,7.17,22.59,38,28,615.40,282,20.51,20.02,0.0000,0.101,146,f,f,733.42
84932D,SMALL ORIENTAL RED FOLDING STOOL,fora_do_escopo,,mensal,C,ruptura,2009-12-04,2010-04-20,18,233,8.06,28.91,32,28,574.71,239,31.93,27.73,0.0000,0.383,8,f,f,733.42
84933A,LARGE GREEN PEONY FOLDING STOOL,fora_do_escopo,,mensal,C,ruptura,2009-12-01,2010-02-01,6,311,12.40,25.08,35,28,314.35,131,52.39,29.58,0.0000,0.641,8,f,f,733.42
84933B,LARGE PINK PEONY FOLDING STOOL,fora_do_escopo,,mensal,C,ruptura,2009-12-01,2010-01-22,5,321,13.00,24.69,35,28,309.15,136,61.83,33.29,0.0000,0.652,8,f,f,733.42
84933C,LARGE BLUE ORIENTAL FOLDING STOOL,fora_do_escopo,,mensal,C,ruptura,2009-12-04,2010-01-22,5,321,12.25,26.20,18,28,317.00,136,63.40,36.23,0.0000,0.596,8,f,f,733.42
84934,ASSTD DESIGN POP ART SLIM PEN,fora_do_escopo,,mensal,C,ruptura,2009-12-01,2010-04-09,12,244,11.73,20.81,23,28,586.50,687,48.88,29.17,0.0000,0.348,35,f,f,733.42
84937,KASHMIR FOLKART TUMBLERS,provavel_descontinuacao,8,semanal,A,ruptura,2009-12-01,2010-05-07,77,216,2.07,104.56,14,14,5396.64,2543,70.09,237.49,0.0000,0.300,34,f,t,733.42
84942,KASHMIR FOLKART HEART DISHES,fora_do_escopo,,mensal,C,ruptura,2009-12-16,2010-01-24,3,319,19.50,16.36,38,28,5.07,3,1.69,0.61,0.0000,0.333,14,f,f,733.42
84944,SET OF 6 KASHMIR FOLKART BAUBLES,fora_do_escopo,,semanal,B,normal,2009-12-01,2010-12-09,75,0,5.04,0.00,49,14,2169.62,457,28.93,40.17,1.0000,0.071,113,f,t,733.42
84945,MULTI COLOUR SILVER T-LIGHT HOLDER,fora_do_escopo,,semanal,A,normal,2009-12-04,2010-12-09,164,0,2.27,0.00,57,14,9863.17,12105,60.14,185.46,1.0000,0.256,1,f,t,733.42
84946,ANTIQUE SILVER TEA GLASS ETCHED,fora_do_escopo,,diario,A,normal,2009-12-01,2010-12-09,272,0,1.38,0.00,13,7,25440.09,18818,93.53,475.67,1.0000,0.111,2,f,t,733.42
84947,ANTIQUE SILVER TEA GLASS ENGRAVED,fora_do_escopo,,semanal,A,normal,2009-12-02,2010-12-09,185,0,2.02,0.00,17,14,8925.77,7493,48.25,167.05,1.0000,0.079,55,f,t,733.42
84948,SILVER HANGING T-LIGHT HOLDER DOME,fora_do_escopo,,semanal,C,ruptura,2009-12-01,2010-05-11,28,212,5.96,35.55,38,14,469.11,279,16.75,19.67,0.0000,0.084,262,f,f,733.42
84949,SILVER HANGING T-LIGHT HOLDER,fora_do_escopo,,diario,A,normal,2009-12-01,2010-12-09,213,0,1.76,0.00,20,7,11926.02,7485,55.99,222.76,1.0000,0.236,3,f,t,733.42
84950,ASSORTED COLOUR T-LIGHT HOLDER,fora_do_escopo,,semanal,A,normal,2009-12-01,2010-12-07,123,2,3.04,0.66,23,14,3026.82,4396,24.61,56.65,0.5181,0.331,7,f,t,733.42
84951A,SET OF 4 PISTACHIO LOVEBIRD COASTER,fora_do_escopo,,mensal,C,normal,2009-12-01,2010-11-29,31,10,12.10,0.83,42,28,298.30,148,9.62,5.57,0.4376,0.251,8,f,f,733.42
84951B,SET OF 4 BLACK LOVEBIRD COASTERS,fora_do_escopo,,mensal,C,atraso,2009-12-01,2010-11-15,28,24,12.93,1.86,58,28,299.21,124,10.69,5.79,0.1562,0.051,207,f,f,733.42
84952A,CLEAR LOVE BIRD T-LIGHT HOLDER,fora_do_escopo,,ocasional,C,normal,2009-12-06,2010-12-09,15,0,26.29,0.00,107,,203.18,75,13.55,3.61,1.0000,0.332,1,f,f,733.42
84952B,BLACK LOVE BIRD T-LIGHT HOLDER,fora_do_escopo,,ocasional,C,normal,2009-12-01,2010-12-05,16,4,24.60,0.16,103,,369.60,241,23.10,6.57,0.8499,0.639,2,f,f,733.42
84952C,MIRROR LOVE BIRD T-LIGHT HOLDER,fora_do_escopo,,mensal,C,normal,2009-12-02,2010-12-09,26,0,14.88,0.00,103,28,510.13,269,19.62,9.23,1.0000,0.404,2,f,f,733.42
84962,SET/3 COLOUR PAINTED KASHMIRI STOOL,fora_do_escopo,,ocasional,C,indicio,2010-02-22,2010-05-19,2,204,86.00,2.37,86,,179.85,3,89.93,7.32,0.0933,0.667,2,f,f,733.42
84963A,PINK PAINTED KASHMIRI CHAIR,fora_do_escopo,,ocasional,B,normal,2010-02-02,2010-12-05,9,4,38.25,0.10,106,,763.35,23,84.82,15.52,0.9007,0.225,2,f,t,733.42
84963B,BLUE PAINTED KASHMIRI CHAIR,fora_do_escopo,,ocasional,C,normal,2010-05-19,2010-11-02,5,37,41.75,0.89,99,,441.65,15,88.33,14.81,0.4122,0.389,7,f,f,733.42
84964A,PINK PAINTED KASHMIRI TABLE,fora_do_escopo,,ocasional,C,normal,2010-02-22,2010-11-02,2,37,253.00,0.15,253,,630.00,11,315.00,8.72,0.8639,0.952,52,f,f,733.42
84964B,BLUE PAINTED KASHMIRI TABLE,fora_do_escopo,,ocasional,B,normal,2010-02-22,2010-11-02,2,37,253.00,0.15,253,,990.00,17,495.00,13.70,0.8639,0.970,52,f,t,733.42
84965A,PINK KASHMIRI COFFEE TABLE,fora_do_escopo,,ocasional,B,normal,2010-02-22,2010-11-02,3,37,126.50,0.29,193,,1050.00,20,350.00,19.37,0.7464,0.857,52,f,t,733.42
84965B,BLUE KASHMIRI COFFEE TABLE,fora_do_escopo,,ocasional,B,normal,2010-02-22,2010-11-02,4,37,84.33,0.44,193,,1359.95,27,339.99,28.22,0.6449,0.662,52,f,t,733.42
84966A,PINK KASHMIRI BOXED MIRROR,fora_do_escopo,,ocasional,C,normal,2010-01-19,2010-11-02,4,37,95.67,0.39,145,,225.95,13,56.49,4.13,0.6793,0.425,4,f,f,733.42
84966B,BLUE KASHMIRI BOXED MIRROR,fora_do_escopo,,ocasional,C,normal,2010-01-19,2010-11-02,4,37,95.67,0.39,159,,428.00,33,107.00,7.83,0.6793,0.813,4,f,f,733.42
84966C,GREEN KASHMIRI BOXED MIRROR,fora_do_escopo,,ocasional,C,normal,2010-09-03,2010-11-02,2,37,60.00,0.62,60,,276.00,23,138.00,16.10,0.5397,1.000,4,f,f,733.42
84967A,PINK KASHMIRI OCCASIONAL TABLE,fora_do_escopo,,ocasional,C,normal,2010-02-02,2010-10-24,3,46,132.00,0.35,155,,174.90,3,58.30,3.09,0.7058,0.457,4,f,f,733.42
84967B,BLUE KASHMIRI OCCASIONAL TABLE,fora_do_escopo,,ocasional,B,atraso,2010-01-06,2010-11-02,11,37,30.00,1.23,86,,1249.45,24,113.59,26.50,0.2913,0.256,2,f,t,733.42
84967C,GREEN KASHMIRI OCCASIONAL TABLE,fora_do_escopo,,ocasional,C,atraso,2010-05-19,2010-10-11,4,59,48.33,1.22,85,,419.85,9,104.96,15.20,0.2950,0.429,4,f,f,733.42
84968A,SET OF 16 VINTAGE ROSE CUTLERY,fora_do_escopo,,semanal,A,normal,2009-12-03,2010-12-09,80,0,4.70,0.00,24,14,3500.76,268,43.76,65.23,1.0000,0.091,2,f,t,733.42
84968B,S/16 VINTAGE IVORY CUTLERY,monitorar,15,semanal,A,ruptura,2009-12-01,2010-11-01,92,38,3.68,10.32,56,14,5757.89,432,62.59,119.01,0.0000,0.075,0,f,t,733.42
84968C,SET OF 16 VINTAGE PISTACHIO CUTLERY,fora_do_escopo,,semanal,A,normal,2009-12-01,2010-12-07,72,2,5.23,0.38,23,14,4145.25,327,57.57,77.13,0.6820,0.266,6,f,t,733.42
84968D,SET OF 16 VINTAGE RED CUTLERY,fora_do_escopo,,mensal,A,normal,2009-12-08,2010-12-08,45,1,8.30,0.12,39,28,3783.23,318,84.07,70.94,0.8864,0.347,321,f,t,733.42
84968E,SET OF 16 VINTAGE BLACK CUTLERY,fora_do_escopo,,mensal,A,normal,2009-12-02,2010-12-09,50,0,7.59,0.00,26,28,3197.36,264,63.95,58.96,1.0000,0.411,321,f,t,733.42
84968F,SET OF 16 VINTAGE SKY BLUE CUTLERY,fora_do_escopo,,mensal,B,normal,2009-12-01,2010-12-07,51,2,7.42,0.27,32,28,1742.57,125,34.17,32.23,0.7637,0.073,35,f,t,733.42
84969,BOX OF 6 ASSORTED COLOUR TEASPOONS,fora_do_escopo,,semanal,B,normal,2009-12-02,2010-12-07,112,2,3.33,0.60,23,14,2064.36,442,18.43,38.71,0.5488,0.086,0,f,t,733.42
84970L,SINGLE HEART ZINC T-LIGHT HOLDER,fora_do_escopo,,diario,A,normal,2009-12-01,2010-12-09,255,0,1.47,0.00,18,7,11117.20,11618,43.60,207.82,1.0000,0.164,9,f,t,733.42
84970S,HANGING HEART ZINC T-LIGHT HOLDER,fora_do_escopo,,diario,A,normal,2009-12-01,2010-12-09,285,0,1.31,0.00,14,7,14777.14,18088,51.85,276.35,1.0000,0.087,9,f,t,733.42
84971L,LARGE HEART FLOWERS HOOK,fora_do_escopo,,semanal,C,ruptura,2009-12-01,2010-04-07,41,246,3.18,77.48,19,14,727.26,588,17.74,39.11,0.0000,0.241,0,f,f,733.42
84971S,SMALL HEART FLOWERS HOOK,fora_do_escopo,,diario,A,normal,2009-12-02,2010-12-09,190,0,1.97,0.00,14,7,4075.43,4856,21.45,76.28,1.0000,0.070,2,f,t,733.42
84972L,GIANT PINK HEART MEMO HOLDER,fora_do_escopo,,mensal,C,ruptura,2009-12-09,2010-07-14,31,148,7.23,20.46,152,28,462.15,117,14.91,14.43,0.0000,0.068,112,f,f,733.42
84974,S/2 ZINC HEART DESIGN PLANTERS,fora_do_escopo,,mensal,C,ruptura,2010-01-06,2010-10-05,28,65,10.07,6.45,42,28,511.40,52,18.26,12.69,0.0016,0.124,184,f,f,733.42
84975,HEART SHAPED MIRROR,fora_do_escopo,,semanal,A,normal,2009-12-01,2010-12-08,139,1,2.70,0.37,25,14,3300.20,2010,23.74,61.65,0.6901,0.348,9,f,t,733.42
84976,RECTANGULAR SHAPED MIRROR,fora_do_escopo,,mensal,C,normal,2009-12-09,2010-12-01,19,8,19.83,0.40,56,28,279.97,163,14.74,5.20,0.6681,0.373,35,f,f,733.42
84977,WIRE FLOWER T-LIGHT HOLDER,fora_do_escopo,,mensal,C,atraso,2009-12-01,2010-11-23,39,16,9.39,1.70,33,28,281.33,223,7.21,5.37,0.1821,0.107,4,f,f,733.42
84978,HANGING HEART JAR T-LIGHT HOLDER,fora_do_escopo,,diario,A,normal,2009-12-04,2010-12-09,268,0,1.39,0.00,15,7,12257.29,9391,45.74,231.03,1.0000,0.058,6,f,t,733.42
84984A,GREEN PEONY CUSHION COVER,fora_do_escopo,,ocasional,C,ruptura,2010-01-08,2010-08-18,10,113,24.67,4.58,72,,373.77,247,37.38,10.61,0.0102,0.736,8,f,f,733.42
84984B,RED PEONY CUSHION COVER,fora_do_escopo,,ocasional,C,ruptura,2010-01-08,2010-08-18,11,113,22.20,5.09,81,,462.25,305,42.02,13.25,0.0062,0.757,8,f,f,733.42
84984C,ORIENTAL BLUE C/COVER,fora_do_escopo,,ocasional,C,atraso,2009-12-09,2010-11-14,16,25,22.67,1.10,117,,401.16,232,25.07,7.74,0.3319,0.623,8,f,f,733.42
84984D,ORIENTAL RED C/COVER,fora_do_escopo,,ocasional,C,normal,2009-12-01,2010-11-29,16,10,24.20,0.41,223,,344.46,146,21.53,6.23,0.6615,0.363,8,f,f,733.42
84985A,SET OF 72 GREEN PAPER DOILIES,fora_do_escopo,,semanal,B,normal,2009-12-01,2010-12-09,114,0,3.30,0.00,19,14,1002.98,623,8.80,18.66,1.0000,0.069,210,f,t,733.42
84985B,SET OF 72 BLACK PAPER DOILIES,fora_do_escopo,,mensal,C,ruptura,2009-12-01,2010-05-26,24,197,7.65,25.74,80,28,197.94,129,8.25,7.54,0.0000,0.176,210,f,f,733.42
84986B,SET OF 36 SILVER PAPER DOILIES,fora_do_escopo,,semanal,C,ruptura,2009-12-01,2010-10-13,58,57,5.54,10.28,29,14,703.34,470,12.13,15.31,0.0000,0.144,1,f,f,733.42
84987,SET OF 36 TEATIME PAPER DOILIES,fora_do_escopo,,diario,A,normal,2009-12-01,2010-12-08,249,1,1.50,0.67,16,7,7422.63,5101,29.81,139.11,0.5134,0.075,44,f,t,733.42
84988,SET OF 72 PINK HEART PAPER DOILIES,fora_do_escopo,,diario,A,normal,2009-12-01,2010-12-09,245,0,1.53,0.00,13,7,6402.45,4092,26.13,119.66,1.0000,0.043,9,f,t,733.42
84989A,75 GREEN FAIRY CAKE CASES,fora_do_escopo,,semanal,B,normal,2009-12-02,2010-12-07,120,2,3.11,0.64,16,14,1144.86,2128,9.54,21.48,0.5256,0.308,8,f,t,733.42
84989B,75 BLACK FAIRY CAKE CASES,fora_do_escopo,,semanal,C,ruptura,2009-12-03,2010-08-08,51,123,4.96,24.80,28,14,523.50,1020,10.26,14.49,0.0000,0.222,1,f,f,733.42
84990,60 GOLD AND SILVER FAIRY CAKE CASES,ruptura_provavel,22,semanal,B,ruptura,2009-12-01,2010-11-07,133,32,2.58,12.39,20,14,2076.49,4274,15.61,42.31,0.0000,0.168,20,f,t,733.42
84991,60 TEATIME FAIRY CAKE CASES,fora_do_escopo,,diario,A,normal,2009-12-01,2010-12-09,300,0,1.25,0.00,13,7,18220.50,36502,60.74,340.80,1.0000,0.090,20,f,t,733.42
84992,72 SWEETHEART FAIRY CAKE CASES,fora_do_escopo,,diario,A,normal,2009-12-01,2010-12-09,279,0,1.34,0.00,13,7,11029.83,22078,39.53,206.25,1.0000,0.149,20,f,t,733.42
84993A,75 GREEN PETIT FOUR CASES,fora_do_escopo,,semanal,C,normal,2009-12-03,2010-12-09,111,0,3.37,0.00,22,14,517.25,1174,4.66,9.67,1.0000,0.097,8,f,f,733.42
84993B,75 BLACK PETIT FOUR CASES,fora_do_escopo,,semanal,C,normal,2009-12-03,2010-12-08,66,1,5.69,0.18,34,14,242.17,527,3.67,4.51,0.8389,0.083,6,f,f,733.42
84997A,GREEN 3 PIECE MINI DOTS CUTLERY SET,fora_do_escopo,,diario,A,normal,2009-12-01,2010-12-08,187,1,2.00,0.50,48,7,10373.73,2764,55.47,194.16,0.6065,0.071,9,f,t,733.42
84997B,RED 3 PIECE MINI DOTS CUTLERY SET,fora_do_escopo,,diario,A,normal,2009-12-01,2010-12-09,271,0,1.38,0.00,13,7,20422.49,5349,75.36,381.85,1.0000,0.110,9,f,t,733.42
84997C,BLUE 3 PIECE MINI DOTS CUTLERY SET,fora_do_escopo,,diario,A,normal,2009-12-01,2010-12-08,272,1,1.37,0.73,13,7,19100.67,5153,70.22,358.10,0.4826,0.115,6,f,t,733.42
84997D,PINK 3 PIECE MINI DOTS CUTLERY SET,fora_do_escopo,,diario,A,normal,2009-12-01,2010-12-09,241,0,1.55,0.00,38,7,21172.05,5727,87.85,395.68,1.0000,0.104,6,f,t,733.42
85006,SET 4 NURSERY DES ROUND BOXES,fora_do_escopo,,mensal,B,atraso,2009-12-01,2010-11-17,28,22,13.00,1.69,47,28,1232.06,2994,44.00,23.69,0.1841,0.362,73,f,t,733.42
85007,SET OF 3 VINTAGE TEA TIME BOXES,fora_do_escopo,,semanal,C,ruptura,2009-12-02,2010-03-02,15,282,6.43,43.87,18,14,399.62,143,26.64,29.01,0.0000,0.209,112,f,f,733.42
85008,SET OF 3 CONEY ISLAND OVAL BOXES,fora_do_escopo,,semanal,B,normal,2009-12-01,2010-12-09,80,0,4.72,0.00,21,14,1022.57,261,12.78,18.95,1.0000,0.124,28,f,t,733.42
85014A,BLACK/BLUE POLKADOT UMBRELLA,fora_do_escopo,,diario,A,normal,2009-12-01,2010-12-09,214,0,1.75,0.00,13,7,15611.26,3520,72.95,291.60,1.0000,0.332,0,f,t,733.42
85014B,RED RETROSPOT UMBRELLA,fora_do_escopo,,diario,A,normal,2009-12-01,2010-12-09,235,0,1.59,0.00,16,7,20396.66,4307,86.79,381.15,1.0000,0.254,0,f,t,733.42
85014C,BLUE/BROWN DOTS RUFFLED UMBRELLA,provavel_descontinuacao,48,semanal,B,ruptura,2009-12-01,2010-06-11,45,181,4.36,41.48,29,14,2270.73,547,50.46,80.95,0.0000,0.444,0,f,t,733.42
85014D,PINK/BROWN DOTS RUFFLED UMBRELLA,provavel_descontinuacao,4,semanal,A,ruptura,2009-12-01,2010-03-29,48,255,2.51,101.57,24,14,6670.40,1919,138.97,387.46,0.0000,0.712,0,f,t,733.42
85015,SET OF 12  VINTAGE POSTCARD SET,fora_do_escopo,,semanal,B,normal,2009-12-01,2010-12-07,89,2,4.22,0.47,26,14,1069.35,743,12.02,19.95,0.6223,0.175,8,f,t,733.42
85016,SET OF 6 VINTAGE NOTELETS KIT,fora_do_escopo,,semanal,B,normal,2009-12-01,2010-12-08,98,1,3.84,0.26,20,14,1496.05,1125,15.27,27.86,0.7705,0.188,8,f,t,733.42
85017A,ENVELOPE 50 ROMANTIC IMAGES,fora_do_escopo,,semanal,B,normal,2009-12-01,2010-12-07,121,2,3.09,0.65,53,14,787.07,1151,6.50,14.73,0.5237,0.154,157,f,t,733.42
85017B,ENVELOPE 50 BLOSSOM IMAGES,fora_do_escopo,,semanal,B,normal,2009-12-02,2010-12-09,126,0,2.98,0.00,20,14,807.10,1174,6.41,15.07,1.0000,0.150,157,f,t,733.42
85017C,ENVELOPE 50 CURIOUS IMAGES,fora_do_escopo,,semanal,C,normal,2009-12-01,2010-12-05,84,4,4.45,0.90,40,14,701.15,1047,8.35,13.14,0.4067,0.173,157,f,f,733.42
85018A,S/6 PAPER BOXES ROMANTIC IMAGES,fora_do_escopo,,ocasional,C,ruptura,2009-12-16,2010-08-13,10,118,26.67,4.43,67,,63.75,15,6.38,1.67,0.0120,0.267,52,f,f,733.42
85018B,S/6 PAPER BOXES BLOSSOM IMAGES,fora_do_escopo,,ocasional,C,atraso,2009-12-16,2010-11-03,10,36,35.78,1.01,113,,63.75,15,6.38,1.25,0.3656,0.400,25,f,f,733.42
85018C,S/6 PAPER BOXES CURIOUS IMAGES,fora_do_escopo,,ocasional,C,normal,2009-12-09,2010-11-24,4,15,116.67,0.13,224,,127.20,36,31.80,1.91,0.8794,0.800,365,f,f,733.42
85018D,YULETIDE IMAGES S/6 PAPER BOXES,fora_do_escopo,,mensal,B,normal,2009-12-02,2010-12-05,47,4,8.00,0.50,85,28,969.90,787,20.64,18.06,0.6065,0.126,7,f,t,733.42
85019A,ROMANTIC IMAGES NOTEBOOK SET,fora_do_escopo,,ocasional,C,normal,2010-01-05,2010-12-01,17,8,20.63,0.39,100,,367.69,237,21.63,7.34,0.6785,0.490,8,f,f,733.42
85019B,BLOSSOM  IMAGES NOTEBOOK SET,fora_do_escopo,,ocasional,C,normal,2010-03-18,2010-11-24,11,15,25.10,0.60,97,,299.50,206,27.23,7.59,0.5501,0.601,8,f,f,733.42
85019C,CURIOUS  IMAGES NOTEBOOK SET,fora_do_escopo,,ocasional,C,normal,2009-12-04,2010-12-01,15,8,25.86,0.31,88,,393.22,244,26.21,7.10,0.7339,0.458,8,f,f,733.42
85020,ROUND PINK HEART MIRROR,fora_do_escopo,,mensal,C,normal,2009-12-04,2010-12-08,37,1,10.25,0.10,43,28,369.88,166,10.00,6.83,0.9070,0.273,338,f,f,733.42
85023A,CRYSTAL LARGE JEWELLED PHOTO FRAME,fora_do_escopo,,mensal,C,ruptura,2009-12-04,2010-04-19,9,234,17.00,13.76,46,28,56.10,22,6.23,2.57,0.0000,0.273,11,f,f,733.42
85023B,EAU DE NILE JEWELLED PHOTOFRAME,fora_do_escopo,,mensal,C,atraso,2009-12-03,2010-11-17,24,22,15.17,1.45,78,28,447.00,188,18.63,8.59,0.2346,0.338,321,f,f,733.42
85023C,PINK LARGE JEWELED PHOTOFRAME,fora_do_escopo,,mensal,C,ruptura,2010-01-18,2010-06-06,10,186,15.44,12.04,40,28,58.65,23,5.87,2.66,0.0000,0.174,1,f,f,733.42
85024B,EAU DE NILE JEWELLED PHOTOFRAME,fora_do_escopo,,ocasional,C,atraso,2010-01-19,2010-10-11,8,59,37.86,1.56,129,,41.25,25,5.16,0.95,0.2105,0.320,3,f,f,733.42
85024C,PINK SMALL JEWELLED PHOTOFRAME,fora_do_escopo,,mensal,C,normal,2009-12-04,2010-12-08,33,1,11.53,0.09,63,28,145.20,88,4.40,2.67,0.9169,0.170,3,f,f,733.42
85025B,EAU DE NILE HEART SHAPE PHOTO FRAME,fora_do_escopo,,mensal,C,normal,2009-12-07,2010-12-03,52,6,7.08,0.85,39,28,436.94,244,8.40,8.31,0.4284,0.072,3,f,f,733.42
85025C,PINK HEART SHAPE PHOTO FRAME,fora_do_escopo,,semanal,B,normal,2009-12-02,2010-12-08,76,1,4.95,0.20,26,14,781.62,407,10.28,14.55,0.8170,0.141,0,f,t,733.42
85026B,EAU DE NILE JEWELLED T-LIGHT HOLDER,fora_do_escopo,,ocasional,C,normal,2009-12-01,2010-12-07,19,2,20.61,0.10,119,,308.33,234,16.23,5.51,0.9075,0.055,20,f,f,733.42
85027L,FRENCH CHATEAU LARGE PLATTER,fora_do_escopo,,mensal,C,normal,2010-01-17,2010-12-05,21,4,16.10,0.25,62,28,385.95,121,18.38,7.99,0.7800,0.243,6,f,f,733.42
85028L,FRENCH CHATEAU LARGE FRUIT BOWL,fora_do_escopo,,mensal,C,ruptura,2009-12-01,2010-09-21,20,79,15.47,5.11,88,28,634.51,261,31.73,14.35,0.0061,0.443,80,f,f,733.42
85028S,FRENCH CHATEAU SMALL FRUITBOWL,fora_do_escopo,,mensal,C,ruptura,2009-12-01,2010-10-24,23,46,14.86,3.09,56,28,605.22,406,26.31,12.39,0.0453,0.297,80,f,f,733.42
85030,FRENCH CHATEAU OVAL PLATTER,fora_do_escopo,,mensal,C,normal,2009-12-15,2010-11-26,19,13,19.22,0.68,50,28,518.10,198,27.27,9.93,0.5085,0.241,24,f,f,733.42
85031A,ROMANTIC IMAGES SCRAP BOOK SET,fora_do_escopo,,semanal,B,atraso,2009-12-01,2010-11-30,75,9,4.92,1.83,57,14,897.54,461,11.97,17.03,0.1605,0.167,8,f,t,733.42
85031B,BLOSSOM IMAGES SCRAP BOOK SET,ruptura_provavel,35,semanal,B,ruptura,2009-12-01,2010-11-07,66,32,5.25,6.10,19,14,896.09,496,13.58,18.12,0.0022,0.167,8,f,t,733.42
85031C,CURIOUS IMAGES SCRAP BOOK SET,monitorar,87,semanal,B,ruptura,2009-12-01,2010-11-16,81,23,4.38,5.26,31,14,1002.63,478,12.38,19.81,0.0052,0.150,8,f,t,733.42
85032A,ROMANTIC IMAGES GIFT WRAP SET,fora_do_escopo,,mensal,C,normal,2009-12-02,2010-12-09,27,0,14.31,0.00,49,28,559.62,658,20.73,10.14,1.0000,0.167,21,f,f,733.42
85032B,BLOSSOM IMAGES GIFT WRAP SET,fora_do_escopo,,mensal,C,normal,2010-01-22,2010-11-24,19,15,17.00,0.88,49,28,213.35,196,11.23,4.62,0.4138,0.439,9,f,f,733.42
85032C,CURIOUS IMAGES GIFT WRAP SET,fora_do_escopo,,mensal,C,normal,2009-12-04,2010-12-09,22,0,17.62,0.00,70,28,240.65,209,10.94,4.35,1.0000,0.389,9,f,f,733.42
85032D,YULETIDE IMAGES GIFT WRAP SET,fora_do_escopo,,mensal,B,normal,2009-12-02,2010-12-09,40,0,9.54,0.00,217,28,856.44,506,21.41,15.71,1.0000,0.284,9,f,t,733.42
85033G,SET/6 GOLD REINDEER T-LIGHT CANDLES,fora_do_escopo,,ocasional,C,ruptura,2009-12-01,2010-09-21,14,79,22.62,3.49,142,,376.05,236,26.86,8.31,0.0304,0.104,13,t,f,733.42
85033S,SET/6 SILVER REINDEER T-LIGHTS,fora_do_escopo,,mensal,C,indicio,2009-12-01,2010-11-08,29,31,12.21,2.54,274,28,319.95,260,11.03,6.32,0.0790,0.195,13,t,f,733.42
85034A,3 GARDENIA MORRIS BOXED CANDLES,fora_do_escopo,,semanal,B,normal,2009-12-01,2010-12-08,56,1,6.76,0.15,35,14,1495.92,358,26.71,27.65,0.8626,0.183,17,f,t,733.42
85034B,3 WHITE CHOC MORRIS BOXED CANDLES,fora_do_escopo,,mensal,B,normal,2009-12-01,2010-12-08,32,1,12.00,0.08,55,28,1011.86,246,31.62,18.45,0.9200,0.271,17,f,t,733.42
85034C,3 ROSE MORRIS BOXED CANDLES,fora_do_escopo,,mensal,B,normal,2009-12-04,2010-12-07,40,2,9.44,0.21,28,28,838.12,192,20.95,15.54,0.8090,0.218,321,f,t,733.42
85035A,GARDENIA 3 WICK MORRIS BOXED CANDLE,fora_do_escopo,,semanal,B,normal,2009-12-02,2010-12-09,87,0,4.33,0.00,27,14,1651.70,386,18.99,30.72,1.0000,0.197,17,f,t,733.42
85035B,CHOCOLATE 3 WICK MORRIS BOX CANDLE,fora_do_escopo,,semanal,B,normal,2009-12-06,2010-12-09,63,0,5.94,0.00,45,14,1582.76,384,25.12,29.63,1.0000,0.289,326,f,t,733.42
85035C,ROSE 3 WICK MORRIS BOX CANDLE,fora_do_escopo,,semanal,B,normal,2009-12-02,2010-12-09,64,0,5.90,0.00,36,14,996.82,230,15.58,18.46,1.0000,0.235,17,f,t,733.42
85036A,GARDENIA 1 WICK MORRIS BOXED CANDLE,fora_do_escopo,,semanal,B,normal,2009-12-03,2010-12-06,91,3,4.09,0.73,23,14,1704.61,415,18.73,32.07,0.4801,0.241,14,f,t,733.42
85036B,CHOCOLATE 1 WICK MORRIS BOX CANDLE,fora_do_escopo,,mensal,B,normal,2009-12-01,2010-12-03,38,6,9.92,0.60,58,28,991.17,245,26.08,18.41,0.5461,0.392,6,f,t,733.42
85036C,ROSE 1 WICK MORRIS BOXED CANDLE,fora_do_escopo,,mensal,C,normal,2009-12-01,2010-12-08,43,1,8.86,0.11,65,28,579.16,140,13.47,10.64,0.8932,0.162,0,f,f,733.42
85038,6 CHOCOLATE LOVE HEART T-LIGHTS,fora_do_escopo,,semanal,A,normal,2009-12-01,2010-12-09,148,0,2.54,0.00,19,14,3877.98,1840,26.20,72.29,1.0000,0.136,1,f,t,733.42
85039A,SET/4 RED MINI ROSE CANDLE IN BOWL,fora_do_escopo,,semanal,B,normal,2009-12-01,2010-12-09,76,0,4.97,0.00,33,14,768.03,787,10.11,14.22,1.0000,0.091,17,f,t,733.42
85039B,S/4 IVORY MINI ROSE CANDLE IN BOWL,fora_do_escopo,,semanal,B,normal,2009-12-02,2010-12-09,82,0,4.59,0.00,44,14,1038.86,864,12.67,19.31,1.0000,0.076,53,f,t,733.42
85039C,S/4 BLACK MINI ROSE CANDLE IN BOWL,fora_do_escopo,,mensal,C,normal,2009-12-03,2010-12-09,46,0,8.24,0.00,86,28,267.09,241,5.81,4.93,1.0000,0.074,247,f,f,733.42
85040A,S/4 PINK FLOWER CANDLES IN BOWL,fora_do_escopo,,semanal,B,normal,2009-12-01,2010-12-07,161,2,2.32,0.86,18,14,2138.41,1219,13.28,40.10,0.4221,0.065,10,f,t,733.42
85040B,SET/4 BLUE FLOWER CANDLES IN BOWL,fora_do_escopo,,semanal,A,normal,2009-12-01,2010-12-09,159,0,2.36,0.00,18,14,3659.10,2350,23.01,68.24,1.0000,0.533,2,f,t,733.42
85041,SET/4 PINK ORCHID CANDLES IN BOWL,provavel_descontinuacao,55,semanal,B,ruptura,2009-12-01,2010-07-15,62,147,3.70,39.68,26,14,2498.12,1858,40.29,76.13,0.0000,0.390,2,f,t,733.42
85042,ANTIQUE LILY FAIRY LIGHTS,monitorar,4,semanal,A,ruptura,2009-12-01,2010-11-16,170,23,2.07,11.11,25,14,12239.51,2686,72.00,243.35,0.0000,0.100,8,f,t,733.42
85044,RED REINDEER STRING OF 20 LIGHTS,fora_do_escopo,,mensal,B,atraso,2009-12-01,2010-11-22,32,17,11.48,1.48,135,28,806.35,150,25.20,15.36,0.2276,0.132,71,t,t,733.42
85045,GREEN CHRISTMAS TREE STRING 20LIGHT,fora_do_escopo,,semanal,B,normal,2009-12-01,2010-12-06,55,3,6.85,0.44,141,14,2072.99,434,37.69,38.51,0.6454,0.295,8,t,t,733.42
85047,WHITE BEADED GARLAND STRING 20LIGHT,ruptura_provavel,5,semanal,A,ruptura,2009-12-01,2010-11-07,139,32,2.47,12.95,14,14,6664.33,1051,47.94,135.82,0.0000,0.160,0,f,t,733.42
85048,15CM CHRISTMAS GLASS BALL 20 LIGHTS,fora_do_escopo,,semanal,A,normal,2009-12-01,2010-12-09,100,0,3.77,0.00,64,14,10916.29,1396,109.16,202.81,1.0000,0.061,25,t,t,733.42
85049A,TRADITIONAL CHRISTMAS RIBBONS,fora_do_escopo,,semanal,A,normal,2009-12-01,2010-12-09,146,0,2.57,0.00,27,14,5371.84,3587,36.79,100.12,1.0000,0.041,1,t,t,733.42
85049B,LUSH GREENS RIBBONS,monitorar,28,diario,A,indicio,2009-12-01,2010-12-05,197,4,1.88,2.12,15,7,2603.32,2084,13.21,49.13,0.1195,0.059,1,f,t,733.42
85049C,ROMANTIC PINKS RIBBONS,fora_do_escopo,,diario,B,atraso,2009-12-01,2010-12-07,187,2,1.99,1.00,36,7,2299.36,1820,12.30,43.15,0.3669,0.057,1,f,t,733.42
85049D,BRIGHT BLUES RIBBONS,fora_do_escopo,,semanal,B,normal,2009-12-01,2010-12-07,179,2,2.08,0.96,23,14,2285.47,1829,12.77,42.88,0.3831,0.067,9,f,t,733.42
85049E,SCANDINAVIAN REDS RIBBONS,fora_do_escopo,,diario,A,normal,2009-12-01,2010-12-09,204,0,1.84,0.00,14,7,5588.88,3846,27.40,104.37,1.0000,0.039,1,f,t,733.42
85049F,BABY BOOM RIBBONS,fora_do_escopo,,semanal,B,atraso,2009-12-02,2010-12-05,156,4,2.37,1.68,13,14,2194.16,1762,14.07,41.47,0.1855,0.070,9,f,t,733.42
85049G,CHOCOLATE BOX RIBBONS,fora_do_escopo,,semanal,A,normal,2009-12-01,2010-12-09,157,0,2.39,0.00,42,14,2810.73,2289,17.90,52.41,1.0000,0.163,55,f,t,733.42
85049H,URBAN BLACK RIBBONS,fora_do_escopo,,semanal,B,atraso,2009-12-01,2010-12-03,119,6,3.11,1.93,25,14,1210.59,1227,10.17,22.90,0.1453,0.050,9,f,t,733.42
85053,FRENCH ENAMEL CANDLEHOLDER,fora_do_escopo,,mensal,B,normal,2009-12-01,2010-12-09,49,0,7.77,0.00,146,28,734.83,345,15.00,13.51,1.0000,0.329,6,f,t,733.42
85054,FRENCH ENAMEL POT W LID,fora_do_escopo,,semanal,B,normal,2009-12-01,2010-12-05,81,4,4.61,0.87,21,14,1082.10,334,13.36,20.27,0.4201,0.064,16,f,t,733.42
85055,FRENCH ENAMEL UTENSIL HOLDER,fora_do_escopo,,semanal,B,normal,2009-12-01,2010-12-09,84,0,4.49,0.00,26,14,1308.10,326,15.57,24.26,1.0000,0.089,0,f,t,733.42
85059,FRENCH ENAMEL WATER BASIN,fora_do_escopo,,semanal,B,normal,2009-12-01,2010-12-07,73,2,5.15,0.39,28,14,1130.53,291,15.49,21.04,0.6783,0.063,30,f,t,733.42
85060,WOOD FAN WITH FLOWER DESIGN,provavel_descontinuacao,92,semanal,B,ruptura,2009-12-04,2010-07-26,66,136,3.60,37.78,21,14,1745.62,1448,26.45,51.43,0.0000,0.146,0,f,t,733.42
85061W,WHITE JEWELLED HEART DECORATION,fora_do_escopo,,diario,A,atraso,2009-12-01,2010-12-06,193,3,1.93,1.56,18,7,3669.56,4276,19.01,69.06,0.2108,0.113,245,f,t,733.42
85062,PEARL CRYSTAL PUMPKIN T-LIGHT HLDR,fora_do_escopo,,semanal,A,normal,2009-12-10,2010-12-07,136,2,2.68,0.75,16,14,4188.95,2575,30.80,80.41,0.4743,0.204,6,f,t,733.42
85063,CREAM SWEETHEART MAGAZINE RACK,ruptura_provavel,10,semanal,A,ruptura,2009-12-01,2010-11-18,122,21,2.91,7.22,18,14,5460.64,310,44.76,107.70,0.0007,0.082,30,f,t,733.42
85064,CREAM SWEETHEART LETTER RACK,fora_do_escopo,,semanal,A,normal,2009-12-01,2010-12-07,138,2,2.71,0.74,144,14,7350.76,1574,53.27,137.69,0.4778,0.456,0,f,t,733.42
85065,CREAM SWEETHEART TRAYS,ruptura_provavel,2,semanal,A,ruptura,2009-12-02,2010-10-29,158,41,2.11,19.45,14,14,7575.44,624,47.95,159.19,0.0000,0.092,2,f,t,733.42
85066,CREAM SWEETHEART MINI CHEST,fora_do_escopo,,diario,A,normal,2009-12-01,2010-12-09,221,0,1.70,0.00,38,7,16719.70,1355,75.65,312.35,1.0000,0.126,9,f,t,733.42
85067,CREAM SWEETHEART WALL CABINET,fora_do_escopo,,semanal,A,normal,2009-12-01,2010-12-08,131,1,2.86,0.35,14,14,8220.94,497,62.76,153.51,0.7051,0.343,0,f,t,733.42
85068,CREAM SWEETHEART SHELF + HOOKS,monitorar,12,semanal,A,ruptura,2009-12-01,2010-11-15,119,24,2.96,8.11,149,14,6655.19,961,55.93,132.36,0.0003,0.301,0,f,t,733.42
85070,ANT WHITE SWEETHEART TABLE W 3 DRAW,fora_do_escopo,,ocasional,C,ruptura,2010-05-16,2010-07-26,3,136,35.50,3.83,61,,320.00,3,106.67,21.03,0.0217,0.391,136,f,f,733.42
85071A,BLUE CHARLIE+LOLA PERSONAL DOORSIGN,fora_do_escopo,,mensal,B,normal,2009-12-01,2010-12-01,30,8,12.59,0.64,40,28,853.11,873,28.44,15.82,0.5296,0.463,9,f,t,733.42
85071B,RED CHARLIE+LOLA PERSONAL DOORSIGN,fora_do_escopo,,mensal,C,normal,2009-12-01,2010-12-01,35,8,10.74,0.75,38,28,671.29,1147,19.18,12.51,0.4746,0.063,4,f,f,733.42
85071C,"CHARLIE+LOLA""EXTREMELY BUSY"" SIGN",fora_do_escopo,,mensal,C,normal,2009-12-06,2010-12-01,36,8,10.29,0.78,40,28,424.53,608,11.79,8.03,0.4594,0.258,8,f,f,733.42
85071D,CHARLIE+LOLA MY ROOM DOOR SIGN,fora_do_escopo,,mensal,C,normal,2009-12-01,2010-12-02,29,7,13.07,0.54,44,28,314.67,487,10.85,5.81,0.5854,0.348,8,f,f,733.42
85078,SCANDINAVIAN 3 HEARTS NAPKIN RING,fora_do_escopo,,mensal,C,normal,2009-12-03,2010-12-06,37,3,10.22,0.29,59,28,382.64,352,10.34,7.08,0.7457,0.041,6,f,f,733.42
85079,EMBROIDERED REINDEER DECORATION,fora_do_escopo,,semanal,C,ruptura,2009-12-03,2009-12-23,7,351,3.33,105.30,9,14,33.10,24,4.73,9.93,0.0000,0.256,0,t,f,733.42
85080,PADDED RED HEART DECORATION,fora_do_escopo,,mensal,C,ruptura,2009-12-02,2010-09-26,19,74,16.56,4.47,195,28,56.18,114,2.96,1.25,0.0114,0.135,129,f,f,733.42
85081,PADDED HOLLY CHRISTMAS DECORATION,fora_do_escopo,,mensal,C,ruptura,2009-12-09,2010-10-07,18,63,17.76,3.55,216,28,47.43,107,2.64,1.04,0.0288,0.115,32,t,f,733.42
85083,KISS REINDEER SCANDINAVIAN STOCKING,fora_do_escopo,,semanal,C,ruptura,2009-12-03,2009-12-10,2,364,7.00,52.00,7,14,12.75,5,6.38,6.38,0.0000,0.600,4,t,f,733.42
85084,HOLLY TOP CHRISTMAS STOCKING,fora_do_escopo,,mensal,C,atraso,2009-12-08,2010-11-24,47,15,7.63,1.97,239,28,666.10,664,14.17,13.00,0.1400,0.367,28,t,f,733.42
85086A,CANDY SPOT HEART DECORATION,fora_do_escopo,,semanal,C,ruptura,2009-12-01,2010-11-21,86,18,4.18,4.31,30,14,446.65,441,5.19,8.70,0.0134,0.046,14,f,f,733.42
85087,CANDY SPOT CUSHION COVER,fora_do_escopo,,mensal,C,normal,2009-12-04,2010-12-06,22,3,17.48,0.17,44,28,271.12,82,12.32,4.94,0.8423,0.226,370,f,f,733.42
85088,CANDY SPOT HAND BAG,fora_do_escopo,,mensal,C,atraso,2009-12-02,2010-11-24,26,15,14.28,1.05,41,28,189.02,88,7.27,3.56,0.3498,0.200,8,f,f,733.42
85089,CANDY SPOT BUNNY,fora_do_escopo,,mensal,C,normal,2009-12-02,2010-11-26,22,13,17.10,0.76,151,28,290.99,90,13.23,5.42,0.4675,0.158,164,f,f,733.42
85090,CANDY SPOT APRON,fora_do_escopo,,mensal,C,atraso,2009-12-01,2010-11-24,43,15,8.52,1.76,45,28,559.28,106,13.01,10.68,0.1721,0.050,6,f,f,733.42
85091,CANDY SPOT BREAD BASKETS,fora_do_escopo,,mensal,C,ruptura,2009-12-14,2010-08-15,17,116,15.25,7.61,36,28,548.81,343,32.28,14.82,0.0005,0.297,7,f,f,733.42
85092,CANDY SPOT TEA COSY,fora_do_escopo,,mensal,C,indicio,2010-01-11,2010-11-08,21,31,15.05,2.06,80,28,582.52,364,27.74,12.90,0.1275,0.528,80,f,f,733.42
85093,CANDY SPOT EGG WARMER HARE,fora_do_escopo,,mensal,C,normal,2009-12-07,2010-12-06,50,3,7.43,0.40,60,28,619.79,655,12.40,11.68,0.6677,0.059,8,f,f,733.42
85094,CANDY SPOT EGG WARMER RABBIT,fora_do_escopo,,ocasional,C,normal,2009-12-15,2010-12-06,17,3,22.25,0.13,76,,122.62,122,7.21,2.27,0.8739,0.207,0,f,f,733.42
85095,THREE CANVAS LUGGAGE TAGS,fora_do_escopo,,ocasional,C,normal,2010-08-19,2010-12-01,2,8,104.00,0.08,104,,17.55,25,8.78,0.59,0.9260,0.889,0,f,f,733.42
85096,HILDA CANDY SPOT RABBIT,fora_do_escopo,,mensal,C,normal,2009-12-04,2010-12-09,50,0,7.55,0.00,38,28,586.68,142,11.73,10.88,1.0000,0.153,0,f,f,733.42
85097B,BLUE ROCKING SINGING CANARY,fora_do_escopo,,mensal,C,ruptura,2009-12-02,2010-08-09,33,122,7.81,15.62,45,28,420.92,107,12.76,11.43,0.0000,0.125,198,f,f,733.42
85098B,BLUE FLYING SINGING CANARY,ruptura_provavel,30,semanal,B,ruptura,2009-12-02,2010-11-18,82,21,4.33,4.85,19,14,1456.94,366,17.77,28.70,0.0079,0.093,16,f,t,733.42
85099B,JUMBO BAG RED RETROSPOT,fora_do_escopo,,diario,A,normal,2009-12-01,2010-12-09,297,0,1.26,0.00,12,7,91226.42,50294,307.16,1706.26,1.0000,0.072,6,f,t,733.42
85099C,JUMBO  BAG BAROQUE BLACK WHITE,fora_do_escopo,,diario,A,normal,2009-12-01,2010-12-09,282,0,1.33,0.00,12,7,32285.29,17344,114.49,603.74,1.0000,0.112,6,f,t,733.42
85099F,JUMBO BAG STRAWBERRY,fora_do_escopo,,diario,A,normal,2009-12-01,2010-12-09,295,0,1.27,0.00,12,7,36763.36,20018,124.62,687.59,1.0000,0.135,6,f,t,733.42
85103,SILVER T-LIGHT SETTING,fora_do_escopo,,mensal,B,atraso,2009-12-02,2010-11-29,52,10,7.10,1.41,45,28,1242.64,176,23.90,23.57,0.2444,0.172,0,f,t,733.42
85104,SILVER GLASS T-LIGHT SET,fora_do_escopo,,mensal,C,normal,2009-12-01,2010-12-01,36,8,10.43,0.77,45,28,522.34,158,14.51,9.74,0.4643,0.271,127,f,f,733.42
85106,CUT GLASS HEXAGON T-LIGHT HOLDER,fora_do_escopo,,mensal,B,normal,2009-12-08,2010-12-03,37,6,10.00,0.60,43,28,1186.33,557,32.06,22.44,0.5488,0.362,95,f,t,733.42
85107,CUT GLASS T-LIGHT HOLDER OCTAGON,fora_do_escopo,,mensal,B,normal,2009-12-02,2010-12-09,37,0,10.33,0.00,56,28,1799.70,980,48.64,32.95,1.0000,0.356,28,f,t,733.42
85109,PINK BOUDOIR T-LIGHT HOLDER,fora_do_escopo,,mensal,C,ruptura,2009-12-11,2010-09-27,17,73,18.13,4.03,41,28,465.23,4199,27.37,10.57,0.0178,0.282,73,f,f,733.42
85110,BLACK SILVER FLOWER T-LIGHT HOLDER,provavel_descontinuacao,142,mensal,B,ruptura,2009-12-10,2010-09-27,21,73,14.55,5.02,41,28,1138.04,11520,54.19,26.07,0.0066,0.292,73,f,t,733.42
85111,SILVER GLITTER FLOWER VOTIVE HOLDER,fora_do_escopo,,mensal,C,normal,2009-12-02,2010-12-03,20,6,19.26,0.31,75,28,531.56,1510,26.58,9.66,0.7324,0.471,112,f,f,733.42
85112,S/3 TEAR DROP CUT GLASS DECORATION,fora_do_escopo,,semanal,C,ruptura,2009-12-01,2010-02-07,18,305,4.00,76.25,26,14,414.02,466,23.00,40.25,0.0000,0.348,21,f,f,733.42
85113,POLKA DOT PISTACHIO PAIL,fora_do_escopo,,mensal,C,ruptura,2009-12-02,2010-08-19,38,112,7.03,15.94,119,28,591.66,285,15.57,15.51,0.0000,0.137,2,f,f,733.42
85114A,BLACK ENCHANTED FOREST PLACEMAT,fora_do_escopo,,mensal,B,normal,2009-12-22,2010-12-09,43,0,8.38,0.00,181,28,1260.57,768,29.32,24.49,1.0000,0.276,7,f,t,733.42
85114B,IVORY ENCHANTED FOREST PLACEMAT,fora_do_escopo,,semanal,A,normal,2009-12-01,2010-12-08,116,1,3.23,0.31,21,14,2911.65,1618,25.10,54.32,0.7341,0.159,146,f,t,733.42
85114C,RED ENCHANTED FOREST PLACEMAT,fora_do_escopo,,semanal,B,normal,2009-12-01,2010-12-09,76,0,4.97,0.00,37,14,1503.62,731,19.78,27.85,1.0000,0.058,76,f,t,733.42
85116,BLACK CANDELABRA T-LIGHT HOLDER,fora_do_escopo,,semanal,B,normal,2009-12-01,2010-12-08,73,1,5.17,0.19,21,14,1374.02,1099,18.82,25.50,0.8240,0.133,2,f,t,733.42
85117,NIGHTINGALE COATHOOK WHITE,fora_do_escopo,,semanal,C,ruptura,2009-12-05,2010-05-04,45,219,3.41,64.24,23,14,600.92,351,13.35,27.42,0.0000,0.338,2,f,f,733.42
85118,HEART T-LIGHT HOLDER,fora_do_escopo,,semanal,B,normal,2009-12-07,2010-12-08,63,1,5.90,0.17,28,14,1044.90,1986,16.59,19.67,0.8442,0.175,8,f,t,733.42
85119,WATERING CAN SINGLE HOOK PISTACHIO,fora_do_escopo,,mensal,C,normal,2009-12-15,2010-12-07,37,2,9.92,0.20,102,28,567.48,413,15.34,10.83,0.8174,0.434,0,f,f,733.42
85121B,RETRO LAUNDRY TUB PINK,provavel_descontinuacao,130,semanal,B,ruptura,2009-12-03,2010-06-27,40,165,5.28,31.24,19,14,936.74,86,23.42,31.04,0.0000,0.054,23,f,t,733.42
85121C,RETRO LAUNDRY TUB PISTACHIO,monitorar,93,mensal,B,indicio,2009-12-07,2010-11-17,47,22,7.50,2.93,107,28,918.91,98,19.55,18.25,0.0532,0.056,23,f,t,733.42
85123A,WHITE HANGING HEART T-LIGHT HOLDER,fora_do_escopo,,diario,A,normal,2009-12-01,2010-12-09,306,0,1.22,0.00,13,7,160630.78,58792,524.94,3004.67,1.0000,0.059,9,f,t,733.42
85124A,PINK JUICY FRUIT PHOTO FRAME,provavel_descontinuacao,144,semanal,B,ruptura,2009-12-01,2010-10-01,78,69,3.95,17.48,42,14,1087.73,387,13.95,24.73,0.0000,0.084,1,f,t,733.42
85124B,BLUE JUICY FRUIT PHOTO FRAME,fora_do_escopo,,semanal,C,normal,2009-12-08,2010-12-05,64,4,5.75,0.70,27,14,717.79,275,11.22,13.66,0.4985,0.149,1,f,f,733.42
85124C,GREEN JUICY FRUIT PHOTO FRAME,fora_do_escopo,,semanal,B,normal,2009-12-08,2010-12-08,76,1,4.87,0.21,35,14,938.34,358,12.35,17.76,0.8143,0.130,4,f,t,733.42
85125,SMALL ROUND CUT GLASS CANDLESTICK,fora_do_escopo,,mensal,B,normal,2009-12-01,2010-12-08,29,1,13.29,0.08,67,28,769.70,154,26.54,13.98,0.9275,0.232,6,f,t,733.42
85126,LARGE ROUND CUTGLASS CANDLESTICK,fora_do_escopo,,mensal,B,normal,2009-12-01,2010-11-28,33,11,11.31,0.97,26,28,1048.77,155,31.78,19.67,0.3782,0.240,9,f,t,733.42
85127,SMALL SQUARE CUT GLASS CANDLESTICK,fora_do_escopo,,mensal,C,normal,2009-12-01,2010-12-09,33,0,11.66,0.00,42,28,693.77,105,21.02,12.63,1.0000,0.086,0,f,f,733.42
85128,PLANTPOT SINGLE HOOK PISTACHIO,fora_do_escopo,,mensal,C,ruptura,2009-12-04,2010-01-12,4,331,13.00,25.46,21,28,188.95,167,47.24,25.44,0.0000,0.955,0,f,f,733.42
85129A,"WHITE PEARL BEADED HEART, SMALL",fora_do_escopo,,semanal,C,ruptura,2009-12-01,2010-08-29,63,102,4.37,23.34,23,14,570.41,445,9.05,14.50,0.0000,0.079,50,f,f,733.42
85129B,BEADED CRYSTAL HEART GREEN SMALL,fora_do_escopo,,mensal,C,normal,2009-12-15,2010-12-09,27,0,13.81,0.00,54,28,174.03,135,6.45,3.27,1.0000,0.086,7,f,f,733.42
85129C,BEADED CRYSTAL HEART BLUE SMALL,fora_do_escopo,,mensal,C,normal,2009-12-02,2010-12-07,49,2,7.71,0.26,43,28,441.68,340,9.01,8.19,0.7715,0.091,17,f,f,733.42
85129D,BEADED CRYSTAL HEART PINK SMALL,fora_do_escopo,,semanal,B,normal,2009-12-01,2010-12-06,89,3,4.20,0.71,28,14,860.84,592,9.67,16.10,0.4899,0.070,50,f,t,733.42
85130A,BEADED PEARL HEART WHITE LARGE,fora_do_escopo,,semanal,B,normal,2009-12-01,2010-12-05,69,4,5.43,0.74,18,14,1135.04,660,16.45,21.22,0.4785,0.077,1,f,t,733.42
85130B,BEADED CRYSTAL HEART GREEN LARGE,fora_do_escopo,,mensal,C,normal,2010-01-11,2010-12-07,22,2,15.71,0.13,59,28,161.26,78,7.33,3.27,0.8805,0.123,50,f,f,733.42
85130C,BEADED CRYSTAL HEART BLUE  LARGE,fora_do_escopo,,mensal,C,atraso,2010-01-05,2010-11-18,22,21,15.10,1.39,63,28,340.27,201,15.47,7.17,0.2488,0.233,39,f,f,733.42
85130D,BEADED CRYSTAL HEART PINK LARGE,fora_do_escopo,,mensal,C,normal,2009-12-02,2010-12-05,43,4,8.76,0.46,35,28,401.11,230,9.33,7.45,0.6335,0.099,35,f,f,733.42
85131A,BEADED PEARL HEART WHITE ON STICK,fora_do_escopo,,semanal,B,normal,2009-12-03,2010-12-06,63,3,5.94,0.51,34,14,786.65,1087,12.49,14.73,0.6032,0.057,3,f,t,733.42
85131B,BEADED CRYSTAL HEART GREEN ON STICK,fora_do_escopo,,mensal,C,normal,2009-12-16,2010-12-09,41,0,8.95,0.00,154,28,237.23,357,5.79,4.53,1.0000,0.154,8,f,f,733.42
85131C,BEADED CRYSTAL HEART BLUE ON STICK,fora_do_escopo,,mensal,C,normal,2010-01-28,2010-12-06,22,3,14.86,0.20,45,28,148.50,254,6.75,3.18,0.8172,0.246,8,f,f,733.42
85131D,BEADED CRYSTAL HEART PINK ON STICK,fora_do_escopo,,semanal,C,normal,2009-12-17,2010-12-09,53,0,6.87,0.00,49,14,387.40,616,7.31,7.45,1.0000,0.094,8,f,f,733.42
85132A,CHARLIE + LOLA BISCUITS TINS,fora_do_escopo,,semanal,A,normal,2009-12-01,2010-12-09,92,0,4.10,0.00,33,14,3813.10,822,41.45,70.78,1.0000,0.124,8,f,t,733.42
85132B,CHARLIE AND LOLA TABLE TINS,fora_do_escopo,,mensal,B,normal,2009-12-06,2010-12-08,39,1,9.66,0.10,84,28,1660.96,394,42.59,30.87,0.9016,0.285,8,f,t,733.42
85132C,CHARLIE AND LOLA FIGURES TINS,fora_do_escopo,,semanal,B,normal,2009-12-01,2010-12-09,75,0,5.04,0.00,31,14,2340.10,550,31.20,43.33,1.0000,0.164,0,f,t,733.42
85135A,YELLOW DRAGONFLY HELICOPTER,fora_do_escopo,,mensal,C,atraso,2009-12-02,2010-11-24,45,15,8.11,1.85,42,28,619.44,77,13.77,11.88,0.1574,0.090,4,f,f,733.42
85135B,BLUE DRAGONFLY HELICOPTER,fora_do_escopo,,semanal,B,normal,2009-12-01,2010-12-09,59,0,6.43,0.00,44,14,888.45,109,15.06,16.39,1.0000,0.036,21,f,t,733.42
85135C,RED DRAGONFLY HELICOPTER,fora_do_escopo,,mensal,C,normal,2009-12-02,2010-12-08,47,1,8.07,0.12,69,28,603.45,73,12.84,11.14,0.8834,0.053,11,f,f,733.42
85136A,YELLOW SHARK HELICOPTER,fora_do_escopo,,mensal,C,normal,2009-12-01,2010-12-08,50,1,7.59,0.13,126,28,688.70,84,13.77,12.70,0.8766,0.046,177,f,f,733.42
85136B,BLUE SHARK HELICOPTER,fora_do_escopo,,mensal,C,indicio,2009-12-03,2010-11-19,38,20,9.49,2.11,64,28,457.87,57,12.05,8.89,0.1214,0.104,126,f,f,733.42
85136C,RED SHARK HELICOPTER,fora_do_escopo,,semanal,B,normal,2009-12-01,2010-12-07,71,2,5.30,0.38,35,14,1120.04,138,15.78,20.84,0.6857,0.099,211,f,t,733.42
85141,JARDIN ETCHED GLASS FRUITBOWL,fora_do_escopo,,mensal,C,atraso,2009-12-15,2010-11-25,31,14,11.50,1.22,49,28,720.25,67,23.23,14.14,0.2960,0.119,43,f,f,733.42
85142,JARDIN ETCHED GLASS GINGER JAR,fora_do_escopo,,semanal,C,ruptura,2009-12-06,2010-07-08,33,154,6.69,23.03,42,14,534.38,61,16.19,16.95,0.0000,0.104,6,f,f,733.42
85144,JARDIN ETCHED GLASS CHEESE DISH,fora_do_escopo,,mensal,C,normal,2009-12-06,2010-12-02,29,7,12.89,0.54,39,28,478.65,69,16.51,8.96,0.5810,0.189,6,f,f,733.42
85145,JARDIN ETCHED GLASS LARGE BELL JAR,fora_do_escopo,,ocasional,C,normal,2009-12-17,2010-11-16,15,23,23.86,0.96,75,,645.30,54,43.02,12.62,0.3813,0.272,175,f,f,733.42
85146,JARDIN ETCHED GLASS SMALL BELL JAR,fora_do_escopo,,mensal,C,normal,2010-03-26,2010-11-28,19,11,13.72,0.80,99,28,428.27,73,22.54,11.50,0.4486,0.139,102,f,f,733.42
85147,JARDIN ETCHED GLASS CANDLEHLDR LONG,fora_do_escopo,,mensal,C,ruptura,2009-12-01,2010-05-02,14,221,11.69,18.90,90,28,301.95,61,21.57,12.91,0.0000,0.279,14,f,f,733.42
85150,LADIES & GENTLEMEN METAL SIGN,fora_do_escopo,,diario,A,normal,2009-12-01,2010-12-09,257,0,1.46,0.00,14,7,11279.70,4480,43.89,210.86,1.0000,0.041,8,f,t,733.42
85151,WELCOME METAL SIGN,fora_do_escopo,,semanal,C,ruptura,2009-12-02,2009-12-14,5,360,3.00,120.00,4,14,55.00,44,11.00,25.67,0.0000,0.500,10,f,f,733.42
85152,HAND OVER THE CHOCOLATE   SIGN,fora_do_escopo,,diario,A,normal,2009-12-01,2010-12-09,276,0,1.36,0.00,13,7,16081.43,8373,58.27,300.70,1.0000,0.056,0,f,t,733.42
85159A,"BLACK TEA,COFFEE,SUGAR JARS",fora_do_escopo,,mensal,C,normal,2009-12-07,2010-12-02,32,7,11.61,0.60,42,28,478.33,41,14.95,9.01,0.5473,0.027,7,f,f,733.42
85159B,"WHITE TEA,COFFEE,SUGAR JARS",fora_do_escopo,,mensal,C,normal,2009-12-02,2010-11-29,28,10,13.41,0.75,53,28,382.00,38,13.64,7.12,0.4743,0.100,18,f,f,733.42
85160A,WHITE BIRD GARDEN DESIGN MUG,fora_do_escopo,,mensal,B,atraso,2009-12-10,2010-11-24,31,15,11.63,1.29,45,28,1599.16,8817,51.59,31.04,0.2754,0.351,73,f,t,733.42
85160B,BLACK BIRD GARDEN DESIGN MUG,provavel_descontinuacao,151,mensal,B,ruptura,2009-12-14,2010-10-05,18,65,17.35,3.75,65,28,986.59,6050,54.81,22.11,0.0236,0.392,73,f,t,733.42
85161,ACRYLIC GEOMETRIC LAMP,fora_do_escopo,,ocasional,C,normal,2009-12-10,2010-11-29,12,10,32.18,0.31,62,,295.20,16,24.60,5.35,0.7329,0.230,11,f,f,733.42
85162A,SILVER RETRODISC LAMPSHADE,provavel_descontinuacao,114,mensal,B,ruptura,2009-12-01,2010-06-08,20,184,9.95,18.50,45,28,1234.27,607,61.71,43.43,0.0000,0.303,2,f,t,733.42
85162B,BLACK RETRODISC LAMPSHADE,provavel_descontinuacao,68,mensal,B,ruptura,2009-12-07,2010-06-08,13,184,15.25,12.07,38,28,1905.15,977,146.55,67.27,0.0000,0.516,8,f,t,733.42
85162C,WHITE RETRODISC LAMPSHADE,provavel_descontinuacao,72,mensal,B,ruptura,2009-12-02,2010-06-08,27,184,7.23,25.45,26,28,1841.70,904,68.21,66.03,0.0000,0.381,8,f,t,733.42
85163A,WHITE BAROQUE WALL CLOCK,fora_do_escopo,,mensal,C,normal,2009-12-02,2010-11-28,23,11,16.41,0.67,61,28,511.92,38,22.26,9.49,0.5115,0.128,23,f,f,733.42
85163B,BLACK BAROQUE WALL CLOCK,fora_do_escopo,,mensal,C,atraso,2009-12-22,2010-11-19,27,20,12.77,1.57,44,28,484.98,31,17.96,9.85,0.2088,0.105,0,f,f,733.42
85164B,BLACK BAROQUE CUCKOO CLOCK,provavel_descontinuacao,117,semanal,B,ruptura,2009-12-01,2010-09-29,55,71,5.59,12.70,39,14,1851.22,141,33.66,42.13,0.0000,0.179,18,f,t,733.42
85165,CANDY PINK FRENCH BOUDOIR CLOCK,provavel_descontinuacao,137,semanal,B,ruptura,2009-12-02,2010-06-21,50,171,4.10,41.69,35,14,872.76,90,17.46,29.79,0.0000,0.046,17,f,t,733.42
85166A,WHITE METAL BAROQUE PHOTO FRAME,fora_do_escopo,,semanal,C,ruptura,2009-12-02,2010-01-18,10,325,5.22,62.23,27,14,158.90,77,15.89,21.30,0.0000,0.236,21,f,f,733.42
85166B,BLACK METAL BAROQUE PHOTO FRAME,monitorar,96,mensal,B,indicio,2009-12-04,2010-11-14,34,25,10.45,2.39,54,28,864.10,510,25.41,17.02,0.0915,0.391,8,f,t,733.42
85167A,WHITE GRAND BAROQUE PHOTO FRAME,fora_do_escopo,,mensal,C,ruptura,2009-12-03,2010-03-31,11,253,11.80,21.44,66,28,396.80,176,36.07,21.40,0.0000,0.289,113,f,f,733.42
85167B,BLACK GRAND BAROQUE PHOTO FRAME,fora_do_escopo,,mensal,B,normal,2009-12-14,2010-12-08,50,1,7.33,0.14,30,28,1383.59,677,27.67,26.44,0.8724,0.271,8,f,t,733.42
85168A,WHITE BAROQUE CARRIAGE CLOCK,fora_do_escopo,,mensal,C,ruptura,2009-12-02,2010-06-14,15,178,13.86,12.85,49,28,218.90,22,14.59,7.37,0.0000,0.227,0,f,f,733.42
85168B,BLACK BAROQUE CARRIAGE CLOCK,fora_do_escopo,,ocasional,C,normal,2009-12-02,2010-11-22,17,17,22.19,0.77,49,,229.33,22,13.49,4.26,0.4648,0.174,0,f,f,733.42
85169A,IVORY LOVE BIRD CANDLE,fora_do_escopo,,semanal,C,normal,2009-12-08,2010-12-09,58,0,6.42,0.00,27,14,614.06,472,10.59,11.54,1.0000,0.213,9,f,f,733.42
85169B,BLACK LOVE BIRD CANDLE,fora_do_escopo,,mensal,C,normal,2009-12-02,2010-12-09,35,0,10.94,0.00,56,28,218.12,154,6.23,3.99,1.0000,0.160,0,f,f,733.42
85169C,EAU DE NIL LOVE BIRD CANDLE,fora_do_escopo,,mensal,C,normal,2009-12-08,2010-12-03,26,6,14.40,0.42,60,28,116.47,77,4.48,2.18,0.6592,0.129,262,f,f,733.42
85169D,PINK LOVE BIRD CANDLE,fora_do_escopo,,mensal,C,normal,2009-12-14,2010-12-03,39,6,9.32,0.64,27,28,250.41,171,6.42,4.82,0.5252,0.060,262,f,f,733.42
85170A,SET/6 IVORY BIRD T-LIGHT CANDLES,fora_do_escopo,,semanal,B,normal,2009-12-01,2010-12-07,72,2,5.23,0.38,23,14,1585.06,848,22.01,29.49,0.6820,0.356,9,f,t,733.42
85170B,SET/6 BLACK BIRD T-LIGHT CANDLES,fora_do_escopo,,mensal,C,normal,2009-12-02,2010-12-09,21,0,18.60,0.00,95,28,180.16,78,8.58,3.23,1.0000,0.280,146,f,f,733.42
85170C,SET/6 EAU DE NIL BIRD T-LIGHTS,fora_do_escopo,,mensal,C,normal,2009-12-02,2010-12-09,33,0,11.63,0.00,36,28,401.32,214,12.16,7.32,1.0000,0.203,8,f,f,733.42
85170D,SET/6 PINK BIRD T-LIGHT CANDLES,fora_do_escopo,,mensal,C,normal,2009-12-01,2010-12-08,48,1,7.91,0.13,64,28,514.10,276,10.71,9.47,0.8813,0.159,8,f,f,733.42
85172,HYACINTH BULB T-LIGHT CANDLES,fora_do_escopo,,semanal,B,normal,2009-12-01,2010-12-09,92,0,4.10,0.00,27,14,1778.80,3133,19.33,33.02,1.0000,0.104,55,f,t,733.42
85173,SET/6 FROG PRINCE T-LIGHT CANDLES,fora_do_escopo,,semanal,B,normal,2009-12-03,2010-12-09,59,0,6.40,0.00,21,14,1046.23,542,17.73,19.41,1.0000,0.289,1,f,t,733.42
85174,S/4 CACTI CANDLES,fora_do_escopo,,semanal,A,normal,2009-12-01,2010-12-09,148,0,2.54,0.00,19,14,4608.51,917,31.14,85.90,1.0000,0.124,1,f,t,733.42
85175,CACTI T-LIGHT CANDLES,fora_do_escopo,,semanal,A,normal,2009-12-01,2010-12-08,186,1,2.01,0.50,16,14,4516.04,10569,24.28,84.52,0.6082,0.029,14,f,t,733.42
85176,SEWING SUSAN 21 NEEDLE SET,fora_do_escopo,,semanal,B,normal,2009-12-01,2010-12-09,115,0,3.27,0.00,13,14,1450.91,1858,12.62,26.99,1.0000,0.254,6,f,t,733.42
85177,BASKET OF FLOWERS SEWING KIT,fora_do_escopo,,semanal,B,normal,2009-12-02,2010-12-09,72,0,5.24,0.00,31,14,889.07,1025,12.35,16.50,1.0000,0.138,23,f,t,733.42
85178,VICTORIAN SEWING KIT,fora_do_escopo,,semanal,A,normal,2009-12-01,2010-12-08,124,1,3.02,0.33,17,14,3394.49,3109,27.37,63.36,0.7185,0.153,14,f,t,733.42
85179A,GREEN BITTY LIGHT CHAIN,fora_do_escopo,,ocasional,C,normal,2009-12-03,2010-12-06,14,3,28.31,0.11,120,,167.52,30,11.97,2.96,0.8994,0.167,27,f,f,733.42
85179B,WHITE BITTY LIGHT CHAIN,monitorar,81,mensal,B,indicio,2009-12-03,2010-11-15,38,24,9.38,2.56,46,28,1061.25,247,27.93,20.85,0.0774,0.172,7,f,t,733.42
85179C,PINK BITTY LIGHT CHAIN,fora_do_escopo,,ocasional,C,normal,2009-12-03,2010-11-29,4,10,120.33,0.08,337,,55.84,10,13.96,0.81,0.9203,0.500,27,f,f,733.42
85180A,RED HEARTS LIGHT CHAIN,fora_do_escopo,,mensal,C,normal,2009-12-03,2010-11-29,28,10,13.37,0.75,70,28,593.76,126,21.21,11.10,0.4733,0.154,304,f,f,733.42
85180B,PINK HEARTS LIGHT CHAIN,fora_do_escopo,,ocasional,C,normal,2009-12-01,2010-12-09,19,0,20.72,0.00,65,,444.28,94,23.38,7.90,1.0000,0.412,70,f,f,733.42
85183A,CHARLIE & LOLA WASTEPAPER BIN BLUE,fora_do_escopo,,mensal,B,atraso,2009-12-01,2010-11-28,50,11,7.39,1.49,35,28,1423.71,845,28.47,26.98,0.2256,0.379,8,f,t,733.42
85183B,CHARLIE & LOLA WASTEPAPER BIN FLORA,fora_do_escopo,,mensal,B,normal,2009-12-01,2010-12-08,51,1,7.44,0.13,32,28,1475.89,779,28.94,27.23,0.8742,0.244,8,f,t,733.42
85184B,SET 4 EASTER DECOUPAGE OVAL BOXES,fora_do_escopo,,ocasional,C,ruptura,2009-12-09,2010-03-22,6,262,20.60,12.72,72,,41.30,14,6.88,2.34,0.0000,0.429,11,t,f,733.42
85184C,S/4 VALENTINE DECOUPAGE HEART BOX,sazonal,19,semanal,B,indicio,2009-12-01,2010-12-02,112,7,3.30,2.12,25,14,1979.79,644,17.68,37.53,0.1197,0.062,30,t,t,733.42
85184D,S/4 BLUE ROUND DECOUPAGE BOXES,provavel_descontinuacao,31,semanal,A,ruptura,2009-12-01,2010-09-27,58,73,5.26,13.87,30,14,4555.64,8313,78.55,104.47,0.0000,0.363,73,f,t,733.42
85185B,PINK HORSE SOCK PUPPET,fora_do_escopo,,semanal,B,normal,2009-12-01,2010-12-09,98,0,3.85,0.00,18,14,1034.57,322,10.56,19.22,1.0000,0.086,0,f,t,733.42
85185C,COW  SOCK PUPPET,fora_do_escopo,,mensal,C,ruptura,2009-12-02,2010-08-01,23,130,11.00,11.82,41,28,171.10,58,7.44,4.73,0.0000,0.172,38,f,f,733.42
85185D,FROG SOCK PUPPET,fora_do_escopo,,mensal,C,normal,2009-12-01,2010-12-06,52,3,7.25,0.41,28,28,603.66,184,11.61,11.20,0.6613,0.101,0,f,f,733.42
85185E,DUCK SOCK PUPPET,fora_do_escopo,,mensal,C,ruptura,2009-12-03,2009-12-15,2,359,12.00,29.92,12,28,11.80,4,5.90,3.44,0.0000,0.750,27,f,f,733.42
85185F,LION SOCK PUPPET,fora_do_escopo,,semanal,C,ruptura,2009-12-02,2010-03-08,16,276,6.40,43.13,29,14,109.15,37,6.82,7.46,0.0000,0.162,15,f,f,733.42
85186A,EASTER BUNNY GARLAND OF FLOWERS,fora_do_escopo,,semanal,C,normal,2009-12-01,2010-12-09,61,0,6.22,0.00,87,14,424.86,933,6.96,7.84,1.0000,0.071,259,t,f,733.42
85186B,BUNNY BUNCH OF FLOWERS,fora_do_escopo,,semanal,C,ruptura,2010-03-17,2010-03-21,2,263,4.00,65.75,4,14,5.88,14,2.94,5.15,0.0000,0.714,263,f,f,733.42
85186C,BUNNY EGG GARLAND,fora_do_escopo,,semanal,C,ruptura,2009-12-01,2010-11-10,55,29,6.37,4.55,87,14,389.02,872,7.07,7.77,0.0105,0.078,259,f,f,733.42
85187,S/12 MINI RABBIT EASTER,fora_do_escopo,,mensal,C,normal,2010-01-13,2010-12-05,34,4,9.88,0.40,116,28,263.25,144,7.74,5.49,0.6670,0.075,78,t,f,733.42
85188A,GREEN METAL SWINGING BUNNY,fora_do_escopo,,semanal,C,ruptura,2009-12-09,2010-04-09,42,244,2.95,82.68,33,14,547.65,626,13.04,30.93,0.0000,0.075,0,f,f,733.42
85188B,PINK METAL SWINGING BUNNY,fora_do_escopo,,semanal,C,ruptura,2010-01-11,2010-10-11,41,59,6.83,8.64,175,14,593.03,671,14.46,14.84,0.0002,0.069,259,f,f,733.42
85189,HANGING BUTTERFLY  EGG,monitorar,86,mensal,B,ruptura,2009-12-16,2010-11-14,45,25,7.57,3.30,129,28,963.70,1171,21.42,19.81,0.0368,0.215,9,f,t,733.42
85190,PINK FLOWER HANGING HEART,fora_do_escopo,,mensal,C,ruptura,2009-12-14,2010-03-17,12,267,8.45,31.58,28,28,124.16,140,10.35,8.57,0.0000,0.164,107,f,f,733.42
85192S,HANGING SPRING FLOWER HEART SMALL,fora_do_escopo,,diario,C,ruptura,2010-02-07,2010-02-08,2,304,1.00,304.00,1,7,1.95,3,0.98,6.83,0.0000,0.667,32,f,f,733.42
85194L,HANGING SPRING FLOWER EGG LARGE,fora_do_escopo,,mensal,B,atraso,2009-12-07,2010-11-29,51,10,7.14,1.40,152,28,738.59,872,14.48,14.20,0.2465,0.281,9,f,t,733.42
85194S,HANGING SPRING FLOWER EGG SMALL,fora_do_escopo,,mensal,C,atraso,2010-01-05,2010-11-29,47,10,7.13,1.40,79,28,400.29,563,8.52,8.36,0.2460,0.078,17,f,f,733.42
85195,HANGING HEART BASKET,fora_do_escopo,,mensal,C,ruptura,2009-12-04,2010-07-18,14,144,17.38,8.28,46,28,246.34,135,17.60,7.09,0.0003,0.659,9,f,f,733.42
85196,EASTER BUNNIES ON A STICK,sazonal,15,semanal,B,ruptura,2009-12-07,2010-03-29,45,255,2.55,100.18,42,14,831.04,1564,18.47,50.79,0.0000,0.146,8,t,t,733.42
85197,SET OF 12 MINI BUNNIES IN A BUCKET,fora_do_escopo,,mensal,B,atraso,2009-12-06,2010-11-22,40,17,9.00,1.89,92,28,894.36,1638,22.36,17.39,0.1512,0.376,267,f,t,733.42
85198,ASSORTED FARMYARD ANIMALS IN BUCKET,cliente_principal_parou,17,mensal,B,indicio,2009-12-07,2010-11-15,36,24,9.80,2.45,70,28,1405.12,3781,39.03,27.88,0.0864,0.707,267,f,t,733.42
85199L,LARGE HANGING IVORY & RED WOOD BIRD,fora_do_escopo,,semanal,B,normal,2009-12-01,2010-12-08,129,1,2.91,0.34,28,14,1680.72,2568,13.03,31.38,0.7089,0.101,4,f,t,733.42
85199S,SMALL HANGING IVORY/RED WOOD BIRD,fora_do_escopo,,semanal,B,normal,2009-12-01,2010-12-09,156,0,2.41,0.00,20,14,1550.20,3489,9.94,28.91,1.0000,0.100,14,f,t,733.42
85200,BUNNY EGG BOX,provavel_descontinuacao,71,semanal,B,ruptura,2009-12-07,2010-03-30,45,254,2.57,98.90,46,14,1092.84,864,24.29,66.19,0.0000,0.055,7,f,t,733.42
85202,HANGING WOOD AND FELT HEART,fora_do_escopo,,semanal,C,normal,2009-12-14,2010-12-07,84,2,4.31,0.46,27,14,266.20,549,3.17,5.14,0.6290,0.076,0,f,f,733.42
85203,HANGING WOOD AND FELT BUTTERFLY,fora_do_escopo,,semanal,C,normal,2009-12-08,2010-12-06,80,3,4.59,0.65,22,14,260.70,573,3.26,4.96,0.5205,0.076,49,f,f,733.42
85204,HANGING WOOD AND FELT FLOWER,fora_do_escopo,,mensal,C,normal,2009-12-14,2010-12-06,48,3,7.60,0.39,28,28,136.80,305,2.85,2.63,0.6737,0.147,111,f,f,733.42
85205A,IVORY FELT EASTER RABBIT GARLAND,fora_do_escopo,,semanal,C,ruptura,2010-02-02,2010-03-23,16,261,3.27,79.90,7,14,168.30,66,10.52,22.54,0.0000,0.136,4,t,f,733.42
85205B,PINK FELT EASTER RABBIT GARLAND,fora_do_escopo,,mensal,C,indicio,2010-01-11,2010-11-08,28,31,11.15,2.78,222,28,346.23,119,12.37,7.76,0.0620,0.103,4,t,f,733.42
85206A,CREAM FELT EASTER EGG BASKET,fora_do_escopo,,semanal,B,normal,2009-12-01,2010-12-05,72,4,5.20,0.77,97,14,2461.83,1382,34.19,46.05,0.4632,0.064,0,t,t,733.42
85206B,PINK FELT EASTER EGG BASKET,sazonal,6,diario,B,ruptura,2009-12-14,2010-04-08,65,245,1.80,136.35,24,7,2462.45,1529,37.88,147.58,0.0000,0.127,6,t,t,733.42
85208,SET/12 FUNKY FELT FLOWER PEG IN BAG,fora_do_escopo,,mensal,C,normal,2009-12-01,2010-12-08,38,1,10.05,0.10,76,28,436.83,205,11.50,8.00,0.9053,0.058,196,f,f,733.42
85211,S/4 GROOVY CAT MAGNETS,fora_do_escopo,,mensal,C,indicio,2009-12-01,2010-11-17,45,22,7.98,2.76,82,28,293.89,158,6.53,5.73,0.0634,0.135,211,f,f,733.42
85212,MINI PAINTED GARDEN DECORATION,fora_do_escopo,,mensal,C,normal,2009-12-02,2010-12-01,41,8,9.10,0.88,53,28,373.25,396,9.10,7.00,0.4151,0.109,24,f,f,733.42
85213,MINI  ZINC GARDEN DECORATIONS,fora_do_escopo,,mensal,C,normal,2009-12-13,2010-12-07,43,2,8.55,0.23,30,28,500.11,550,11.63,9.52,0.7914,0.123,52,f,f,733.42
85214,TUB 24 PINK FLOWER PEGS,fora_do_escopo,,semanal,C,normal,2009-12-06,2010-12-08,90,1,4.12,0.24,36,14,646.54,369,7.18,12.19,0.7847,0.071,1,f,f,733.42
85215,ASSORTED CHEESE FRIDGE MAGNETS,fora_do_escopo,,mensal,C,normal,2009-12-10,2010-12-08,43,1,8.64,0.12,33,28,475.53,627,11.06,8.96,0.8907,0.131,44,f,f,733.42
85216,ASSORTED CAKES FRIDGE MAGNETS,monitorar,32,semanal,B,indicio,2009-12-01,2010-12-02,133,7,2.77,2.52,15,14,2130.17,2812,16.02,40.43,0.0801,0.060,157,f,t,733.42
85217,ASSORTED ICE CREAM FRIDGE MAGNETS,provavel_descontinuacao,99,semanal,B,ruptura,2009-12-01,2010-09-09,117,91,2.43,37.43,17,14,1985.75,2875,16.97,48.87,0.0000,0.064,85,f,t,733.42
85218,S/5 MINI ICE CREAM FRIDGE MAGNETS,fora_do_escopo,,ocasional,C,ruptura,2010-01-14,2010-02-15,2,297,32.00,9.28,32,,625.20,1992,312.60,68.38,0.0001,0.944,267,f,f,733.42
85220,SMALL FAIRY CAKE FRIDGE MAGNETS,fora_do_escopo,,mensal,A,ruptura,2009-12-02,2010-02-17,5,295,19.25,15.32,32,28,6875.00,12236,1375.00,500.00,0.0000,0.941,267,f,t,733.42
85221,ASSORTED COLOUR SILK COIN PURSE,provavel_descontinuacao,63,semanal,B,ruptura,2009-12-02,2010-05-10,38,213,4.30,49.57,17,14,1685.46,3558,44.35,72.25,0.0000,0.271,8,f,t,733.42
85222,ASSORTED COLOUR SILK COSMETIC PURSE,provavel_descontinuacao,89,semanal,B,ruptura,2009-12-02,2010-06-21,41,171,5.03,34.03,21,14,1581.78,1407,38.58,53.74,0.0000,0.197,8,f,t,733.42
85224,ASSORTED COLOUR SILK GLASSES CASE,monitorar,74,semanal,B,ruptura,2009-12-02,2010-11-14,53,25,6.67,3.75,28,14,1123.06,2005,21.19,22.23,0.0236,0.244,10,f,t,733.42
85225,BLING KEY RING STAND,fora_do_escopo,,ocasional,C,indicio,2009-12-13,2010-09-15,8,85,39.43,2.16,105,,16.25,13,2.03,0.36,0.1158,0.538,0,f,f,733.42
85226A,WHITE/BLUE PULL BACK RACING CAR,monitorar,94,semanal,B,ruptura,2009-12-02,2010-11-24,101,15,3.57,4.20,22,14,934.72,1717,9.25,18.15,0.0150,0.216,326,f,t,733.42
85226C,BLUE PULL BACK RACING CAR,fora_do_escopo,,semanal,C,ruptura,2009-12-01,2010-11-09,67,30,5.20,5.77,45,14,523.41,991,7.81,10.52,0.0031,0.385,326,f,f,733.42
85227,SET OF 6 3D KIT CARDS FOR KIDS,fora_do_escopo,,semanal,B,normal,2009-12-01,2010-12-09,149,0,2.52,0.00,26,14,1828.32,2065,12.27,34.08,1.0000,0.084,321,f,t,733.42
85230A,OPIUM SCENTED VOTIVE CANDLE,fora_do_escopo,,mensal,C,atraso,2009-12-13,2010-11-23,28,16,12.78,1.25,45,28,293.76,1152,10.49,5.75,0.2859,0.206,8,f,f,733.42
85230B,CINNAMON SCENTED VOTIVE CANDLE,fora_do_escopo,,mensal,C,normal,2009-12-08,2010-12-09,28,0,13.56,0.00,62,28,255.68,928,9.13,4.72,1.0000,0.138,10,f,f,733.42
85230E,STRAWBRY SCENTED VOTIVE CANDLE,fora_do_escopo,,mensal,C,atraso,2009-12-08,2010-11-24,37,15,9.75,1.54,33,28,360.96,1344,9.76,7.00,0.2147,0.209,10,f,f,733.42
85230F,JASMINE VOTIVE CANDLE,fora_do_escopo,,mensal,C,normal,2009-12-02,2010-12-03,43,6,8.71,0.69,43,28,642.32,2632,14.94,12.00,0.5023,0.330,275,f,f,733.42
85230G,ORANGE VOTIVE CANDLE,fora_do_escopo,,mensal,C,normal,2009-12-02,2010-12-09,22,0,17.71,0.00,77,28,182.64,696,8.30,3.28,1.0000,0.276,10,f,f,733.42
85231B,CINAMMON SET OF 9 T-LIGHTS,fora_do_escopo,,semanal,B,normal,2009-12-01,2010-12-09,146,0,2.57,0.00,17,14,1204.01,1289,8.25,22.44,1.0000,0.034,0,f,t,733.42
85231E,STRAWBERRY SCENTED SET/9 T-LIGHTS,fora_do_escopo,,semanal,C,ruptura,2009-12-01,2010-06-13,68,179,2.90,61.82,19,14,697.74,837,10.26,24.81,0.0000,0.137,0,f,f,733.42
85231G,ORANGE SCENTED SET/9 T-LIGHTS,fora_do_escopo,,semanal,B,normal,2009-12-01,2010-12-09,128,0,2.94,0.00,13,14,802.79,902,6.27,14.95,1.0000,0.054,10,f,t,733.42
85231L,LAVENDER SCENTED SET/9 T-LIGHTS,provavel_descontinuacao,122,semanal,B,ruptura,2009-12-01,2010-05-02,67,221,2.30,95.96,33,14,841.75,1043,12.56,38.19,0.0000,0.154,8,f,t,733.42
85232A,SET/3 POLKA DOT STACKING TINS,monitorar,63,semanal,B,indicio,2009-12-01,2010-11-29,97,10,3.78,2.64,17,14,1525.62,300,15.73,29.12,0.0710,0.067,0,f,t,733.42
85232B,SET/3 RUSSIAN DOLL STACKING TINS,fora_do_escopo,,diario,A,normal,2009-12-01,2010-12-09,250,0,1.50,0.00,13,7,14359.40,2838,57.44,268.40,1.0000,0.129,9,f,t,733.42
85232D,SET/3 DECOUPAGE STACKING TINS,fora_do_escopo,,semanal,A,normal,2009-12-01,2010-12-09,120,0,3.13,0.00,18,14,2778.87,531,23.16,51.72,1.0000,0.184,9,f,t,733.42
90000A,RASPBERRY ANT COPPER FLOWER NECKLAC,fora_do_escopo,,ocasional,C,normal,2009-12-01,2010-11-16,11,23,35.00,0.66,130,,121.07,20,11.01,2.20,0.5183,0.147,59,f,f,733.42
90000B,MIDNIGHT BLUE COPPER FLOWER NECKLAC,fora_do_escopo,,ocasional,C,normal,2009-12-07,2010-12-07,14,2,28.08,0.07,95,,115.83,19,8.27,2.06,0.9312,0.154,59,f,f,733.42
90000C,OPAL WHITE/SILVER FLOWER NECKLACE,fora_do_escopo,,ocasional,C,ruptura,2009-12-13,2010-01-18,2,325,36.00,9.03,36,,12.32,2,6.16,1.20,0.0001,0.483,186,f,f,733.42
90000D,COPPER/OLIVE GREEN FLOWER NECKLACE,fora_do_escopo,,mensal,C,normal,2009-12-01,2010-12-07,21,2,18.55,0.11,76,28,203.01,33,9.67,3.65,0.8978,0.176,0,f,f,733.42
90001A,ANTIQUE RASPBERRY FLOWER EARRINGS,fora_do_escopo,,ocasional,C,ruptura,2009-12-15,2010-07-09,6,153,41.20,3.71,74,,25.65,6,4.28,0.73,0.0244,0.166,189,f,f,733.42
90001B,ANTIQUE MID BLUE FLOWER EARRINGS,fora_do_escopo,,ocasional,C,normal,2010-01-13,2010-11-22,6,17,62.60,0.27,105,,33.97,8,5.66,0.63,0.7622,0.250,0,f,f,733.42
90001C,ANTIQUE OPAL WHITE FLOWER EARRINGS,fora_do_escopo,,ocasional,C,normal,2009-12-11,2010-12-07,6,2,72.20,0.03,246,,29.81,7,4.97,0.48,0.9727,0.285,30,f,f,733.42
90001D,ANTIQUE OLIVE GREEN FLOWER EARRINGS,fora_do_escopo,,ocasional,C,normal,2009-12-06,2010-12-06,7,3,60.83,0.05,199,,59.47,14,8.50,0.98,0.9519,0.429,0,f,f,733.42
90002A,FLOWER BURST SILVER RING OPAL,fora_do_escopo,,ocasional,C,atraso,2009-12-07,2010-11-04,14,35,25.54,1.37,103,,146.25,39,10.45,2.86,0.2540,0.154,10,f,f,733.42
90002B,FLOWER BURST SILVER RING ROSE,fora_do_escopo,,ocasional,C,atraso,2009-12-02,2010-10-25,11,45,32.70,1.38,89,,82.74,22,7.52,1.61,0.2525,0.181,17,f,f,733.42
90002C,FLOWER BURST SILVER RING MIDN'T BLU,fora_do_escopo,,mensal,C,ruptura,2009-12-02,2010-08-18,17,113,16.19,6.98,41,28,124.38,33,7.32,3.16,0.0009,0.181,24,f,f,733.42
90002D,FLOWER BURST SILVER RING CRYSTAL,fora_do_escopo,,mensal,C,normal,2009-12-02,2010-12-06,26,3,14.76,0.20,56,28,339.53,97,13.06,6.19,0.8161,0.501,55,f,f,733.42
90002E,FLOWER BURST SILVER RING GREEN,fora_do_escopo,,ocasional,C,ruptura,2009-12-02,2010-08-18,11,113,25.90,4.36,51,,67.77,18,6.16,1.67,0.0127,0.221,15,f,f,733.42
90003B,ROSE COLOUR PAIR HEART HAIR SLIDES,fora_do_escopo,,ocasional,C,normal,2009-12-01,2010-12-07,16,2,24.73,0.08,97,,113.31,30,7.08,2.00,0.9223,0.199,4,f,f,733.42
90003C,MIDNIGHT BLUE PAIR HEART HAIR SLIDE,fora_do_escopo,,ocasional,C,normal,2009-12-01,2010-12-09,13,0,31.08,0.00,140,,79.32,21,6.10,1.37,1.0000,0.284,4,f,f,733.42
90003D,CRYSTAL PAIR HEART HAIR SLIDES,fora_do_escopo,,ocasional,C,indicio,2009-12-01,2010-10-12,14,58,24.23,2.39,131,,113.91,30,8.14,2.35,0.0913,0.198,114,f,f,733.42
90003E,GREEN PAIR HEART HAIR SLIDES,fora_do_escopo,,ocasional,C,normal,2009-12-16,2010-12-03,9,6,44.00,0.14,113,,45.51,12,5.06,0.80,0.8725,0.330,114,f,f,733.42
90005A,JADE GREEN ENAMEL HAIR COMB,fora_do_escopo,,mensal,C,normal,2009-12-01,2010-12-08,42,1,9.07,0.11,34,28,193.07,94,4.60,3.55,0.8956,0.121,80,f,f,733.42
90010A,MIDNIGHT BLUE GLASS/SILVER BRACELET,fora_do_escopo,,ocasional,C,normal,2009-12-03,2010-12-03,15,6,26.07,0.23,159,,285.50,32,19.03,5.11,0.7944,0.376,32,f,f,733.42
90010B,BLACK/WHITE GLASS/SILVER BRACELET,fora_do_escopo,,mensal,C,normal,2009-12-02,2010-12-09,26,0,14.88,0.00,58,28,496.65,54,19.10,8.99,1.0000,0.216,2,f,f,733.42
90010E,AMBER GLASS/SILVER BRACELET,fora_do_escopo,,ocasional,C,normal,2009-12-01,2010-12-06,19,3,20.56,0.15,115,,311.12,35,16.37,5.58,0.8642,0.230,32,f,f,733.42
90011A,MIDNIGHT BLUE CRYSTAL DROP EARRINGS,fora_do_escopo,,ocasional,C,normal,2009-12-03,2010-11-29,9,10,45.13,0.22,111,,26.77,9,2.97,0.46,0.8012,0.110,10,f,f,733.42
90011B,BLACK CRYSTAL DROP EARRINGS,fora_do_escopo,,ocasional,C,atraso,2009-12-03,2010-09-27,7,73,49.67,1.47,116,,23.79,8,3.40,0.48,0.2300,0.124,189,f,f,733.42
90011C,GREEN CRYSTAL DROP EARRINGS,fora_do_escopo,,ocasional,C,normal,2009-12-04,2010-10-11,5,59,77.75,0.76,116,,29.53,10,5.91,0.53,0.4682,0.599,14,f,f,733.42
90011D,PURPLE CRYSTAL DROP EARRINGS,fora_do_escopo,,ocasional,C,indicio,2009-12-02,2010-03-09,2,275,97.00,2.84,97,,5.99,2,3.00,0.22,0.0587,,,f,f,733.42
90011E,AMBER CRYSTAL DROP EARRINGS,fora_do_escopo,,ocasional,C,normal,2009-12-08,2010-11-12,5,27,84.75,0.32,170,,14.85,5,2.97,0.25,0.7272,0.199,56,f,f,733.42
90012A,MIDNIGHT BLUE DROP CRYSTAL NECKLACE,fora_do_escopo,,ocasional,C,ruptura,2009-12-03,2010-03-03,2,281,90.00,3.12,90,,20.62,2,10.31,0.80,0.0441,,,f,f,733.42
90012B,BLACK DROP CRYSTAL NECKLACE,fora_do_escopo,,ocasional,C,atraso,2009-12-03,2010-07-21,3,141,115.00,1.23,173,,40.55,4,13.52,0.82,0.2934,0.245,371,f,f,733.42
90013A,MIDNIGHT BLUE VINTAGE EARRINGS,fora_do_escopo,,mensal,C,normal,2009-12-03,2010-12-07,46,2,8.20,0.24,44,28,250.38,66,5.44,4.65,0.7836,0.120,17,f,f,733.42
90013B,BLACK VINTAGE EARRINGS,fora_do_escopo,,mensal,C,normal,2009-12-02,2010-12-09,45,0,8.45,0.00,56,28,296.47,72,6.59,5.45,1.0000,0.051,29,f,f,733.42
90013C,GREEN VINTAGE EARRINGS,fora_do_escopo,,mensal,C,normal,2009-12-01,2010-12-09,30,0,12.86,0.00,51,28,212.43,53,7.08,3.85,1.0000,0.071,0,f,f,733.42
90013D,PURPLE VINTAGE EARRINGS,fora_do_escopo,,ocasional,C,normal,2010-01-13,2010-11-15,13,24,25.50,0.94,92,,152.94,40,11.76,3.23,0.3902,0.392,17,f,f,733.42
90013E,AMBER VINTAGE EARRINGS,fora_do_escopo,,ocasional,C,ruptura,2009-12-09,2010-01-13,2,330,35.00,9.43,35,,8.57,2,4.29,0.86,0.0001,,,f,f,733.42
90014A,SILVER/MOP ORBIT NECKLACE,fora_do_escopo,,ocasional,C,normal,2009-12-07,2010-11-28,18,11,20.94,0.53,90,,284.42,28,15.80,5.28,0.5914,0.140,56,f,f,733.42
90014B,GOLD M PEARL  ORBIT NECKLACE,fora_do_escopo,,ocasional,C,normal,2009-12-04,2010-12-06,14,3,28.23,0.11,105,,195.54,19,13.97,3.46,0.8992,0.153,177,f,f,733.42
90014C,SILVER/BLACK ORBIT NECKLACE,fora_do_escopo,,ocasional,C,normal,2009-12-02,2010-11-28,16,11,24.07,0.46,67,,241.48,24,15.09,4.39,0.6331,0.206,36,f,f,733.42
90016A,SILVER/M.O.P PENDANT ORBIT NECKLACE,fora_do_escopo,,ocasional,C,normal,2009-12-18,2010-11-10,9,29,40.88,0.71,80,,102.15,12,11.35,1.94,0.4919,0.250,4,f,f,733.42
90016B,GOLD/M.O.P PENDANT ORBIT NECKLACE,fora_do_escopo,,ocasional,C,normal,2009-12-16,2010-11-24,11,15,34.30,0.44,83,,127.48,15,11.59,2.37,0.6458,0.333,177,f,f,733.42
90016C,SILVER/BLACK PENDANT ORBIT NECKLACE,fora_do_escopo,,ocasional,C,atraso,2010-01-11,2010-10-29,11,41,29.10,1.41,149,,119.11,14,10.83,2.60,0.2444,0.214,113,f,f,733.42
90018A,SILVER M.O.P ORBIT DROP EARRINGS,fora_do_escopo,,mensal,C,normal,2009-12-14,2010-12-06,20,3,18.79,0.16,72,28,140.64,33,7.03,2.62,0.8524,0.121,56,f,f,733.42
90018B,GOLD M.O.P ORBIT DROP EARRINGS,fora_do_escopo,,ocasional,C,normal,2009-12-02,2010-12-08,16,1,24.73,0.04,92,,80.82,19,5.05,1.43,0.9604,0.105,10,f,f,733.42
90018C,SILVER BLACK ORBIT DROP EARRINGS,fora_do_escopo,,ocasional,C,atraso,2009-12-14,2010-10-22,10,48,34.67,1.38,93,,68.11,16,6.81,1.38,0.2504,0.250,36,f,f,733.42
90019A,SILVER M.O.P ORBIT BRACELET,fora_do_escopo,,mensal,C,normal,2009-12-02,2010-12-07,25,2,15.42,0.13,56,28,168.52,32,6.74,3.06,0.8783,0.088,4,f,f,733.42
90019B,GOLD M.O.P ORBIT BRACELET,fora_do_escopo,,ocasional,C,normal,2010-01-20,2010-12-01,11,8,31.50,0.25,71,,77.61,15,7.06,1.57,0.7757,0.191,8,f,f,733.42
90019C,SILVER BLACK ORBIT BRACELET,fora_do_escopo,,mensal,C,normal,2009-12-03,2010-12-08,24,1,16.09,0.06,42,28,155.67,29,6.49,2.82,0.9397,0.095,55,f,f,733.42
90020,FILIGREE DIAMANTE CHAIN,fora_do_escopo,,ocasional,C,ruptura,2009-12-17,2010-05-04,3,219,69.00,3.17,95,,63.75,5,21.25,2.16,0.0418,0.600,3,f,f,733.42
90021,LASER CUT MULTI STRAND NECKLACE,fora_do_escopo,,ocasional,C,normal,2010-08-18,2010-11-24,3,15,49.00,0.31,89,,47.80,4,15.93,2.28,0.7363,0.500,113,f,f,733.42
90022,EDWARDIAN DROP EARRINGS JET BLACK,fora_do_escopo,,ocasional,C,normal,2009-12-04,2010-12-07,14,2,28.31,0.07,128,,68.40,18,4.89,1.21,0.9318,,,f,f,733.42
90023,FILIGREE DIAMANTE EARRINGS,fora_do_escopo,,ocasional,C,normal,2009-12-01,2010-12-07,13,2,30.92,0.06,128,,80.96,19,6.23,1.41,0.9374,0.210,0,f,f,733.42
90024A,NEW BAROQUE B'FLY NECKLACE BLACK,fora_do_escopo,,ocasional,C,normal,2010-01-28,2010-11-05,4,34,93.67,0.36,130,,42.50,5,10.63,0.79,0.6956,0.400,113,f,f,733.42
90024B,NEW BAROQUE B'FLY NECKLACE RED,fora_do_escopo,,ocasional,C,atraso,2009-12-01,2010-11-05,16,34,22.60,1.50,93,,153.46,18,9.59,2.97,0.2221,0.111,31,f,f,733.42
90024C,NEW BAROQUE B'FLY NECKLACE GREEN,fora_do_escopo,,ocasional,C,normal,2009-12-03,2010-12-01,8,8,51.86,0.15,185,,68.16,8,8.52,1.15,0.8570,0.125,0,f,f,733.42
90024D,NEW BAROQUE B'FLY NECKLACE PINK,fora_do_escopo,,ocasional,C,atraso,2009-12-09,2010-11-05,11,34,33.10,1.03,79,,110.68,13,10.06,2.13,0.3580,0.154,0,f,f,733.42
90024E,NEW BAROQUE B'FLY NECKLACE MONTANA,fora_do_escopo,,ocasional,C,ruptura,2009-12-02,2010-08-18,8,113,37.00,3.05,80,,119.17,14,14.90,2.82,0.0472,0.357,183,f,f,733.42
90024F,NEW BAROQUE B'FLY NECKLACE CRYSTAL,fora_do_escopo,,ocasional,C,ruptura,2010-04-19,2010-06-07,2,185,49.00,3.78,49,,25.48,3,12.74,1.82,0.0229,0.334,39,f,f,733.42
90025B,BAROQUE BUTTERFLY EARRINGS RED,fora_do_escopo,,ocasional,C,normal,2010-03-07,2010-10-20,2,50,227.00,0.22,227,,7.56,2,3.78,0.12,0.8023,0.496,39,f,f,733.42
90025C,BAROQUE BUTTERFLY EARRINGS GREEN,fora_do_escopo,,ocasional,C,normal,2010-02-17,2010-10-24,6,46,49.80,0.92,102,,22.56,6,3.76,0.53,0.3970,0.166,46,f,f,733.42
90025D,BAROQUE BUTTERFLY EARRINGS PINK,fora_do_escopo,,ocasional,C,indicio,2010-02-16,2010-05-21,2,202,94.00,2.15,94,,7.50,2,3.75,0.28,0.1166,0.500,114,f,f,733.42
90025E,BAROQUE BUTTERFLY EARRINGS MONTANA,fora_do_escopo,,ocasional,C,normal,2009-12-02,2010-11-03,6,36,67.20,0.54,95,,22.77,6,3.80,0.40,0.5853,0.165,39,f,f,733.42
90025F,BAROQUE BUTTERFLY EARRINGS CRYSTAL,fora_do_escopo,,ocasional,C,normal,2010-01-11,2010-11-22,4,17,105.00,0.16,260,,15.27,4,3.82,0.25,0.8505,0.246,39,f,f,733.42
90026A,GLASS BEAD HOOP NECKLACE BLACK,fora_do_escopo,,ocasional,C,atraso,2010-03-19,2010-10-24,8,46,31.29,1.47,103,,76.47,9,9.56,2.14,0.2299,0.222,0,f,f,733.42
90026B,GLASS BEAD HOOP NECKLACE MONTANA,fora_do_escopo,,ocasional,C,normal,2009-12-13,2010-11-28,4,11,116.67,0.09,176,,42.50,5,10.63,0.64,0.9100,0.400,11,f,f,733.42
90026C,GLASS BEAD HOOP NECKLACE GREEN,fora_do_escopo,,ocasional,C,normal,2009-12-10,2010-11-14,3,25,169.50,0.15,318,,34.00,4,11.33,0.47,0.8629,0.500,25,f,f,733.42
90026D,GLASS BEAD HOOP NECKLACE AMETHYST,fora_do_escopo,,ocasional,C,normal,2010-06-07,2010-11-14,5,25,40.00,0.63,72,,59.50,7,11.90,2.08,0.5353,0.286,113,f,f,733.42
90027A,GLASS BEAD HOOP EARRINGS BLACK,fora_do_escopo,,ocasional,C,normal,2010-03-21,2010-12-07,4,2,87.00,0.02,200,,11.82,4,2.96,0.24,0.9773,0.250,2,f,f,733.42
90027B,GLASS BEAD HOOP EARRINGS MONTANA,fora_do_escopo,,mensal,C,ruptura,2009-12-09,2010-03-21,7,263,17.00,15.47,36,28,29.52,10,4.22,1.74,0.0000,0.400,32,f,f,733.42
90027C,GLASS BEAD HOOP EARRINGS GREEN,fora_do_escopo,,ocasional,C,normal,2009-12-14,2010-11-25,7,14,57.67,0.24,221,,26.67,9,3.81,0.46,0.7844,0.221,32,f,f,733.42
90027D,GLASS BEAD HOOP EARRINGS AMETHYST,fora_do_escopo,,ocasional,C,normal,2009-12-02,2010-11-14,9,25,43.38,0.58,232,,43.78,14,4.86,0.79,0.5619,0.135,32,f,f,733.42
90028,NEW BAROQUE LARGE NECKLACE BLK/WHIT,fora_do_escopo,,ocasional,C,normal,2009-12-03,2010-12-06,12,3,33.45,0.09,122,,136.11,16,11.34,2.37,0.9142,0.250,36,f,f,733.42
90029,NEW BAROQUE SMALL NECKLACE BLACK,fora_do_escopo,,ocasional,C,normal,2009-12-06,2010-11-23,8,16,50.29,0.32,214,,153.00,18,19.13,2.66,0.7275,0.333,2,f,f,733.42
90030A,SPOTTED WHITE NATURAL SEED NECKLACE,fora_do_escopo,,ocasional,C,ruptura,2009-12-09,2010-03-28,3,256,54.50,4.70,72,,41.76,7,13.92,1.79,0.0091,0.712,32,f,f,733.42
90030B,RED KUKUI COCONUT SEED NECKLACE,fora_do_escopo,,ocasional,C,normal,2009-12-09,2010-12-09,11,0,36.50,0.00,116,,107.29,18,9.75,1.87,1.0000,0.277,32,f,f,733.42
90030C,BROWN KUKUI COCONUT SEED NECKLACE,fora_do_escopo,,ocasional,C,normal,2009-12-09,2010-12-09,6,0,73.00,0.00,179,,65.54,11,10.92,1.05,1.0000,0.454,32,f,f,733.42
90031,BILI NUT AND WOOD NECKLACE,fora_do_escopo,,ocasional,C,ruptura,2009-12-15,2010-02-10,2,302,57.00,5.30,57,,12.01,2,6.01,0.74,0.0050,,,f,f,733.42
90032,IVORY SHELL HEART NECKLACE,fora_do_escopo,,ocasional,C,normal,2010-01-21,2010-11-24,15,15,21.93,0.68,84,,168.75,27,11.25,3.59,0.5046,0.222,24,f,f,733.42
90033,IVORY SHELL HEART EARRINGS,fora_do_escopo,,ocasional,C,normal,2009-12-02,2010-12-09,10,0,41.33,0.00,196,,33.36,13,3.34,0.56,1.0000,0.229,30,f,f,733.42
90034,WHITE SILVER NECKLACE SHELL GLASS,fora_do_escopo,,ocasional,C,normal,2009-12-02,2010-12-08,4,1,123.67,0.01,314,,40.50,4,10.13,0.57,0.9919,0.246,95,f,f,733.42
90035A,"PEARL & SHELL 42""NECKL. GREEN",fora_do_escopo,,ocasional,C,normal,2009-12-03,2010-11-28,12,11,32.73,0.34,131,,203.93,19,16.99,3.63,0.7145,0.211,32,f,f,733.42
90035B,"PEARL & SHELL 42""NECKL. PINK",fora_do_escopo,,ocasional,C,indicio,2009-12-02,2010-06-24,4,168,68.00,2.47,189,,380.89,43,95.22,9.80,0.0845,0.802,0,f,f,733.42
90035C,"PEARL & SHELL 42""NECKL. IVORY",fora_do_escopo,,ocasional,C,indicio,2009-12-02,2010-06-24,4,168,68.00,2.47,189,,279.50,26,69.88,7.19,0.0845,0.731,0,f,f,733.42
90036A,FLOWER GARLAND NECKLACE RED,fora_do_escopo,,ocasional,C,normal,2009-12-03,2010-11-23,16,16,23.67,0.68,97,,168.06,21,10.50,3.11,0.5086,0.142,77,f,f,733.42
90036B,"FLOWER GLASS GARLAND NECKL.36""GREEN",fora_do_escopo,,ocasional,C,normal,2010-01-18,2010-11-12,8,27,42.57,0.63,99,,111.30,14,13.91,2.29,0.5303,0.429,53,f,f,733.42
90036C,"FLOWER GLASS GARLAND NECKL.36""BLUE",fora_do_escopo,,ocasional,C,normal,2009-12-03,2010-11-12,10,27,38.22,0.71,150,,175.43,22,17.54,3.21,0.4934,0.272,0,f,f,733.42
90036D,"FLOWER GLASS GARLAND NECKL.36""BLACK",fora_do_escopo,,ocasional,C,normal,2009-12-01,2010-12-09,12,0,33.91,0.00,89,,214.89,27,17.91,3.70,1.0000,0.222,0,f,f,733.42
90036E,"FLOWER GLASS GARLD NECKL36""AMETHYST",fora_do_escopo,,ocasional,C,normal,2009-12-08,2010-11-22,17,17,21.81,0.78,53,,247.92,31,14.58,4.68,0.4587,0.096,3,f,f,733.42
90036F,"FLOWER GLASS GARLD NECKL36""TURQUOIS",fora_do_escopo,,ocasional,C,normal,2009-12-18,2010-12-08,12,1,32.27,0.03,83,,144.23,18,12.02,2.61,0.9695,0.331,25,f,f,733.42
90037A,TINY CRYSTAL BRACELET RED,fora_do_escopo,,ocasional,C,normal,2009-12-14,2010-11-22,11,17,34.30,0.50,76,,63.83,25,5.80,1.18,0.6092,0.240,17,f,f,733.42
90037B,TINY CRYSTAL BRACELET GREEN,fora_do_escopo,,ocasional,C,ruptura,2010-03-16,2010-07-13,5,149,29.75,5.01,71,,45.89,18,9.18,2.16,0.0067,0.333,0,f,f,733.42
90037C,TINY CRYSTAL BRACELET BLUE,fora_do_escopo,,ocasional,C,atraso,2009-12-14,2010-10-19,8,51,44.14,1.16,83,,56.11,22,7.01,1.11,0.3150,0.273,0,f,f,733.42
90037D,TINY CRYSTALS BRACELET BLACK,fora_do_escopo,,ocasional,C,ruptura,2009-12-07,2010-06-23,7,169,33.00,5.12,118,,35.87,14,5.12,1.09,0.0060,0.427,46,f,f,733.42
90038A,GLASS AND PAINTED BEADS BRACELET TO,fora_do_escopo,,ocasional,C,normal,2009-12-07,2010-11-12,12,27,30.91,0.87,84,,79.65,21,6.64,1.50,0.4175,0.282,59,f,f,733.42
90038B,GLASS AND PAINTED BEADS BRACELET OL,fora_do_escopo,,ocasional,C,atraso,2009-12-14,2010-09-05,5,95,66.25,1.43,148,,30.42,8,6.08,0.64,0.2384,0.493,95,f,f,733.42
90038C,GLASS AND BEADS BRACELET IVORY,fora_do_escopo,,ocasional,C,atraso,2009-12-18,2010-09-05,5,95,65.25,1.46,114,,37.77,10,7.55,0.81,0.2332,0.397,95,f,f,733.42
90039A,FIRE POLISHED GLASS BRACELET RED,fora_do_escopo,,ocasional,C,ruptura,2009-12-18,2010-02-18,2,294,62.00,4.74,62,,7.65,2,3.83,0.43,0.0087,0.490,49,f,f,733.42
90039B,FIRE POLISHED GLASS BRACELET MONTAN,fora_do_escopo,,ocasional,C,normal,2010-01-12,2010-12-09,6,0,66.20,0.00,124,,41.49,11,6.92,0.73,1.0000,0.542,0,f,f,733.42
90039C,FIRE POLISHED GLASS BRACELET BLACK,fora_do_escopo,,ocasional,C,normal,2009-12-10,2010-12-06,6,3,72.20,0.04,149,,67.98,18,11.33,1.10,0.9593,0.662,49,f,f,733.42
90039D,FIRE POLISHED GLASS BRACELET GREEN,fora_do_escopo,,ocasional,C,normal,2009-12-01,2010-12-09,15,0,26.64,0.00,125,,87.78,23,5.85,1.54,1.0000,0.256,0,f,f,733.42
90040A,MURANO STYLE GLASS BRACELET RED,fora_do_escopo,,mensal,C,atraso,2009-12-03,2010-11-23,28,16,13.15,1.22,57,28,152.76,39,5.46,2.90,0.2961,0.069,30,f,f,733.42
90040B,MURANO STYLE GLASS BRACELET BLACK,fora_do_escopo,,mensal,C,normal,2009-12-03,2010-12-06,26,3,14.72,0.20,56,28,196.89,55,7.57,3.60,0.8156,0.107,0,f,f,733.42
90040C,MURANO STYLE GLASS BRACELET GOLD,fora_do_escopo,,ocasional,C,normal,2009-12-04,2010-12-08,12,1,33.55,0.03,204,,96.14,27,8.01,1.67,0.9706,0.218,59,f,f,733.42
90040D,MURANO STYLE GLASS BRACELET PINK,fora_do_escopo,,mensal,C,ruptura,2009-12-01,2010-09-14,22,86,13.67,6.29,73,28,148.87,41,6.77,3.47,0.0018,0.141,14,f,f,733.42
90041,PEARL AND CHERRY QUARTZ BRACLET,fora_do_escopo,,ocasional,C,normal,2009-12-09,2010-07-11,2,151,214.00,0.71,214,,7.40,2,3.70,0.12,0.4938,0.473,151,f,f,733.42
90042A,FRESHWATER PEARL BRACELET GOLD,fora_do_escopo,,mensal,C,normal,2009-12-02,2010-11-28,28,11,13.37,0.82,48,28,153.14,60,5.47,2.86,0.4392,0.133,22,f,f,733.42
90042B,FRESHWATER PEARL BRACELET PINK,fora_do_escopo,,ocasional,C,normal,2009-12-02,2010-11-24,6,15,71.40,0.21,164,,43.35,17,7.23,0.71,0.8105,0.471,14,f,f,733.42
90042C,FRESHWATER PEARL BRACELET IVORY,fora_do_escopo,,mensal,C,atraso,2010-06-02,2010-11-28,20,11,9.42,1.17,40,28,137.51,54,6.88,5.11,0.3111,0.148,22,f,f,733.42
90043,COPPER AND BRASS BAG CHARM,fora_do_escopo,,ocasional,C,ruptura,2009-12-17,2010-03-26,4,258,33.00,7.82,59,,29.70,6,7.43,1.58,0.0004,0.500,4,f,f,733.42
90046,WHITE WITH METAL BAG CHARM,fora_do_escopo,,ocasional,C,ruptura,2010-03-26,2010-08-17,5,114,36.00,3.17,58,,49.50,10,9.90,1.93,0.0421,0.400,200,f,f,733.42
90048,GREEN WITH METAL BAG CHARM,fora_do_escopo,,ocasional,C,indicio,2009-12-08,2010-08-13,6,118,49.60,2.38,82,,144.04,28,24.01,3.39,0.0926,0.687,200,f,f,733.42
90049,IVORY GOLD METAL BAG CHARM,fora_do_escopo,,ocasional,C,normal,2010-05-23,2010-11-15,2,24,176.00,0.14,176,,79.47,15,39.74,1.58,0.8725,0.872,200,f,f,733.42
90050,CRACKED GLAZE NECKLACE IVORY,fora_do_escopo,,ocasional,C,normal,2010-01-26,2010-12-03,3,6,155.50,0.04,228,,21.39,3,7.13,0.32,0.9621,,,f,f,733.42
90051,CRACKED GLAZE NECKLACE RED,fora_do_escopo,,ocasional,C,normal,2010-06-28,2010-12-03,6,6,31.60,0.19,93,,49.73,7,8.29,1.84,0.8271,0.140,29,f,f,733.42
90052,CRACKED GLAZE NECKLACE BROWN,fora_do_escopo,,ocasional,C,atraso,2009-12-22,2010-06-28,3,164,94.00,1.74,168,,35.44,5,11.81,0.88,0.1747,0.588,45,f,f,733.42
90053,CRACKED GLAZE EARRINGS IVORY,fora_do_escopo,,ocasional,C,normal,2010-01-11,2010-12-03,7,6,54.33,0.11,121,,17.79,7,2.54,0.33,0.8954,,,f,f,733.42
90054,CRACKED GLAZE EARRINGS RED,fora_do_escopo,,ocasional,C,normal,2009-12-14,2010-12-03,10,6,39.33,0.15,130,,25.53,10,2.55,0.45,0.8585,0.100,18,f,f,733.42
90055,CRACKED GLAZE EARRINGS BROWN,fora_do_escopo,,ocasional,C,normal,2010-01-11,2010-11-25,5,14,79.50,0.18,150,,12.75,5,2.55,0.22,0.8385,,,f,f,733.42
90056,CHUNKY CRACKED GLAZE NECKLACE IVORY,fora_do_escopo,,ocasional,C,normal,2009-12-08,2010-12-06,11,3,36.30,0.08,133,,175.48,16,15.95,3.08,0.9207,0.368,36,f,f,733.42
90057,DIAMANTE RING ASSORTED IN BOX.,fora_do_escopo,,ocasional,B,normal,2009-12-09,2010-11-23,15,16,24.93,0.64,161,,1364.52,796,90.97,25.54,0.5263,0.440,8,f,t,733.42
90058A,CRYSTAL STUD EARRINGS CLEAR DISPLAY,fora_do_escopo,,ocasional,C,indicio,2009-12-10,2010-08-25,6,106,51.60,2.05,146,,95.76,252,15.96,2.17,0.1282,0.286,23,f,f,733.42
90058B,CRYSTAL STUD EARRINGS ASSORTED COL,fora_do_escopo,,ocasional,C,indicio,2009-12-23,2010-10-11,14,59,22.46,2.63,122,,314.68,506,22.48,7.00,0.0723,0.243,21,f,f,733.42
90059A,DIAMANTE HAIR GRIP PACK/2 CRYSTAL,fora_do_escopo,,mensal,C,normal,2009-12-02,2010-12-08,22,1,17.67,0.06,91,28,85.83,51,3.90,1.55,0.9450,0.115,23,f,f,733.42
90059B,DIAMANTE HAIR GRIP PACK/2 BLACK DIA,fora_do_escopo,,ocasional,C,normal,2010-01-19,2010-12-06,8,3,45.86,0.07,167,,25.03,15,3.13,0.48,0.9367,0.396,23,f,f,733.42
90059C,DIAMANTE HAIR GRIP PACK/2 MONTANA,fora_do_escopo,,ocasional,C,normal,2009-12-09,2010-12-01,14,8,27.46,0.29,178,,45.04,27,3.22,0.82,0.7473,0.220,45,f,f,733.42
90059D,DIAMANTE HAIR GRIP PACK/2 PERIDOT,fora_do_escopo,,mensal,C,normal,2009-12-03,2010-12-08,20,1,19.47,0.05,48,28,66.98,40,3.35,1.20,0.9499,0.148,23,f,f,733.42
90059E,DIAMANTE HAIR GRIP PACK/2 RUBY,fora_do_escopo,,mensal,C,normal,2009-12-09,2010-12-06,20,3,19.05,0.16,76,28,53.58,32,2.68,0.98,0.8543,0.185,23,f,f,733.42
90059F,DIAMANTE HAIR GRIP PACK/2 LT ROSE,fora_do_escopo,,ocasional,C,normal,2009-12-16,2010-11-22,12,17,31.00,0.55,71,,45.18,27,3.77,0.85,0.5779,0.219,23,f,f,733.42
90060B,FIRE POLISHED GLASS NECKL GOLD,fora_do_escopo,,ocasional,C,atraso,2009-12-13,2010-06-24,3,168,96.50,1.74,165,,35.70,6,11.90,0.86,0.1754,0.333,84,f,f,733.42
90060C,FIRE POLISHED GLASS NECKL SILVER,fora_do_escopo,,ocasional,C,atraso,2009-12-06,2010-07-04,3,158,105.00,1.50,172,,41.65,7,13.88,0.93,0.2221,0.714,11,f,f,733.42
90060D,FIRE POLISHED GLASS NECKL BRONZE,fora_do_escopo,,ocasional,C,normal,2009-12-06,2010-12-06,6,3,73.00,0.04,166,,59.50,10,9.92,0.95,0.9597,0.500,11,f,f,733.42
90060F,FIRE POLISHED GLASS NECKL GREEN,fora_do_escopo,,ocasional,C,normal,2009-12-06,2010-12-03,13,6,30.17,0.20,112,,142.87,24,10.99,2.55,0.8196,0.333,11,f,f,733.42
90062,CARNIVAL BRACELET,fora_do_escopo,,semanal,B,normal,2009-12-01,2010-12-06,68,3,5.52,0.54,49,14,2084.39,164,30.65,38.85,0.5809,0.086,1,f,t,733.42
90063A,WHITE VINT ART DECO CRYSTAL NECKLAC,fora_do_escopo,,ocasional,C,indicio,2010-06-17,2010-10-11,5,59,29.00,2.03,62,,76.48,9,15.30,3.69,0.1307,0.333,59,f,f,733.42
90063B,BLACK VINT ART DEC CRYSTAL NECKLACE,fora_do_escopo,,ocasional,C,normal,2009-12-03,2010-11-28,8,11,51.43,0.21,244,,93.85,11,11.73,1.60,0.8074,0.272,59,f,f,733.42
90064A,WHITE VINTAGE CRYSTAL EARRINGS,fora_do_escopo,,ocasional,C,atraso,2010-01-13,2010-09-28,6,72,51.60,1.40,170,,40.44,10,6.74,0.91,0.2477,0.371,113,f,f,733.42
90064B,BLACK VINTAGE  CRYSTAL EARRINGS,fora_do_escopo,,ocasional,C,normal,2009-12-17,2010-11-18,5,21,84.00,0.25,124,,33.75,9,6.75,0.56,0.7788,0.444,113,f,f,733.42
90065A,WHITE VINTAGE CRYSTAL BRACELET,fora_do_escopo,,ocasional,C,atraso,2009-12-02,2010-10-11,11,59,31.30,1.88,185,,133.21,19,12.11,2.71,0.1518,0.304,59,f,f,733.42
90065B,BLACK VINT ART DEC CRYSTAL BRACELET,fora_do_escopo,,ocasional,C,normal,2009-12-13,2010-11-18,12,21,30.91,0.68,92,,154.87,22,12.91,2.92,0.5069,0.218,39,f,f,733.42
90066A,PINK VINTAGE VICTORIAN CHOKER,fora_do_escopo,,ocasional,C,normal,2010-07-19,2010-10-07,2,63,80.00,0.79,80,,33.75,5,16.88,1.48,0.4550,0.600,0,f,f,733.42
90067A,PINK VINTAGE VICTORIAN EARRINGS,fora_do_escopo,,ocasional,C,ruptura,2009-12-01,2010-08-18,9,113,32.50,3.48,56,,56.09,19,6.23,1.34,0.0309,0.316,113,f,f,733.42
90067B,BROWN VINTAGE VICTORIAN EARRINGS,fora_do_escopo,,ocasional,C,atraso,2009-12-01,2010-08-18,4,113,86.67,1.30,133,,41.32,14,10.33,0.83,0.2715,0.428,113,f,f,733.42
90069,RUBY GLASS CLUSTER NECKLACE,fora_do_escopo,,ocasional,C,normal,2009-12-10,2010-11-23,4,16,116.00,0.14,304,,67.50,9,16.88,1.02,0.8712,0.667,2,f,f,733.42
90070,RUBY GLASS CLUSTER BRACELET,fora_do_escopo,,mensal,C,atraso,2009-12-04,2010-11-08,19,31,18.83,1.65,103,28,262.51,43,13.82,5.14,0.1928,0.272,32,f,f,733.42
90071,RUBY GLASS CLUSTER EARRINGS,fora_do_escopo,,mensal,C,normal,2009-12-02,2010-12-07,39,2,9.74,0.21,73,28,60.67,48,1.56,1.12,0.8143,0.021,56,f,f,733.42
90072,RUBY DROP CHANDELIER EARRINGS,fora_do_escopo,,ocasional,C,normal,2009-12-02,2010-11-22,15,17,25.36,0.67,70,,92.89,23,6.19,1.71,0.5115,0.242,113,f,f,733.42
90073,VINTAGE ENAMEL & CRYSTAL EARRINGS,fora_do_escopo,,ocasional,C,normal,2009-12-02,2010-12-09,18,0,21.88,0.00,66,,125.82,25,6.99,2.24,1.0000,0.236,113,f,f,733.42
90074,BLACK DIAMOND CLUSTER NECKLACE,fora_do_escopo,,ocasional,C,normal,2010-03-07,2010-12-06,4,3,91.33,0.03,217,,36.62,4,9.16,0.70,0.9677,0.244,60,f,f,733.42
90075,MONTANA DIAMOND CLUSTER NECKLACE,fora_do_escopo,,ocasional,C,normal,2010-03-07,2010-11-14,5,25,63.00,0.40,150,,54.52,6,10.90,1.21,0.6725,0.328,0,f,f,733.42
90076,MONTANA DIAMOND CLUSTER EARRINGS,fora_do_escopo,,ocasional,C,indicio,2010-01-14,2010-06-22,3,170,79.50,2.14,106,,8.88,3,2.96,0.26,0.1178,,,f,f,733.42
90077,BLACK DIAMOND CLUSTER EARRINGS,fora_do_escopo,,ocasional,C,normal,2009-12-14,2010-12-01,3,8,176.00,0.05,269,,8.54,3,2.85,0.11,0.9556,0.299,39,f,f,733.42
90078,PINK/WHITE GLASS DEMI CHOKER,fora_do_escopo,,ocasional,C,normal,2010-02-16,2010-11-22,4,17,93.00,0.18,237,,52.64,7,13.16,0.99,0.8329,0.427,59,f,f,733.42
90079,VINTAGE ENAMEL & CRYSTAL NECKLACE,fora_do_escopo,,ocasional,C,normal,2009-12-17,2010-11-17,9,22,41.88,0.53,177,,55.01,11,6.11,1.02,0.5913,0.270,59,f,f,733.42
90081A,LILY BROOCH AMETHYST COLOUR,fora_do_escopo,,ocasional,C,normal,2009-12-07,2010-12-02,16,7,24.00,0.29,63,,178.45,36,11.15,3.25,0.7470,0.250,3,f,f,733.42
90081C,LILY BROOCH OLIVE COLOUR,fora_do_escopo,,mensal,C,normal,2009-12-01,2010-12-06,22,3,17.62,0.17,77,28,155.96,31,7.09,2.82,0.8434,0.190,4,f,f,733.42
90082A,DIAMANTE BOW BROOCH GREEN COLOUR,fora_do_escopo,,ocasional,C,normal,2009-12-02,2010-12-02,15,7,26.07,0.27,81,,192.26,30,12.82,3.44,0.7645,0.198,21,f,f,733.42
90082B,DIAMANTE BOW BROOCH RED COLOUR,fora_do_escopo,,ocasional,C,normal,2009-12-15,2010-12-05,17,4,22.19,0.18,73,,260.35,41,15.31,4.83,0.8350,0.171,3,f,f,733.42
90082C,DIAMANTE BOW BROOCH WHITE COLOUR,fora_do_escopo,,mensal,C,ruptura,2010-01-13,2010-02-10,3,302,14.00,21.57,19,28,19.93,3,6.64,3.32,0.0000,0.319,302,f,f,733.42
90082D,DIAMANTE BOW BROOCH BLACK COLOUR,fora_do_escopo,,mensal,C,normal,2009-12-01,2010-12-05,45,4,8.39,0.48,34,28,650.77,101,14.46,12.07,0.6207,0.088,3,f,f,733.42
90083,CRYSTAL CZECH CROSS PHONE CHARM,fora_do_escopo,,ocasional,C,normal,2009-12-03,2010-11-10,6,29,68.40,0.42,151,,24.61,27,4.10,0.42,0.6544,0.414,32,f,f,733.42
90084,PINK CRYSTAL GUITAR PHONE CHARM,fora_do_escopo,,ocasional,C,ruptura,2009-12-01,2010-06-07,6,185,37.60,4.92,86,,53.55,63,8.93,1.66,0.0073,0.381,373,f,f,733.42
90085,CRYSTAL STILETTO PHONE CHARM,fora_do_escopo,,ocasional,C,normal,2009-12-01,2010-12-09,18,0,21.94,0.00,170,,242.09,279,13.45,4.29,1.0000,0.569,373,f,f,733.42
90086,CRYSTAL FROG PHONE CHARM,fora_do_escopo,,mensal,C,normal,2010-03-03,2010-12-09,21,0,14.05,0.00,52,28,109.17,117,5.20,2.59,1.0000,0.280,34,f,f,733.42
90087,CRYSTAL SEA HORSE PHONE CHARM,fora_do_escopo,,mensal,C,normal,2009-12-01,2010-12-09,28,0,13.81,0.00,48,28,191.42,206,6.84,3.46,1.0000,0.426,373,f,f,733.42
90088,CRYSTAL KEY+LOCK PHONE CHARM,fora_do_escopo,,ocasional,C,normal,2009-12-01,2010-11-25,11,14,35.90,0.39,82,,86.70,101,7.88,1.54,0.6771,0.471,373,f,f,733.42
90089,PINK CRYSTAL SKULL PHONE CHARM,fora_do_escopo,,ocasional,C,normal,2009-12-03,2010-12-08,18,1,21.76,0.05,66,,79.62,85,4.42,1.42,0.9551,0.128,0,f,f,733.42
90090,PINK CRYSTAL HEART PHONE CHARM,fora_do_escopo,,ocasional,C,normal,2009-12-01,2010-11-25,18,14,21.12,0.66,98,,227.72,263,12.65,4.19,0.5153,0.403,373,f,f,733.42
90091,CRYSTAL DRAGONFLY PHONE CHARM,fora_do_escopo,,ocasional,C,normal,2010-05-10,2010-10-11,2,59,154.00,0.38,154,,2.55,3,1.28,0.06,0.6817,0.667,34,f,f,733.42
90092,BLUE CRYSTAL BOOT PHONE CHARM,fora_do_escopo,,ocasional,C,ruptura,2009-12-01,2010-08-09,8,122,35.86,3.40,59,,85.85,101,10.73,2.09,0.0333,0.535,373,f,f,733.42
90093,CLEAR CRYSTAL STAR PHONE CHARM,fora_do_escopo,,ocasional,C,normal,2009-12-01,2010-12-09,14,0,28.69,0.00,84,,138.43,158,9.89,2.41,1.0000,0.295,373,f,f,733.42
90094,NECKLACE+BRACELET SET FRUIT SALAD,fora_do_escopo,,mensal,C,normal,2010-06-27,2010-12-03,22,6,7.57,0.79,52,28,157.02,62,7.14,6.60,0.4527,0.097,21,f,f,733.42
90095,NECKLACE+BRACELET SET PINK BLOSSOM,fora_do_escopo,,ocasional,C,indicio,2010-03-08,2010-06-27,3,165,55.50,2.97,67,,22.91,8,7.64,0.96,0.0512,0.668,44,f,f,733.42
90096,NECKLACE+BRACELET SET BLUE BLOSSOM,fora_do_escopo,,mensal,C,normal,2010-01-05,2010-12-08,24,1,14.65,0.07,95,28,154.23,68,6.43,3.07,0.9340,0.099,21,f,f,733.42
90098,NECKLACE+BRACELET PINK BUTTERFLY,fora_do_escopo,,mensal,C,indicio,2009-12-18,2010-11-16,30,23,11.48,2.00,78,28,237.53,112,7.92,4.83,0.1349,0.064,42,f,f,733.42
90099,NECKLACE+BRACELET SET BLUE HIBISCUS,fora_do_escopo,,ocasional,C,normal,2009-12-07,2010-12-07,12,2,33.18,0.06,316,,78.69,22,6.56,1.38,0.9415,0.194,42,f,f,733.42
90100,NECKLACE+BRACELET SET PINK DAISY,fora_do_escopo,,ocasional,C,normal,2009-12-07,2010-11-30,10,9,39.78,0.23,118,,73.95,29,7.40,1.30,0.7975,0.276,11,f,f,733.42
90101,WHITE FRANGIPANI NECKLACE,fora_do_escopo,,ocasional,C,normal,2009-12-09,2010-12-06,13,3,30.17,0.10,117,,35.63,14,2.74,0.64,0.9053,0.143,6,f,f,733.42
90102,WHITE FRANGIPANI HAIR CLIP,fora_do_escopo,,ocasional,C,normal,2010-01-25,2010-11-24,3,15,151.50,0.10,153,,7.61,9,2.54,0.12,0.9057,0.670,165,f,f,733.42
90103,PURPLE FRANGIPANI NECKLACE,fora_do_escopo,,ocasional,C,normal,2009-12-22,2010-11-18,12,21,30.09,0.70,105,,38.19,15,3.18,0.74,0.4976,0.134,6,f,f,733.42
90104,PURPLE FRANGIPANI HAIRCLIP,fora_do_escopo,,semanal,C,normal,2010-06-21,2010-12-08,36,1,4.86,0.21,23,14,89.12,106,2.48,3.57,0.8139,0.114,13,f,f,733.42
90108,BLUE BLOSSOM HAIR CLIP,fora_do_escopo,,ocasional,C,normal,2010-01-15,2010-11-26,9,13,39.38,0.33,163,,43.87,39,4.87,0.87,0.7188,0.383,20,f,f,733.42
90111,BLUE HIBISCUS  HAIR CLIP,fora_do_escopo,,mensal,C,ruptura,2009-12-07,2010-03-08,6,276,18.20,15.16,42,28,8.40,8,1.40,0.54,0.0000,0.250,154,f,f,733.42
90112,PINK DOLLY HAIR CLIPS,fora_do_escopo,,ocasional,C,atraso,2009-12-07,2010-11-14,18,25,20.12,1.24,72,,89.15,82,4.95,1.72,0.2886,0.294,24,f,f,733.42
90114,SUMMER DAISIES BAG CHARM,fora_do_escopo,,mensal,C,normal,2010-02-02,2010-12-06,23,3,13.95,0.21,141,28,101.24,40,4.40,2.21,0.8066,0.151,169,f,f,733.42
90115,SUMMER BUTTERFLIES BAG CHARM,fora_do_escopo,,mensal,C,normal,2009-12-06,2010-12-08,29,1,13.11,0.08,169,28,162.00,61,5.59,2.98,0.9265,0.094,169,f,f,733.42
90116,FRUIT SALAD BAG CHARM,fora_do_escopo,,mensal,C,normal,2010-02-02,2010-12-07,19,2,17.11,0.12,74,28,85.02,44,4.47,1.83,0.8897,0.239,169,f,f,733.42
90118,PINK DAISY BAG CHARM,fora_do_escopo,,mensal,C,normal,2010-06-16,2010-11-30,10,9,18.56,0.49,117,28,32.75,12,3.28,1.24,0.6157,0.078,23,f,f,733.42
90119,METALIC LEAVES BAG CHARMS,fora_do_escopo,,ocasional,C,normal,2010-06-23,2010-11-30,6,9,32.00,0.28,62,,38.01,14,6.34,1.39,0.7548,0.403,169,f,f,733.42
90120A,PINK MURANO TWIST BRACELET,fora_do_escopo,,mensal,C,normal,2009-12-07,2010-12-08,33,1,11.44,0.09,46,28,370.19,87,11.22,6.87,0.9163,0.138,148,f,f,733.42
90120B,BLUE MURANO TWIST BRACELET,fora_do_escopo,,mensal,C,normal,2009-12-09,2010-12-03,24,6,15.61,0.38,64,28,291.56,69,12.15,5.45,0.6809,0.175,148,f,f,733.42
90120C,GREEN MURANO TWIST BRACELET,fora_do_escopo,,mensal,C,normal,2009-12-01,2010-12-09,35,0,10.97,0.00,81,28,255.60,60,7.30,4.66,1.0000,0.200,14,f,f,733.42
90120D,WHITE MURANO TWIST BRACELET,fora_do_escopo,,mensal,C,normal,2009-12-07,2010-11-29,31,10,11.90,0.84,53,28,512.34,124,16.53,9.72,0.4316,0.198,55,f,f,733.42
90121B,VINTAGE ROSE BEAD BRACELET BLUE,fora_do_escopo,,mensal,C,ruptura,2009-12-01,2010-01-28,7,315,9.67,32.59,35,28,80.75,19,11.54,8.35,0.0000,0.316,95,f,f,733.42
90122A,PINK CRYSTAL+GLASS BRACELET,fora_do_escopo,,ocasional,C,normal,2010-01-11,2010-11-28,16,11,21.40,0.51,94,,169.36,34,10.59,3.46,0.5981,0.175,183,f,f,733.42
90122B,JADE CRYSTAL+GLASS BRACELET,fora_do_escopo,,mensal,C,normal,2009-12-06,2010-11-28,20,11,18.79,0.59,57,28,199.06,40,9.95,3.71,0.5569,0.149,59,f,f,733.42
90122C,TURQUOISE CRYSTAL+GLASS BRACELET,fora_do_escopo,,ocasional,C,normal,2009-12-14,2010-11-28,18,11,20.53,0.54,69,,149.87,30,8.33,2.84,0.5852,0.198,183,f,f,733.42
90123A,PINK HEART OF GLASS BRACELET,fora_do_escopo,,ocasional,C,normal,2009-12-13,2010-11-28,10,11,38.89,0.28,126,,130.90,22,13.09,2.36,0.7536,0.182,4,f,f,733.42
90123B,TURQUOISE HEART OF GLASS BRACELET,fora_do_escopo,,ocasional,C,ruptura,2010-01-11,2010-08-08,8,123,29.86,4.12,55,,113.17,19,14.15,3.32,0.0163,0.210,4,f,f,733.42
90123C,GREEN HEART OF GLASS BRACELET,fora_do_escopo,,ocasional,C,indicio,2009-12-23,2010-08-08,6,123,45.60,2.70,105,,77.46,13,12.91,1.98,0.0674,0.307,4,f,f,733.42
90123D,WHITE HEART OF GLASS BRACELET,fora_do_escopo,,ocasional,C,normal,2009-12-04,2010-11-28,9,11,44.88,0.25,136,,137.08,23,15.23,2.38,0.7826,0.521,148,f,f,733.42
90124A,PINK MURANO TWIST NECKLACE,fora_do_escopo,,ocasional,C,normal,2009-12-02,2010-11-28,13,11,30.08,0.37,120,,219.62,22,16.89,3.93,0.6937,0.181,283,f,f,733.42
90124B,BLUE MURANO TWIST NECKLACE,fora_do_escopo,,mensal,C,normal,2009-12-08,2010-12-01,20,8,18.84,0.42,67,28,281.46,28,14.07,5.23,0.6540,0.141,283,f,f,733.42
90124C,GREEN MURANO TWIST NECKLACE,fora_do_escopo,,ocasional,C,normal,2009-12-16,2010-11-29,8,10,49.71,0.20,113,,110.67,11,13.83,1.95,0.8178,0.360,7,f,f,733.42
90125A,PINK BERTIE GLASS BEAD BAG CHARM,fora_do_escopo,,ocasional,C,normal,2009-12-01,2010-11-15,7,24,58.17,0.41,183,,77.73,34,11.10,1.34,0.6619,0.648,373,f,f,733.42
90125B,AQUA BERTIE GLASS BEAD BAG CHARM,fora_do_escopo,,ocasional,C,normal,2009-12-08,2010-11-02,5,37,82.25,0.45,194,,31.51,14,6.30,0.54,0.6377,0.400,29,f,f,733.42
90125C,TURQUOISE BERTIE GLASS BEAD CHARM,fora_do_escopo,,ocasional,C,normal,2009-12-01,2010-11-07,3,32,170.50,0.19,322,,31.50,15,10.50,0.43,0.8289,0.800,373,f,f,733.42
90125D,PURPLE BERTIE GLASS BEAD BAG CHARM,fora_do_escopo,,ocasional,C,normal,2009-12-01,2010-11-23,16,16,23.80,0.67,78,,113.71,41,7.11,2.09,0.5105,0.222,373,f,f,733.42
90125E,AMBER BERTIE GLASS BEAD BAG CHARM,fora_do_escopo,,ocasional,C,normal,2009-12-02,2010-11-16,7,23,58.17,0.40,139,,23.14,7,3.31,0.40,0.6734,0.091,57,f,f,733.42
90126A,PINK BERTIE MOBILE PHONE CHARM,fora_do_escopo,,ocasional,C,atraso,2009-12-06,2010-08-04,4,127,80.33,1.58,141,,33.78,19,8.45,0.74,0.2058,0.600,169,f,f,733.42
90126B,BLUE BERTIE MOBILE PHONE CHARM,fora_do_escopo,,ocasional,C,ruptura,2009-12-18,2010-03-26,3,258,49.00,5.27,82,,8.48,3,2.83,0.40,0.0052,,,f,f,733.42
90126C,AMBER BERTIE MOBILE PHONE CHARM,fora_do_escopo,,ocasional,C,atraso,2009-12-18,2010-08-04,4,127,76.33,1.66,187,,35.52,19,8.88,0.81,0.1894,0.571,169,f,f,733.42
90127B,BLUE BEADS+HAND PHONE CHARM,fora_do_escopo,,ocasional,C,normal,2010-02-19,2010-09-09,2,91,202.00,0.45,202,,2.50,2,1.25,0.04,0.6373,0.500,4,f,f,733.42
90128A,PINK LEAVES AND BEADS PHONE CHARM,fora_do_escopo,,ocasional,C,normal,2010-01-24,2010-12-09,9,0,39.88,0.00,150,,43.79,31,4.87,0.85,1.0000,0.343,169,f,f,733.42
90128B,BLUE LEAVES AND BEADS PHONE CHARM,fora_do_escopo,,ocasional,C,normal,2010-01-24,2010-12-09,6,0,63.80,0.00,154,,23.76,18,3.96,0.43,1.0000,0.631,169,f,f,733.42
90128C,GREEN LEAVES AND BEADS PHONE CHARM,fora_do_escopo,,ocasional,C,normal,2009-12-18,2010-12-09,5,0,89.00,0.00,187,,22.58,16,4.52,0.36,1.0000,0.664,169,f,f,733.42
90128D,PURPLE LEAVES AND BEADS PHONE CHAR,fora_do_escopo,,ocasional,C,normal,2010-02-24,2010-12-09,6,0,57.60,0.00,117,,18.78,12,3.13,0.38,1.0000,0.133,57,f,f,733.42
90129A,PINK GLASS TASSLE BAG CHARM,fora_do_escopo,,mensal,C,normal,2009-12-14,2010-12-06,47,3,7.76,0.39,38,28,220.70,111,4.70,4.24,0.6794,0.080,169,f,f,733.42
90129B,TURQUOISE GLASS TASSLE BAG CHARM,fora_do_escopo,,mensal,C,normal,2009-12-02,2010-12-06,38,3,9.97,0.30,32,28,215.21,93,5.66,3.98,0.7402,0.329,218,f,f,733.42
90129C,GREEN GLASS TASSLE BAG CHARM,fora_do_escopo,,mensal,C,normal,2009-12-02,2010-12-06,32,3,11.90,0.25,54,28,168.60,75,5.27,3.10,0.7772,0.350,73,f,f,733.42
90129D,AMBER GLASS TASSLE BAG CHARM,fora_do_escopo,,mensal,C,normal,2009-12-16,2010-12-06,26,3,14.20,0.21,42,28,132.74,55,5.11,2.52,0.8096,0.267,218,f,f,733.42
90129E,PURPLE GLASS TASSLE BAG CHARM,fora_do_escopo,,mensal,C,normal,2009-12-16,2010-12-06,39,3,9.34,0.32,29,28,192.74,91,4.94,3.70,0.7253,0.184,42,f,f,733.42
90129F,RED GLASS TASSLE BAG CHARM,fora_do_escopo,,mensal,C,normal,2009-12-16,2010-12-09,26,0,14.32,0.00,55,28,106.48,47,4.10,2.00,1.0000,0.166,169,f,f,733.42
90130A,WHITE STONE/CRYSTAL EARRINGS,fora_do_escopo,,ocasional,C,normal,2009-12-18,2010-11-09,10,30,36.22,0.83,113,,65.01,22,6.50,1.26,0.4368,0.272,113,f,f,733.42
90130B,TURQ STONE/CRYSTAL EARRINGS,fora_do_escopo,,ocasional,C,normal,2009-12-04,2010-12-07,19,2,20.44,0.10,121,,80.04,27,4.21,1.44,0.9068,0.221,113,f,f,733.42
90130C,GREEN STONE/CRYSTAL EARRINGS,fora_do_escopo,,ocasional,C,normal,2009-12-04,2010-12-06,11,3,36.70,0.08,111,,35.63,12,3.24,0.62,0.9215,0.083,0,f,f,733.42
90130D,RED STONE/CRYSTAL EARRINGS,fora_do_escopo,,ocasional,C,ruptura,2010-01-11,2010-06-14,5,178,38.50,4.62,76,,29.61,10,5.92,1.08,0.0098,0.598,11,f,f,733.42
90131,PINK/AMETHYST/GOLD NECKLACE,fora_do_escopo,,ocasional,C,atraso,2009-12-01,2010-07-13,3,149,112.00,1.33,188,,34.75,5,11.58,0.72,0.2644,0.400,16,f,f,733.42
90132,LIGHT TOPAZ TEAL/AQUA COL NECKLACE,fora_do_escopo,,ocasional,C,normal,2009-12-16,2010-12-06,5,3,88.75,0.03,301,,25.56,5,5.11,0.40,0.9668,,,f,f,733.42
90133,TEAL/FUSCHIA COL BEAD NECKLACE,fora_do_escopo,,mensal,C,normal,2009-12-02,2010-11-28,20,11,19.00,0.58,117,28,142.03,28,7.10,2.62,0.5605,0.139,7,f,f,733.42
90134,OLD ROSE COMBO BEAD NECKLACE,fora_do_escopo,,mensal,C,atraso,2009-12-01,2010-12-01,47,8,7.93,1.01,43,28,216.38,73,4.60,4.06,0.3649,0.082,18,f,f,733.42
90135A,ORANGE/FUSCHIA STONES NECKLACE,fora_do_escopo,,ocasional,C,ruptura,2010-03-08,2010-06-17,3,175,50.50,3.47,59,,49.64,10,16.55,2.29,0.0313,0.598,0,f,f,733.42
90137,PINK COMBO MINI CRYSTALS NECKLACE,fora_do_escopo,,ocasional,C,normal,2009-12-10,2010-11-07,11,32,33.20,0.96,210,,116.21,23,10.56,2.23,0.3814,0.256,53,f,f,733.42
90138,WHITE/PINK MINI CRYSTALS NECKLACE,fora_do_escopo,,ocasional,C,normal,2009-12-10,2010-12-01,11,8,35.60,0.22,146,,78.73,15,7.16,1.41,0.7987,0.251,53,f,f,733.42
90139,FLOWER BROOCH 4 ASSORTED COLOURS,fora_do_escopo,,mensal,C,ruptura,2009-12-02,2010-03-21,12,263,9.91,26.54,67,28,118.24,23,9.85,6.96,0.0000,0.084,15,f,f,733.42
90140,PINK SWEETIE NECKLACE,fora_do_escopo,,ocasional,C,normal,2009-12-13,2010-12-06,6,3,71.60,0.04,254,,60.42,8,10.07,0.98,0.9590,0.372,95,f,f,733.42
90141A,GREEN PENDANT TRIPLE SHELL NECKLACE,fora_do_escopo,,ocasional,C,normal,2009-12-06,2010-12-03,8,6,51.71,0.12,198,,47.35,9,5.92,0.80,0.8905,0.209,18,f,f,733.42
90141B,IVORY PENDANT TRIPLE SHELL NECKLACE,fora_do_escopo,,ocasional,C,normal,2009-12-16,2010-12-06,5,3,88.75,0.03,214,,25.17,5,5.03,0.40,0.9668,,,f,f,733.42
90141C,TURQ PENDANT TRIPLE SHELL NECKLACE,fora_do_escopo,,ocasional,C,normal,2009-12-06,2010-11-08,5,31,84.25,0.37,123,,31.38,6,6.28,0.52,0.6922,0.315,18,f,f,733.42
90141D,ROSE PENDANT TRIPLE SHELL NECKLACE,fora_do_escopo,,ocasional,C,atraso,2010-01-19,2010-07-07,3,155,84.50,1.83,140,,15.97,3,5.32,0.44,0.1597,,,f,f,733.42
90141E,ORANGE PENDANT TRIPLE SHELL NECKLAC,fora_do_escopo,,ocasional,C,atraso,2009-12-06,2010-07-16,3,146,111.00,1.32,180,,25.31,5,8.44,0.53,0.2684,0.391,11,f,f,733.42
90142A,GREEN PENDANT SHELL NECKLACE,fora_do_escopo,,ocasional,C,normal,2010-06-25,2010-11-08,3,31,68.00,0.46,102,,20.36,4,6.79,0.70,0.6339,,,f,f,733.42
90143,SILVER BRACELET W PASTEL FLOWER,fora_do_escopo,,mensal,C,normal,2009-12-14,2010-12-06,22,3,17.00,0.18,82,28,377.52,50,17.16,7.07,0.8382,0.238,32,f,f,733.42
90144,SILVER DROP EARRINGS WITH FLOWER,fora_do_escopo,,mensal,C,atraso,2009-12-07,2010-11-10,19,29,18.78,1.54,64,28,132.09,35,6.95,2.59,0.2134,0.114,0,f,f,733.42
90145,SILVER HOOP EARRINGS WITH FLOWER,fora_do_escopo,,mensal,C,normal,2009-12-01,2010-12-03,26,6,14.68,0.41,76,28,293.81,48,11.30,5.39,0.6645,0.203,36,f,f,733.42
90146,FINE SILVER NECKLACE W PASTEL FLOWE,fora_do_escopo,,ocasional,C,normal,2009-12-13,2010-11-16,12,23,30.73,0.75,149,,181.14,24,15.10,3.44,0.4731,0.166,29,f,f,733.42
90147,CHUNKY SILVER NECKLACE PASTEL FLOWE,fora_do_escopo,,mensal,C,normal,2009-12-02,2010-11-29,33,10,11.31,0.88,88,28,633.34,63,19.19,11.88,0.4131,0.251,1,f,f,733.42
90148,LONG SILVER NECKLACE PASTEL FLOWER,fora_do_escopo,,ocasional,C,normal,2009-12-02,2010-11-16,11,23,34.90,0.66,69,,242.25,19,22.02,4.42,0.5174,0.158,15,f,f,733.42
90149,SILVER FLOWR PINK SHELL NECKLACE,fora_do_escopo,,ocasional,C,normal,2010-01-31,2010-11-11,5,28,71.00,0.39,161,,67.50,9,13.50,1.33,0.6741,0.333,177,f,f,733.42
90150,BLUE SHELL+SILVER NECKLACE,fora_do_escopo,,ocasional,C,atraso,2009-12-06,2010-09-24,8,76,41.71,1.82,111,,97.50,13,12.19,2.05,0.1617,0.231,4,f,f,733.42
90151,SILVER/NATURAL SHELL NECKLACE,fora_do_escopo,,ocasional,C,normal,2009-12-08,2010-12-09,7,0,61.00,0.00,114,,110.67,13,15.81,1.81,1.0000,0.384,0,f,f,733.42
90152A,SILVER/NAT SHELL NECKLACE W PENDANT,fora_do_escopo,,ocasional,C,atraso,2009-12-08,2010-04-29,2,224,142.00,1.58,142,,11.58,2,5.79,0.29,0.2065,0.514,195,f,f,733.42
90152B,BLUE/GREEN SHELL NECKLACE W PENDANT,fora_do_escopo,,ocasional,C,normal,2009-12-06,2010-12-03,4,6,120.67,0.05,196,,29.75,5,7.44,0.43,0.9515,0.400,28,f,f,733.42
90152C,BLUE/NAT SHELL NECKLACE W PENDANT,fora_do_escopo,,ocasional,C,atraso,2010-04-01,2010-08-18,3,113,69.50,1.63,110,,35.70,6,11.90,1.20,0.1967,0.500,177,f,f,733.42
90154,LAZER CUT NECKLACE W PASTEL BEADS,fora_do_escopo,,ocasional,C,normal,2010-06-07,2010-10-06,2,64,121.00,0.53,121,,17.90,2,8.95,0.52,0.5892,0.500,39,f,f,733.42
90155,RESIN NECKLACE W PASTEL BEADS,fora_do_escopo,,ocasional,C,normal,2009-12-02,2010-11-21,13,18,29.50,0.61,72,,158.54,21,12.20,2.89,0.5433,0.189,32,f,f,733.42
90156,RESIN BRACELET W PASTEL BEADS,fora_do_escopo,,ocasional,C,normal,2010-01-11,2010-11-22,10,17,35.00,0.49,123,,117.57,21,11.76,2.35,0.6153,0.253,59,f,f,733.42
90157,RIVIERA NECKLACE,fora_do_escopo,,mensal,C,normal,2010-01-20,2010-11-28,19,11,17.33,0.63,96,28,218.64,44,11.51,4.65,0.5301,0.204,39,f,f,733.42
90158,ST TROPEZ NECKLACE,fora_do_escopo,,mensal,C,normal,2009-12-01,2010-12-07,30,2,12.79,0.16,55,28,172.38,34,5.75,3.14,0.8553,0.086,147,f,f,733.42
90159,COTE D'AZURE NECKLACE,fora_do_escopo,,ocasional,C,atraso,2009-12-06,2010-11-14,15,25,24.50,1.02,88,,158.79,32,10.59,3.02,0.3604,0.187,260,f,f,733.42
90160A,PURPLE BOUDICCA LARGE BRACELET,fora_do_escopo,,ocasional,C,atraso,2010-01-13,2010-10-24,10,46,31.56,1.46,128,,97.57,14,9.76,2.16,0.2328,0.214,122,f,f,733.42
90160B,RED BOUDICCA LARGE BRACELET,fora_do_escopo,,ocasional,C,atraso,2009-12-02,2010-11-10,17,29,21.44,1.35,51,,281.19,41,16.54,5.40,0.2585,0.321,177,f,f,733.42
90160C,TURQ+RED BOUDICCA LARGE BRACELET,fora_do_escopo,,mensal,C,normal,2009-12-22,2010-12-06,20,3,18.37,0.16,63,28,307.18,44,15.36,5.85,0.8493,0.226,177,f,f,733.42
90160D,PINK BOUDICCA LARGE BRACELET,fora_do_escopo,,ocasional,C,ruptura,2009-12-06,2010-08-10,12,121,22.45,5.39,74,,264.52,38,22.04,6.87,0.0046,0.342,177,f,f,733.42
90161A,ANT COPPER RED BOUDICCA BRACELET,fora_do_escopo,,mensal,C,normal,2009-12-06,2010-12-07,23,2,16.64,0.12,60,28,245.32,49,10.67,4.49,0.8867,0.202,177,f,f,733.42
90161B,ANT COPPER TURQ BOUDICCA BRACELET,fora_do_escopo,,mensal,C,normal,2009-12-02,2010-12-06,37,3,10.25,0.29,61,28,381.45,76,10.31,7.04,0.7463,0.247,177,f,f,733.42
90161C,ANT COPPER LIME BOUDICCA BRACELET,fora_do_escopo,,mensal,C,normal,2009-12-02,2010-12-09,47,0,8.09,0.00,28,28,436.26,87,9.28,8.03,1.0000,0.148,177,f,f,733.42
90161D,ANT COPPER PINK BOUDICCA BRACELET,fora_do_escopo,,mensal,C,normal,2009-12-06,2010-12-09,43,0,8.76,0.00,33,28,383.90,77,8.93,7.13,1.0000,0.168,177,f,f,733.42
90162A,ANT SILVER TURQUOISE BOUDICCA RING,fora_do_escopo,,ocasional,C,ruptura,2010-01-24,2010-07-29,8,133,26.57,5.01,44,,70.80,24,8.85,2.33,0.0067,0.417,0,f,f,733.42
90162B,ANT SILVER LIME GREEN BOUDICCA RING,fora_do_escopo,,ocasional,C,normal,2010-03-01,2010-12-05,9,4,34.88,0.11,171,,85.55,29,9.51,1.91,0.8916,0.414,0,f,f,733.42
90162C,ANT SILVER FUSCHIA BOUDICCA RING,fora_do_escopo,,ocasional,C,normal,2010-03-01,2010-11-25,9,14,33.63,0.42,85,,82.60,28,9.18,1.91,0.6594,0.429,0,f,f,733.42
90162D,ANT SILVER PURPLE BOUDICCA RING,fora_do_escopo,,ocasional,C,normal,2010-01-24,2010-12-05,10,4,35.00,0.11,114,,59.00,20,5.90,1.18,0.8920,0.300,44,f,f,733.42
90163A,PINK ROSEBUD & PEARL NECKLACE,fora_do_escopo,,ocasional,C,atraso,2009-12-04,2010-11-11,15,28,24.43,1.15,93,,190.39,25,12.69,3.64,0.3178,0.158,53,f,f,733.42
90163B,WHITE ROSEBUD & PEARL NECKLACE,fora_do_escopo,,ocasional,C,indicio,2009-12-09,2010-06-15,4,177,62.67,2.82,93,,45.73,6,11.43,1.28,0.0593,0.328,11,f,f,733.42
90164A,PINK ROSEBUD PEARL BRACELET,fora_do_escopo,,ocasional,C,normal,2009-12-04,2010-11-26,11,13,35.70,0.36,118,,99.72,13,9.07,1.78,0.6948,0.150,14,f,f,733.42
90164B,WHITE  ROSEBUD PEARL BRACELET,fora_do_escopo,,ocasional,C,normal,2009-12-02,2010-11-29,19,10,20.11,0.50,61,,221.96,29,11.68,4.07,0.6082,0.068,14,f,f,733.42
90165A,PINK ROSEBUD PEARL EARRINGS,fora_do_escopo,,ocasional,C,indicio,2009-12-07,2010-10-12,12,58,28.09,2.06,83,,66.51,26,5.54,1.38,0.1269,0.230,14,f,f,733.42
90165B,WHITE ROSEBUD  PEARL EARRINGS,fora_do_escopo,,ocasional,C,normal,2009-12-04,2010-11-29,16,10,24.00,0.42,83,,84.22,33,5.26,1.54,0.6592,0.182,113,f,f,733.42
90166,PINK & WHITE ROSEBUD RING,fora_do_escopo,,ocasional,C,normal,2009-12-08,2010-12-01,15,8,25.57,0.31,77,,85.14,20,5.68,1.55,0.7314,0.150,62,f,f,733.42
90167,BEADED LOVE HEART JEWELLERY SET,fora_do_escopo,,semanal,B,normal,2009-12-01,2010-12-05,88,4,4.24,0.94,44,14,1801.17,2197,20.47,33.78,0.3894,0.115,4,f,t,733.42
90168,2 DAISIES HAIR COMB,fora_do_escopo,,ocasional,C,normal,2009-12-01,2010-12-07,12,2,33.73,0.06,170,,74.16,25,6.18,1.28,0.9424,0.239,23,f,f,733.42
90169,DAISY HAIR COMB,fora_do_escopo,,ocasional,C,normal,2009-12-09,2010-12-07,12,2,33.00,0.06,145,,58.65,23,4.89,1.04,0.9412,0.261,4,f,f,733.42
90170,DAISY HAIR BAND,fora_do_escopo,,mensal,C,normal,2009-12-07,2010-12-07,34,2,11.06,0.18,57,28,110.94,66,3.26,2.07,0.8346,0.178,23,f,f,733.42
90171,DAISY RING,fora_do_escopo,,semanal,C,ruptura,2009-12-01,2010-03-12,21,272,5.05,53.86,20,14,59.65,47,2.84,3.94,0.0000,0.168,53,f,f,733.42
90173,PAIR BUTTERFLY HAIR CLIPS,fora_do_escopo,,mensal,C,normal,2009-12-09,2010-12-08,32,1,11.74,0.09,47,28,216.54,57,6.77,4.03,0.9184,0.104,4,f,f,733.42
90174,BUTTERFLY HAIR BAND,fora_do_escopo,,ocasional,C,normal,2009-12-04,2010-12-09,12,0,33.64,0.00,120,,33.24,13,2.77,0.58,1.0000,,,f,f,733.42
90175A,WHITE GLASS CHUNKY CHARM BRACELET,fora_do_escopo,,mensal,C,normal,2009-12-01,2010-12-05,37,4,10.25,0.39,44,28,727.77,81,19.67,13.43,0.6769,0.148,148,f,f,733.42
90175B,PINK GLASS CHUNKY CHARM BRACELET,fora_do_escopo,,ocasional,C,normal,2009-12-09,2010-12-06,17,3,22.63,0.13,77,,240.51,27,14.15,4.38,0.8758,0.223,59,f,f,733.42
90175C,BLUE GLASS CHUNKY CHARM BRACELET,fora_do_escopo,,ocasional,C,normal,2009-12-01,2010-12-05,15,4,26.36,0.15,156,,270.30,30,18.02,4.79,0.8592,0.265,112,f,f,733.42
90175D,TIGRIS EYE CHUNKY CHARM BRACELET,fora_do_escopo,,mensal,C,normal,2009-12-02,2010-12-07,21,2,18.50,0.11,95,28,335.68,37,15.98,6.05,0.8975,0.160,32,f,f,733.42
90176A,CLASSIC DIAMANTE NECKLACE JET,fora_do_escopo,,ocasional,C,atraso,2009-12-03,2010-09-09,5,91,70.00,1.30,164,,53.40,7,10.68,1.07,0.2725,0.281,113,f,f,733.42
90176C,DIAMANTE NECKLACE,fora_do_escopo,,ocasional,C,normal,2009-12-14,2010-10-25,4,45,105.00,0.43,164,,53.68,7,13.42,0.89,0.6514,0.419,10,f,f,733.42
90176D,DIAMANTE NECKLACE PURPLE,fora_do_escopo,,ocasional,C,normal,2009-12-15,2010-11-05,3,34,162.50,0.21,246,,30.31,4,10.10,0.44,0.8112,0.495,113,f,f,733.42
90177A,CLASSIC DIAMANTE EARRINGS JET,fora_do_escopo,,ocasional,C,normal,2009-12-10,2010-10-22,5,48,79.00,0.61,266,,14.79,5,2.96,0.26,0.5447,0.199,62,f,f,733.42
90177B,DROP DIAMANTE EARRINGS BLACK DIAMON,fora_do_escopo,,ocasional,C,normal,2009-12-10,2010-11-23,12,16,31.64,0.51,70,,50.37,17,4.20,0.93,0.6031,0.351,113,f,f,733.42
90177C,DROP DIAMANTE EARRINGS CRYSTAL,fora_do_escopo,,ocasional,C,normal,2009-12-10,2010-12-07,12,2,32.91,0.06,168,,41.67,14,3.47,0.74,0.9410,0.071,51,f,f,733.42
90177D,DROP DIAMANTE EARRINGS PURPLE,fora_do_escopo,,ocasional,C,normal,2009-12-10,2010-12-09,13,0,30.33,0.00,89,,68.15,23,5.24,1.21,1.0000,0.260,113,f,f,733.42
90177E,DROP DIAMANTE EARRINGS GREEN,fora_do_escopo,,ocasional,C,normal,2009-12-10,2010-12-01,13,8,29.67,0.27,159,,44.59,15,3.43,0.81,0.7636,0.066,39,f,f,733.42
90178A,AMBER CHUNKY GLASS+BEAD NECKLACE,fora_do_escopo,,ocasional,C,normal,2009-12-01,2010-12-07,15,2,26.50,0.08,112,,263.01,22,17.53,4.63,0.9273,0.182,0,f,f,733.42
90178B,PURPLE CHUNKY GLASS+BEAD NECKLACE,fora_do_escopo,,ocasional,C,normal,2009-12-14,2010-11-12,10,27,37.00,0.73,111,,179.46,15,17.95,3.40,0.4820,0.200,0,f,f,733.42
90179A,AMBER FINE BEAD NECKLACE W TASSEL,fora_do_escopo,,ocasional,C,normal,2010-01-26,2010-10-24,4,46,90.33,0.51,257,,35.69,6,8.92,0.69,0.6010,0.500,59,f,f,733.42
90179B,PURPLE FINE BEAD NECKLACE W TASSEL,fora_do_escopo,,ocasional,C,normal,2009-12-02,2010-10-24,6,46,65.20,0.71,158,,47.72,8,7.95,0.85,0.4939,0.249,283,f,f,733.42
90179C,BLACK FINE BEAD NECKLACE W TASSEL,fora_do_escopo,,ocasional,C,normal,2010-06-15,2010-12-06,9,3,21.75,0.14,44,,83.29,14,9.25,2.98,0.8712,0.143,4,f,f,733.42
90180A,BLACK+WHITE NECKLACE W TASSEL,fora_do_escopo,,ocasional,C,normal,2009-12-02,2010-12-02,18,7,21.47,0.33,90,,279.35,28,15.52,5.06,0.7218,0.214,2,f,f,733.42
90180B,PURPLE AMETHYST NECKLACE W TASSEL,fora_do_escopo,,ocasional,C,normal,2009-12-03,2010-11-15,9,24,43.38,0.55,85,,130.07,13,14.45,2.33,0.5750,0.153,4,f,f,733.42
90181A,AMBER GLASS/SHELL/PEARL NECKLACE,fora_do_escopo,,ocasional,C,normal,2010-01-26,2010-11-05,7,34,47.17,0.72,116,,64.60,7,9.23,1.37,0.4863,0.277,0,f,f,733.42
90181B,AMETHYST GLASS/SHELL/PEARL NECKLACE,fora_do_escopo,,ocasional,C,normal,2009-12-02,2010-12-06,12,3,33.55,0.09,101,,112.32,12,9.36,1.95,0.9145,,,f,f,733.42
90181C,BLACK GLASS/SHELL/PEARL NECKLACE,fora_do_escopo,,ocasional,C,indicio,2009-12-02,2010-07-12,4,150,74.00,2.03,132,,37.78,4,9.45,0.89,0.1317,,,f,f,733.42
90182C,BLACK 3 BEAD DROP EARRINGS,fora_do_escopo,,ocasional,C,ruptura,2009-12-13,2010-04-19,4,234,42.33,5.53,91,,14.78,5,3.70,0.61,0.0040,0.399,53,f,f,733.42
90183A,AMBER DROP EARRINGS W LONG BEADS,fora_do_escopo,,ocasional,C,normal,2010-01-19,2010-12-06,9,3,40.13,0.07,112,,41.37,14,4.60,0.80,0.9280,0.428,29,f,f,733.42
90183B,AMETHYST DROP EARRINGS W LONG BEADS,fora_do_escopo,,ocasional,C,normal,2009-12-22,2010-12-06,8,3,49.86,0.06,143,,23.81,8,2.98,0.42,0.9416,,,f,f,733.42
90183C,BLACK DROP EARRINGS W LONG BEADS,fora_do_escopo,,ocasional,C,atraso,2009-12-02,2010-08-03,4,128,81.33,1.57,149,,11.97,4,2.99,0.26,0.2073,0.246,39,f,f,733.42
90184A,AMBER CHUNKY BEAD BRACELET W STRAP,fora_do_escopo,,ocasional,C,normal,2009-12-06,2010-12-08,17,1,22.94,0.04,152,,307.84,34,18.11,5.53,0.9573,0.262,1,f,f,733.42
90184B,AMETHYST CHUNKY BEAD BRACELET W STR,fora_do_escopo,,mensal,C,normal,2009-12-01,2010-12-08,25,1,15.50,0.06,117,28,372.29,41,14.89,6.73,0.9375,0.144,1,f,f,733.42
90184C,BLACK CHUNKY BEAD BRACELET W STRAP,fora_do_escopo,,mensal,C,normal,2009-12-06,2010-12-06,29,3,13.04,0.23,97,28,488.61,54,16.85,9.05,0.7944,0.128,59,f,f,733.42
90185A,AMBER DIAMANTE EXPANDABLE RING,fora_do_escopo,,ocasional,C,normal,2009-12-08,2010-12-06,13,3,30.25,0.10,67,,106.50,25,8.19,1.90,0.9056,0.239,0,f,f,733.42
90185B,AMETHYST DIAMANTE EXPANDABLE RING,fora_do_escopo,,mensal,C,normal,2009-12-01,2010-12-02,20,7,19.26,0.36,108,28,191.66,45,9.58,3.48,0.6953,0.200,23,f,f,733.42
90185C,BLACK DIAMANTE EXPANDABLE RING,fora_do_escopo,,mensal,C,normal,2009-12-01,2010-12-07,21,2,18.55,0.11,66,28,178.86,42,8.52,3.21,0.8978,0.143,0,f,f,733.42
90185D,CRYSTAL DIAMANTE EXPANDABLE RING,fora_do_escopo,,mensal,C,normal,2009-12-03,2010-12-05,22,4,17.48,0.23,68,28,157.45,37,7.16,2.87,0.7954,0.162,18,f,f,733.42
90186A,AMETHYST HOOP EARRING FLORAL LEAF,fora_do_escopo,,mensal,C,normal,2009-12-03,2010-12-02,24,7,15.83,0.44,148,28,192.22,65,8.01,3.54,0.6426,0.184,283,f,f,733.42
90186B,CRYSTAL HOOP EARRING FLORAL LEAF,fora_do_escopo,,ocasional,C,normal,2009-12-10,2010-12-07,16,2,24.13,0.08,84,,106.64,36,6.67,1.93,0.9205,0.166,114,f,f,733.42
90187A,BLUE DROP EARRINGS W BEAD CLUSTER,fora_do_escopo,,ocasional,C,normal,2009-12-07,2010-11-23,6,16,70.20,0.23,191,,23.72,7,3.95,0.39,0.7962,0.282,56,f,f,733.42
90187B,GREEN DROP EARRINGS W BEAD CLUSTER,fora_do_escopo,,ocasional,C,normal,2009-12-03,2010-12-07,8,2,52.71,0.04,212,,33.96,10,4.25,0.56,0.9628,0.197,56,f,f,733.42
90188,DROP EARRINGS W FLOWER & LEAF,fora_do_escopo,,ocasional,C,normal,2009-12-01,2010-12-09,12,0,33.91,0.00,65,,38.46,15,3.21,0.66,1.0000,0.066,0,f,f,733.42
90189A,SILVER 2 STRAND NECKLACE-LEAF CHARM,fora_do_escopo,,ocasional,C,normal,2010-01-18,2010-11-11,6,28,59.40,0.47,164,,67.64,9,11.27,1.33,0.6241,0.222,114,f,f,733.42
90189B,GOLD 2 STRAND NECKLACE-LEAF CHARMS,fora_do_escopo,,ocasional,C,ruptura,2010-02-16,2010-04-29,2,224,72.00,3.11,72,,22.50,3,11.25,1.09,0.0446,0.667,114,f,f,733.42
90190A,SILVER/CRYSTAL DROP EARRINGS W LEAF,fora_do_escopo,,ocasional,C,normal,2009-12-02,2010-11-29,18,10,21.29,0.47,109,,82.83,28,4.60,1.51,0.6252,0.107,114,f,f,733.42
90190B,GOLD/AMBER DROP EARRINGS W LEAF,fora_do_escopo,,ocasional,C,atraso,2009-12-03,2010-10-11,8,59,44.57,1.32,161,,94.40,32,11.80,1.85,0.2661,0.406,23,f,f,733.42
90190C,SILVER/AMETHYST DROP EARRINGS LEAF,fora_do_escopo,,ocasional,C,normal,2009-12-08,2010-12-06,16,3,24.20,0.12,63,,112.27,38,7.02,2.03,0.8834,0.236,23,f,f,733.42
90191,SILVER LARIAT 40CM,fora_do_escopo,,ocasional,C,normal,2009-12-17,2010-11-22,11,17,34.00,0.50,139,,178.78,14,16.25,3.35,0.6065,0.285,122,f,f,733.42
90192,JADE DROP EARRINGS W FILIGREE,fora_do_escopo,,mensal,C,normal,2009-12-01,2010-12-09,29,0,13.32,0.00,85,28,275.21,55,9.49,4.99,1.0000,0.270,24,f,f,733.42
90194,SILVER LARIAT BLACK STONE EARRINGS,fora_do_escopo,,ocasional,C,normal,2009-12-10,2010-12-01,12,8,32.36,0.25,109,,72.21,17,6.02,1.30,0.7810,0.235,122,f,f,733.42
90195A,PURPLE GEMSTONE BRACELET,fora_do_escopo,,mensal,C,normal,2009-12-02,2010-12-09,30,0,12.83,0.00,68,28,507.11,56,16.90,9.22,1.0000,0.071,183,f,f,733.42
90195B,BLACK GEMSTONE BRACELET,fora_do_escopo,,mensal,C,normal,2009-12-01,2010-12-03,21,6,18.35,0.33,65,28,520.21,58,24.77,9.45,0.7211,0.275,279,f,f,733.42
90196A,PURPLE GEMSTONE NECKLACE 45CM,fora_do_escopo,,ocasional,C,normal,2009-12-06,2010-12-09,8,0,52.57,0.00,164,,204.00,16,25.50,3.40,1.0000,0.250,0,f,f,733.42
90196B,BLACK GEMSTONE NECKLACE 45CM,fora_do_escopo,,ocasional,C,normal,2009-12-06,2010-12-03,9,6,45.25,0.13,97,,191.25,15,21.25,3.29,0.8758,0.200,3,f,f,733.42
90197B,BLACK GLASS BRACELET W HEART CHARMS,fora_do_escopo,,mensal,C,atraso,2009-12-02,2010-11-22,22,17,16.90,1.01,67,28,147.79,29,6.72,2.78,0.3658,0.100,0,f,f,733.42
90197D,AMBER GLASS BRACELET HEART CHARMS,fora_do_escopo,,ocasional,C,ruptura,2010-02-02,2010-04-07,4,246,21.33,11.53,47,,44.55,9,11.14,3.65,0.0000,0.444,310,f,f,733.42
90198A,VINTAGE ROSE BEAD BRACELET RASPBERR,fora_do_escopo,,mensal,C,normal,2009-12-14,2010-12-07,38,2,9.68,0.21,26,28,302.19,71,7.95,5.75,0.8133,0.113,0,f,f,733.42
90198B,VINTAGE ROSE BEAD BRACELET BLACK,fora_do_escopo,,mensal,C,normal,2009-12-07,2010-12-03,29,6,12.89,0.47,39,28,298.00,70,10.28,5.58,0.6279,0.314,95,f,f,733.42
90199A,5 STRAND GLASS NECKLACE BLACK,fora_do_escopo,,ocasional,C,normal,2009-12-16,2010-12-06,11,3,35.50,0.08,90,,88.94,14,8.09,1.59,0.9190,0.143,283,f,f,733.42
90199B,5 STRAND GLASS NECKLACE AMETHYST,fora_do_escopo,,mensal,C,normal,2009-12-01,2010-12-03,22,6,17.48,0.34,55,28,178.39,28,8.11,3.25,0.7094,0.107,177,f,f,733.42
90199C,5 STRAND GLASS NECKLACE CRYSTAL,fora_do_escopo,,mensal,C,normal,2009-12-01,2010-12-01,22,8,17.38,0.46,71,28,503.10,86,22.87,9.21,0.6311,0.571,55,f,f,733.42
90199D,5 STRAND GLASS NECKLACE AMBER,fora_do_escopo,,ocasional,C,normal,2009-12-17,2010-11-24,10,15,38.00,0.39,105,,101.66,16,10.17,1.87,0.6739,0.375,260,f,f,733.42
90200A,PURPLE SWEETHEART BRACELET,fora_do_escopo,,mensal,C,normal,2009-12-01,2010-12-09,48,0,7.94,0.00,61,28,455.22,107,9.48,8.37,1.0000,0.121,0,f,f,733.42
90200B,BLACK SWEETHEART BRACELET,fora_do_escopo,,mensal,C,normal,2009-12-01,2010-12-01,37,8,10.14,0.79,36,28,395.37,93,10.69,7.38,0.4543,0.129,0,f,f,733.42
90200C,BLUE SWEETHEART BRACELET,fora_do_escopo,,semanal,C,normal,2009-12-01,2010-12-08,63,1,6.00,0.17,27,14,684.41,161,10.86,12.67,0.8465,0.075,148,f,f,733.42
90200D,PINK SWEETHEART BRACELET,fora_do_escopo,,semanal,C,normal,2009-12-01,2010-12-09,63,0,6.02,0.00,42,14,689.40,162,10.94,12.73,1.0000,0.074,0,f,f,733.42
90200E,GREEN SWEETHEART BRACELET,fora_do_escopo,,mensal,C,normal,2009-12-01,2010-12-06,40,3,9.49,0.32,37,28,471.79,111,11.79,8.70,0.7289,0.117,0,f,f,733.42
90201A,PURPLE ENAMEL FLOWER RING,fora_do_escopo,,mensal,C,atraso,2009-12-13,2010-11-22,23,17,15.64,1.09,56,28,180.33,61,7.84,3.51,0.3372,0.294,84,f,f,733.42
90201B,BLACK ENAMEL FLOWER RING,fora_do_escopo,,mensal,C,normal,2009-12-02,2010-12-06,32,3,11.90,0.25,35,28,207.33,70,6.48,3.81,0.7772,0.256,84,f,f,733.42
90201C,RED ENAMEL FLOWER RING,fora_do_escopo,,mensal,C,atraso,2009-12-23,2010-11-22,25,17,13.92,1.22,47,28,165.52,56,6.62,3.33,0.2948,0.321,84,f,f,733.42
90201D,GREEN ENAMEL FLOWER RING,fora_do_escopo,,mensal,C,normal,2009-12-18,2010-12-08,25,1,14.79,0.07,57,28,168.49,57,6.74,3.19,0.9346,0.315,84,f,f,733.42
90202A,PURPLE ENAMEL FLOWER HAIR TIE,fora_do_escopo,,ocasional,C,normal,2010-02-10,2010-11-29,8,10,41.71,0.24,130,,26.62,9,3.33,0.56,0.7868,0.111,302,f,f,733.42
90202B,WHITE ENAMEL FLOWER HAIR TIE,fora_do_escopo,,ocasional,C,atraso,2009-12-02,2010-09-17,6,83,57.80,1.44,137,,20.84,7,3.47,0.42,0.2379,0.283,8,f,f,733.42
90202C,GREEN ENAMEL FLOWER HAIR TIE,fora_do_escopo,,ocasional,C,normal,2009-12-09,2010-12-07,12,2,33.00,0.06,94,,35.71,12,2.98,0.63,0.9412,0.083,3,f,f,733.42
90202D,PINK ENAMEL FLOWER HAIR TIE,fora_do_escopo,,ocasional,C,atraso,2009-12-15,2010-11-05,13,34,27.08,1.26,83,,77.03,26,5.93,1.53,0.2850,0.460,4,f,f,733.42
90203,SILVER CHARM NECKLACE 70CM,fora_do_escopo,,mensal,C,ruptura,2009-12-02,2010-10-25,30,45,11.28,3.99,73,28,549.27,73,18.31,11.37,0.0185,0.218,32,f,f,733.42
90204,PAIR OF ENAMEL BUTTERFLY HAIRCLIP,fora_do_escopo,,ocasional,C,normal,2009-12-07,2010-12-02,18,7,21.18,0.33,129,,74.95,22,4.16,1.38,0.7185,0.045,20,f,f,733.42
90205A,LARGE MINT DIAMANTE HAIRSLIDE,fora_do_escopo,,ocasional,C,normal,2009-12-09,2010-12-06,8,3,51.71,0.06,263,,18.71,11,2.34,0.32,0.9436,,,f,f,733.42
90205C,LARGE CRYSTAL DIAMANTE HAIRSLIDE,fora_do_escopo,,ocasional,C,normal,2009-12-09,2010-11-04,8,35,47.14,0.74,198,,74.10,49,9.26,1.38,0.4760,0.704,70,f,f,733.42
90206A,GOLD DIAMANTE STAR BROOCH,fora_do_escopo,,ocasional,C,ruptura,2009-12-17,2010-03-19,3,265,46.00,5.76,63,,19.80,4,6.60,1.00,0.0031,0.500,49,f,f,733.42
90206C,CRYSTAL DIAMANTE STAR BROOCH,fora_do_escopo,,mensal,C,normal,2009-12-01,2010-12-01,23,8,16.59,0.48,76,28,182.97,36,7.96,3.36,0.6174,0.081,9,f,f,733.42
90208,PAIR OF PINK FLOWER CLUSTER SLIDE,fora_do_escopo,,mensal,C,normal,2009-12-01,2010-12-07,29,2,13.25,0.15,55,28,259.21,108,8.94,4.72,0.8599,0.469,80,f,f,733.42
90209A,PURPLE ENAMEL+GLASS HAIR COMB,fora_do_escopo,,ocasional,C,atraso,2009-12-01,2010-09-20,6,80,58.60,1.37,124,,161.70,89,26.95,3.22,0.2553,0.779,80,f,f,733.42
90209B,GREEN ENAMEL+GLASS HAIR COMB,fora_do_escopo,,mensal,C,normal,2009-12-09,2010-12-08,40,1,9.33,0.11,34,28,394.01,205,9.85,7.39,0.8984,0.544,80,f,f,733.42
90209C,PINK ENAMEL+GLASS HAIR COMB,fora_do_escopo,,mensal,C,normal,2009-12-01,2010-12-03,33,6,11.47,0.52,37,28,280.29,139,8.49,5.18,0.5926,0.315,80,f,f,733.42
90210A,GREY ACRYLIC FACETED BANGLE,fora_do_escopo,,ocasional,C,normal,2009-12-04,2010-11-28,11,11,35.90,0.31,113,,152.74,55,13.89,2.71,0.7361,0.401,11,f,f,733.42
90210B,CLEAR ACRYLIC FACETED BANGLE,fora_do_escopo,,mensal,C,normal,2009-12-10,2010-12-09,20,0,19.16,0.00,98,28,182.29,65,9.11,3.33,1.0000,0.336,11,f,f,733.42
90210C,RED   ACRYLIC FACETED BANGLE,fora_do_escopo,,ocasional,C,normal,2009-12-04,2010-12-07,5,2,92.00,0.02,190,,59.01,20,11.80,0.90,0.9785,0.500,14,f,f,733.42
90210D,PURPLE ACRYLIC FACETED BANGLE,fora_do_escopo,,ocasional,C,normal,2009-12-04,2010-11-17,13,22,29.00,0.76,84,,106.63,36,8.20,1.98,0.4683,0.277,14,f,f,733.42
90211A,DIAMOND LAS VEGAS NECKLACE 45CM,fora_do_escopo,,ocasional,C,normal,2009-12-14,2010-12-06,14,3,27.46,0.11,112,,113.42,19,8.10,2.07,0.8965,0.105,0,f,f,733.42
90211B,JET BLACK LAS VEGAS NECKLACE 45CM,fora_do_escopo,,mensal,C,normal,2009-12-02,2010-12-09,22,0,17.71,0.00,95,28,178.73,30,8.12,3.21,1.0000,0.100,122,f,f,733.42
90212B,JET BLACK LAS VEGAS BRACELET ROUND,fora_do_escopo,,mensal,C,normal,2009-12-02,2010-12-08,21,1,18.55,0.05,63,28,117.51,31,5.60,2.11,0.9475,0.096,0,f,f,733.42
90212C,PURPLE LAS VEGAS BRACELET ROUND,fora_do_escopo,,ocasional,C,normal,2009-12-13,2010-12-08,5,1,90.00,0.01,200,,41.25,11,8.25,0.64,0.9890,0.273,0,f,f,733.42
90214A,"LETTER ""A"" BLING KEY RING",fora_do_escopo,,mensal,C,normal,2009-12-02,2010-12-07,44,2,8.60,0.23,76,28,107.09,89,2.43,1.98,0.7926,0.280,1,f,f,733.42
90214B,"LETTER ""B"" BLING KEY RING",fora_do_escopo,,ocasional,C,normal,2009-12-09,2010-12-08,19,1,20.22,0.05,97,,52.21,43,2.75,0.95,0.9518,0.287,1,f,f,733.42
90214C,"LETTER ""C"" BLING KEY RING",fora_do_escopo,,mensal,C,normal,2009-12-03,2010-12-08,36,1,10.57,0.09,57,28,99.51,85,2.76,1.83,0.9097,0.364,1,f,f,733.42
90214D,"LETTER ""D"" BLING KEY RING",fora_do_escopo,,mensal,C,normal,2009-12-03,2010-12-07,20,2,19.42,0.10,57,28,43.47,35,2.17,0.78,0.9021,0.431,1,f,f,733.42
90214E,"LETTER ""E"" BLING KEY RING",fora_do_escopo,,mensal,C,normal,2009-12-10,2010-12-08,35,1,10.68,0.09,45,28,91.18,76,2.61,1.71,0.9106,0.274,1,f,f,733.42
90214F,"LETTER ""F"" BLING KEY RING",fora_do_escopo,,ocasional,C,normal,2009-12-10,2010-12-08,13,1,30.25,0.03,183,,23.80,20,1.83,0.42,0.9675,0.368,1,f,f,733.42
90214G,"LETTER ""G"" BLING KEY RING",fora_do_escopo,,mensal,C,normal,2009-12-13,2010-12-07,19,2,19.94,0.10,66,28,56.38,44,2.97,1.04,0.9046,0.399,1,f,f,733.42
90214H,"LETTER ""H"" BLING KEY RING",fora_do_escopo,,mensal,C,normal,2009-12-01,2010-12-08,26,1,14.88,0.07,79,28,45.20,40,1.74,0.82,0.9350,0.249,1,f,f,733.42
90214I,"LETTER ""I"" BLING KEY RING",fora_do_escopo,,ocasional,C,normal,2009-12-09,2010-12-07,16,2,24.20,0.08,113,,33.08,26,2.07,0.60,0.9207,0.340,1,f,f,733.42
90214J,"LETTER ""J"" BLING KEY RING",fora_do_escopo,,mensal,C,normal,2009-12-02,2010-12-07,40,2,9.49,0.21,63,28,109.31,91,2.73,2.02,0.8099,0.297,1,f,f,733.42
90214K,"LETTER ""K"" BLING KEY RING",fora_do_escopo,,mensal,C,normal,2009-12-07,2010-12-08,43,1,8.71,0.11,44,28,101.90,80,2.37,1.90,0.8916,0.233,1,f,f,733.42
90214L,"LETTER ""L"" BLING KEY RING",fora_do_escopo,,mensal,C,normal,2009-12-06,2010-12-07,30,2,12.62,0.16,83,28,103.57,85,3.45,1.91,0.8534,0.314,1,f,f,733.42
90214M,"LETTER ""M"" BLING KEY RING",fora_do_escopo,,mensal,C,normal,2009-12-06,2010-12-08,34,1,11.12,0.09,77,28,97.60,86,2.87,1.81,0.9140,0.243,1,f,f,733.42
90214N,"LETTER ""N"" BLING KEY RING",fora_do_escopo,,mensal,C,normal,2009-12-06,2010-12-07,20,2,19.26,0.10,75,28,50.97,41,2.55,0.93,0.9014,0.368,1,f,f,733.42
90214O,"LETTER ""O"" BLING KEY RING",fora_do_escopo,,ocasional,C,normal,2009-12-09,2010-12-09,13,0,30.42,0.00,123,,25.45,21,1.96,0.45,1.0000,0.344,1,f,f,733.42
90214P,"LETTER ""P"" BLING KEY RING",fora_do_escopo,,ocasional,C,normal,2009-12-07,2010-12-08,19,1,20.33,0.05,85,,48.91,41,2.57,0.89,0.9520,0.383,1,f,f,733.42
90214R,"LETTER ""R"" BLING KEY RING",fora_do_escopo,,mensal,C,normal,2009-12-06,2010-12-07,26,2,14.64,0.14,85,28,71.22,56,2.74,1.31,0.8723,0.281,1,f,f,733.42
90214S,"LETTER ""S"" BLING KEY RING",fora_do_escopo,,mensal,C,normal,2009-12-02,2010-12-08,38,1,10.03,0.10,109,28,117.89,97,3.10,2.17,0.9051,0.371,1,f,f,733.42
90214T,"LETTER ""T"" BLING KEY RING",fora_do_escopo,,ocasional,C,normal,2009-12-06,2010-11-19,11,20,34.80,0.57,97,,42.11,33,3.83,0.77,0.5629,0.505,1,f,f,733.42
90214V,"LETTER ""V"" BLING KEY RING",fora_do_escopo,,ocasional,C,normal,2010-02-03,2010-12-06,12,3,27.82,0.11,93,,16.35,15,1.36,0.34,0.8978,0.153,1,f,f,733.42
90214W,"LETTER ""W"" BLING KEY RING",fora_do_escopo,,ocasional,C,normal,2010-06-07,2010-11-10,3,29,78.00,0.37,149,,3.35,3,1.12,0.10,0.6895,0.373,1,f,f,733.42
90214Z,"LETTER ""Z"" BLING KEY RING",fora_do_escopo,,ocasional,C,normal,2009-12-10,2010-12-07,9,2,45.25,0.04,158,,10.50,10,1.17,0.18,0.9568,0.238,1,f,f,733.42
DCGS0003,BOXED GLASS ASHTRAY,fora_do_escopo,,ocasional,C,normal,2009-12-09,2010-11-22,9,17,43.50,0.39,184,,22.65,9,2.52,0.40,0.6765,,,f,f,733.42
DCGS0004,HAYNES CAMPER SHOULDER BAG,fora_do_escopo,,ocasional,C,normal,2009-12-03,2010-10-19,3,51,160.00,0.32,183,,51.31,3,17.10,0.75,0.7271,,,f,f,733.42
DCGS0058,MISO PRETTY  GUM,fora_do_escopo,,mensal,C,ruptura,2009-12-01,2010-10-22,26,48,13.00,3.69,49,28,34.82,42,1.34,0.72,0.0249,,,f,f,733.42
DCGS0068,DOGS NIGHT COLLAR,fora_do_escopo,,ocasional,C,ruptura,2009-12-01,2010-01-19,2,324,49.00,6.61,49,,17.12,2,8.56,1.22,0.0013,,,f,f,733.42
DCGS0069,OOH LA LA DOGS COLLAR,fora_do_escopo,,ocasional,C,normal,2010-03-15,2010-10-20,4,50,73.00,0.68,196,,64.52,4,16.13,1.55,0.5041,,,f,f,733.42
DCGS0072,CAT CAMOUFLAGUE COLLAR,fora_do_escopo,,diario,C,ruptura,2009-12-14,2009-12-18,3,356,2.00,178.00,2,7,20.68,4,6.89,24.13,0.0000,,,f,f,733.42
DCGS0076,SUNJAR LED NIGHT NIGHT LIGHT,fora_do_escopo,,ocasional,C,normal,2009-12-03,2010-12-09,12,0,33.73,0.00,100,,243.70,15,20.31,4.21,1.0000,,,f,f,733.42
DCGSSBOY,BOYS PARTY BAG,fora_do_escopo,,ocasional,C,normal,2010-06-21,2010-11-29,9,10,20.13,0.50,83,,100.80,30,11.20,3.90,0.6084,,,f,f,733.42
DCGSSGIRL,GIRLS PARTY BAG,fora_do_escopo,,ocasional,C,normal,2010-06-21,2010-11-29,9,10,20.13,0.50,104,,151.20,45,16.80,5.84,0.6084,,,f,f,733.42
