stockcode,semana,quantidade,faturamento
15044A,2009-12-07,9,35.82
15044A,2009-12-14,11,35.54
15044A,2010-01-11,1,6.04
15044A,2010-01-18,20,61.96
15044A,2010-02-01,1,2.95
15044A,2010-02-08,6,17.70
15044A,2010-02-15,12,35.40
15044A,2010-02-22,1,5.91
15044A,2010-03-01,64,164.00
15044A,2010-03-08,10,29.50
15044A,2010-03-15,17,50.15
15044A,2010-03-22,16,47.20
15044A,2010-03-29,12,30.60
15044A,2010-04-05,20,59.00
15044A,2010-04-12,7,20.65
15044A,2010-04-19,25,79.67
15044A,2010-04-26,237,619.15
15044A,2010-05-03,35,96.61
15044A,2010-05-10,23,67.85
15044A,2010-05-17,17,53.11
15044A,2010-05-24,14,44.26
15044A,2010-05-31,21,70.83
15044A,2010-06-07,3523,8998.77
15044A,2010-06-14,65,174.71
15044A,2010-06-21,7,23.61
15044A,2010-06-28,79,227.85
15044A,2010-07-05,64,177.68
15044A,2010-07-12,17,53.11
15044A,2010-07-19,7,20.65
15044A,2010-07-26,4,11.80
15044A,2010-08-02,7,23.61
15044A,2010-08-09,5,17.71
15044A,2010-08-16,6,20.66
15044A,2010-08-23,9,26.55
15044A,2010-09-20,5,14.75
15044A,2010-09-27,4,17.72
15044A,2010-10-11,1,2.95
15044A,2010-10-18,1,2.95
15044A,2010-10-25,106,272.70
15044A,2010-11-01,1,2.95
15044A,2010-11-08,4,11.80
15044A,2010-11-22,6,17.70
15044A,2010-11-29,6,17.70
15044A,2010-12-20,6,17.70
15044A,2011-01-17,2,5.90
15044A,2011-01-24,18,53.10
15044A,2011-01-31,8,23.60
15044A,2011-02-21,5,26.11
15044A,2011-02-28,51,133.29
15044A,2011-03-07,12,35.40
15044A,2011-03-14,25,73.75
15044A,2011-03-21,6,17.70
15044A,2011-03-28,7,23.49
15044A,2011-04-04,12,35.40
15044A,2011-04-11,14,41.30
15044A,2011-04-18,10,38.02
15044A,2011-05-02,14,46.98
15044A,2011-05-09,18,53.10
15044A,2011-05-16,15,47.09
15044A,2011-05-23,26,82.38
15044A,2011-06-06,25,76.59
15044A,2011-06-13,10,29.50
15044A,2011-06-20,22,79.10
15044A,2011-06-27,6,17.70
15044A,2011-07-04,2,11.58
15044A,2011-07-11,38,112.10
15044A,2011-07-18,12,35.40
15044A,2011-07-25,1,5.79
15044A,2011-08-01,7,20.65
15044A,2011-08-08,12,52.44
15044A,2011-08-29,8,29.28
15044A,2011-09-05,3,17.37
15044A,2011-09-12,18,53.10
15044A,2011-09-19,11,32.45
15044A,2011-10-17,3,8.85
15044A,2011-10-31,1,2.95
15044A,2011-11-07,2,5.90
15044A,2011-11-14,20,64.68
15044A,2011-11-21,11,32.45
15044A,2011-11-28,1,5.79
15044A,2011-12-05,2,8.74
15058A,2010-01-18,2,15.90
15058A,2010-02-15,1,7.95
15058A,2010-03-15,1,7.95
15058A,2010-03-22,2,15.90
15058A,2010-04-05,2,15.90
15058A,2010-04-12,1,7.95
15058A,2010-04-19,4,31.80
15058A,2010-04-26,4,31.80
15058A,2010-05-03,18,87.10
15058A,2010-05-10,60,237.00
15058A,2010-05-17,36,166.20
15058A,2010-05-24,44,207.34
15058A,2010-05-31,10,39.50
15058A,2010-06-07,28,142.60
15058A,2010-06-14,21,114.95
15058A,2010-06-21,4,31.80
15058A,2010-06-28,19,149.47
15058A,2010-07-05,14,99.30
15058A,2010-07-26,1,25.49
15058A,2010-08-09,2,15.90
15058A,2010-08-16,1,7.95
15058A,2010-08-23,1,25.49
15058A,2010-12-06,1,7.95
15058A,2011-02-28,4,31.80
15058A,2011-03-07,2,15.90
15058A,2011-03-14,1,7.95
15058A,2011-03-21,1,24.96
15058A,2011-03-28,1,7.95
15058A,2011-04-04,1,7.95
15058A,2011-04-11,4,31.80
15058A,2011-04-18,7,55.65
15058A,2011-04-25,6,53.38
15058A,2011-05-02,7,67.01
15058A,2011-05-09,17,140.19
15058A,2011-05-16,22,191.30
15058A,2011-05-23,6,47.70
15058A,2011-05-30,5,42.59
15058A,2011-06-06,23,185.05
15058A,2011-06-13,19,144.73
15058A,2011-06-20,21,157.79
15058A,2011-06-27,1,10.79
15058A,2011-07-04,6,53.38
15058A,2011-07-11,4,31.80
15058A,2011-07-18,3,26.69
15058A,2011-07-25,3,26.69
15058A,2011-08-01,15,112.93
15058A,2011-08-08,1,10.79
15058A,2011-08-15,6,47.70
15058A,2011-08-29,2,21.58
15058A,2011-09-05,3,29.53
15058A,2011-09-19,1,10.79
15058A,2011-09-26,1,7.95
15058A,2011-10-03,4,40.32
15058A,2011-11-21,2,15.90
15058C,2010-01-18,2,15.90
15058C,2010-03-15,1,7.95
15058C,2010-03-22,2,33.44
15058C,2010-04-05,1,25.49
15058C,2010-04-12,1,7.95
15058C,2010-04-19,2,50.98
15058C,2010-04-26,8,63.60
15058C,2010-05-03,2,15.90
15058C,2010-05-10,40,158.00
15058C,2010-05-17,3,23.85
15058C,2010-05-24,22,112.44
15058C,2010-05-31,15,79.25
15058C,2010-06-07,33,142.35
15058C,2010-06-14,7,55.65
15058C,2010-06-21,23,120.39
15058C,2010-06-28,27,169.73
15058C,2010-07-05,14,88.84
15058C,2010-07-12,1,7.95
15058C,2010-07-19,1,7.95
15058C,2010-07-26,20,79.00
15058C,2010-08-09,1,25.49
15058C,2010-08-16,2,15.90
15058C,2010-09-20,1,7.95
15058C,2010-11-08,1,7.95
15058C,2011-01-31,4,31.80
15058C,2011-02-28,11,47.45
15058C,2011-03-14,3,40.86
15058C,2011-04-11,2,15.90
15058C,2011-04-18,2,32.91
15058C,2011-04-25,10,93.70
15058C,2011-05-02,25,127.27
15058C,2011-05-09,55,245.77
15058C,2011-05-16,13,71.87
15058C,2011-05-23,3,32.37
15058C,2011-05-30,2,21.58
15058C,2011-06-06,51,208.29
15058C,2011-06-13,5,45.43
15058C,2011-06-20,2,18.74
15058C,2011-06-27,1,10.79
15058C,2011-07-04,27,146.01
15058C,2011-07-11,2,21.58
15058C,2011-07-18,1,10.79
15058C,2011-07-25,3,26.69
15058C,2011-08-01,6,53.38
15058C,2011-08-08,2,21.58
15058C,2011-08-29,5,53.95
15058C,2011-09-19,1,10.79
15058C,2011-09-26,1,7.95
15058C,2011-10-31,1,10.79
15058C,2011-11-14,1,10.79
15058C,2011-12-05,1,10.79
16033,2009-12-07,120,14.40
16033,2009-12-14,120,14.40
16033,2010-01-04,1560,144.00
16033,2010-01-11,120,14.40
16033,2010-01-25,120,14.40
16033,2010-02-15,1800,162.00
16033,2010-02-22,120,14.40
16033,2010-03-22,120,14.40
16033,2010-04-12,1560,144.00
16033,2010-04-19,1440,129.60
16033,2010-05-10,2880,259.20
16033,2010-05-17,240,28.80
16033,2010-05-24,360,43.20
16033,2010-06-07,480,57.60
16033,2010-06-14,120,14.40
16033,2010-06-28,120,14.40
16033,2010-07-05,120,14.40
16033,2010-07-12,120,14.40
16033,2010-07-19,1,0.12
16033,2010-08-02,720,86.40
16033,2010-08-16,120,14.40
16033,2010-08-30,120,14.40
16033,2010-09-06,120,14.40
16033,2010-09-13,120,14.40
16033,2010-09-20,120,14.40
16033,2010-09-27,120,14.40
16033,2010-10-04,120,14.40
16033,2010-10-11,360,43.20
16033,2010-10-18,120,14.40
16033,2010-11-01,240,28.80
16033,2010-11-08,120,14.40
16033,2010-11-15,360,43.20
16033,2010-12-06,120,14.40
16033,2010-12-20,120,14.40
16033,2011-01-17,120,14.40
16033,2011-02-14,480,57.60
16047,2009-11-30,1,0.85
16047,2009-12-07,12,10.20
16047,2009-12-14,3,3.40
16047,2010-01-18,25,22.06
16047,2010-02-08,6,9.96
16047,2010-02-15,4,6.64
16047,2010-02-22,8,13.28
16047,2010-03-08,5,4.25
16047,2010-03-22,2,3.32
16047,2010-03-29,4,3.40
16047,2010-04-26,1,0.85
16047,2010-05-03,27,22.95
16047,2010-07-12,1,0.85
16047,2010-07-26,1,0.85
16047,2010-08-09,5184,414.72
16047,2010-08-16,12,10.20
16047,2010-09-06,2,1.70
16047,2010-09-20,7,5.95
16047,2010-09-27,5184,414.72
16047,2010-10-04,43,36.55
16047,2010-10-11,81,68.85
16047,2010-10-18,1,0.85
16161P,2009-11-30,100,42.00
16161P,2009-12-07,100,42.00
16161P,2009-12-14,75,31.50
16161P,2010-01-04,100,42.00
16161P,2010-01-11,250,105.00
16161P,2010-01-18,175,73.50
16161P,2010-01-25,25,10.50
16161P,2010-02-08,75,31.50
16161P,2010-02-15,125,52.50
16161P,2010-02-22,125,52.50
16161P,2010-03-01,225,94.50
16161P,2010-03-15,372,126.48
16161P,2010-05-24,100,42.00
16161P,2010-05-31,125,52.50
16161P,2010-06-07,200,84.00
16161P,2010-06-14,400,166.00
16161P,2010-06-21,175,73.50
16161P,2010-06-28,175,73.50
16161P,2010-07-05,125,52.50
16161P,2010-07-12,25,10.50
16161P,2010-07-19,175,73.50
16161P,2010-07-26,75,31.50
16161P,2010-08-02,125,52.50
16161P,2010-08-09,125,52.50
16161P,2010-08-16,100,42.00
16161P,2010-08-23,75,31.50
16161P,2010-08-30,75,31.50
16161P,2010-09-06,250,105.00
16161P,2010-09-13,175,73.50
16161P,2010-09-20,50,21.00
16161P,2010-09-27,275,99.50
16161P,2010-10-04,225,94.50
16161P,2010-10-11,350,147.00
16161P,2010-10-18,125,52.50
16161P,2010-10-25,125,52.50
16161P,2010-11-01,100,42.00
16161P,2010-11-08,50,21.00
16161P,2010-11-15,175,73.50
16161P,2010-11-22,125,52.50
16161P,2010-11-29,225,78.50
16161P,2010-12-13,25,10.50
16161P,2011-01-03,176,73.92
16161P,2011-01-10,125,52.50
16161P,2011-01-17,25,10.50
16161P,2011-01-24,100,42.00
16161P,2011-01-31,125,52.50
16161P,2011-02-07,100,42.00
16161P,2011-02-14,75,31.50
16161P,2011-02-21,75,31.50
16161P,2011-02-28,200,84.00
16161P,2011-03-07,50,21.00
16161P,2011-03-14,125,52.50
16161P,2011-03-21,150,63.00
16161P,2011-03-28,75,31.50
16161P,2011-04-04,250,105.00
16161P,2011-04-11,250,105.00
16161P,2011-04-18,125,52.50
16161P,2011-04-25,50,21.00
16161P,2011-05-02,25,10.50
16161P,2011-05-09,75,31.50
16161P,2011-05-16,150,63.00
16161P,2011-05-23,100,42.00
16161P,2011-05-30,150,63.00
16161P,2011-06-06,350,147.00
16161P,2011-06-13,475,167.50
16161P,2011-06-20,150,63.00
16161P,2011-06-27,75,31.50
16161P,2011-07-04,225,94.50
16161P,2011-07-11,225,94.50
16161P,2011-07-18,175,73.50
16161P,2011-07-25,125,52.50
16161P,2011-08-01,200,84.00
16161P,2011-08-08,150,63.00
16161P,2011-08-15,175,73.50
16161P,2011-08-22,100,42.00
16161P,2011-09-05,25,10.50
16161P,2011-09-12,100,42.00
16161P,2011-09-19,225,94.50
16161P,2011-09-26,150,63.00
16161P,2011-10-03,300,126.00
16161P,2011-10-10,275,115.50
16161P,2011-10-17,125,52.50
16161P,2011-10-24,300,126.00
16161P,2011-10-31,300,114.00
16161P,2011-11-07,25,10.50
16161P,2011-11-14,75,31.50
16161P,2011-11-21,100,42.00
16161P,2011-11-28,25,10.50
16161P,2011-12-05,150,63.00
16244B,2009-11-30,4,17.05
16244B,2009-12-14,4,17.20
16244B,2010-01-11,3,12.63
16244B,2010-01-18,3,12.63
16244B,2010-01-25,58,135.78
16244B,2010-02-01,7,29.51
16244B,2010-02-15,2,8.42
16244B,2010-02-22,1,4.21
16244B,2010-03-01,1,4.25
16244B,2010-03-08,249,490.07
16244B,2010-03-15,2,8.42
16244B,2010-05-03,2,8.50
16244B,2010-08-02,2,8.50
16244B,2011-04-25,4,2.00
16244B,2011-05-09,3,5.85
17033,2009-11-30,82,23.78
17033,2009-12-07,182,52.78
17033,2009-12-14,288,83.52
17033,2010-01-04,36,10.44
17033,2010-01-11,72,20.88
17033,2010-01-18,108,31.32
17033,2010-02-01,36,10.44
17033,2010-02-08,72,20.88
17033,2010-02-15,73,21.17
17033,2010-02-22,15,4.35
17033,2010-03-01,160,46.40
17033,2010-03-08,72,20.88
17033,2010-03-15,83,21.19
17033,2010-03-22,120,34.80
17033,2010-03-29,695,149.71
17033,2010-04-05,75,21.75
17033,2010-04-12,1,0.29
17033,2010-04-19,158,42.94
17033,2010-04-26,180,52.20
17033,2010-05-03,253,73.37
17033,2010-05-10,322,67.62
17033,2010-07-05,5,1.45
17033,2010-08-16,72,20.88
17033,2010-08-30,72,20.88
17033,2010-10-11,36,10.44
17033,2010-10-18,12,3.48
17039,2009-11-30,1,0.65
17039,2009-12-07,14,4.06
17039,2009-12-14,102,30.30
17039,2009-12-21,2,1.30
17039,2010-01-04,10,2.90
17039,2010-01-11,10,2.90
17039,2010-01-18,7,2.38
17039,2010-01-25,4,1.51
17039,2010-02-01,2,1.28
17039,2010-02-08,2,0.58
17039,2010-02-22,2,1.28
17039,2010-03-01,500,105.00
17039,2010-03-08,500,105.00
17039,2010-03-15,50,14.50
17039,2010-03-22,61,18.39
17039,2010-04-05,50,14.50
17039,2010-04-19,512,109.18
17039,2010-05-03,10,2.90
17039,2010-05-10,56,16.24
17039,2010-05-17,500,105.00
17039,2010-05-24,51,15.14
17039,2010-05-31,7,2.03
17039,2010-06-14,100,29.00
17039,2010-06-21,10,2.90
17039,2010-07-12,100,25.00
17039,2010-07-19,6,1.74
17039,2010-07-26,53,15.37
17039,2010-08-09,985,206.85
17109B,2009-11-30,10,18.64
17109B,2009-12-07,74,30.74
17109B,2009-12-14,2,3.38
17109B,2009-12-21,288,109.44
17109B,2010-01-11,146,58.10
17109B,2010-01-18,3888,583.20
17109B,2010-01-25,1,1.69
17109B,2010-02-01,24,40.56
17109B,2010-02-08,1,1.69
17109B,2010-02-22,6,10.14
17109B,2010-03-01,102,38.76
17129D,2009-11-30,14,13.60
17129D,2009-12-07,29,21.31
17129D,2009-12-14,60,51.12
17129D,2009-12-21,3,2.55
17129D,2010-01-11,525,869.88
17129D,2010-01-18,34,31.96
17129D,2010-01-25,278,191.39
17129D,2010-02-01,63,75.42
17129D,2010-02-15,98,63.95
17129D,2010-02-22,4,6.64
17129D,2010-03-01,17,23.36
17165B,2009-11-30,319,277.35
17165B,2009-12-14,45,47.25
17165B,2010-01-11,3,3.15
17165B,2010-01-25,14,14.70
17165B,2010-02-22,15,15.75
17165B,2010-03-08,2,2.10
17165B,2010-03-15,7,7.35
17165B,2010-03-22,11,11.55
17165B,2010-03-29,1,1.05
17165B,2010-04-05,36,37.80
17165B,2010-04-12,4,4.20
17165B,2010-04-19,1,1.05
17165B,2010-04-26,9,9.45
17165B,2010-05-03,27,24.75
17165B,2010-05-10,13,13.65
17165B,2010-05-17,9,9.45
17165B,2010-05-24,2,2.10
17165B,2010-05-31,2,2.10
17165B,2010-06-07,74,70.50
17165B,2010-06-21,18,18.90
17165B,2010-06-28,36,37.80
17165B,2010-07-05,54,33.48
17165B,2010-07-19,1,1.05
17165B,2010-07-26,3,3.15
17165B,2010-08-02,11,11.55
17165B,2010-08-30,45,40.05
17165B,2010-09-13,23,24.15
17165B,2010-09-20,7,7.35
17165B,2010-09-27,20,21.00
17165B,2010-10-04,1,1.05
20692,2009-11-30,116,449.40
20692,2009-12-07,23,128.55
20692,2009-12-14,70,299.90
20692,2009-12-21,2,17.30
20692,2010-01-04,18,70.50
20692,2010-01-11,3,12.75
20692,2010-01-18,20,89.22
20692,2010-01-25,61,239.47
20692,2010-02-01,4,17.00
20692,2010-02-08,12,51.00
20692,2010-02-15,3,12.75
20692,2010-02-22,1,8.47
20692,2010-03-01,1,8.47
20692,2010-03-08,29,138.35
20692,2010-03-15,9,36.75
20692,2010-03-22,33,134.25
20692,2010-03-29,30,112.50
20692,2010-04-05,53,201.25
20692,2010-04-12,7,29.75
20692,2010-04-19,91,344.75
20692,2010-04-26,21,83.25
20692,2010-05-03,4,21.22
20692,2010-05-10,12,55.22
20692,2010-05-17,19,80.75
20692,2010-05-24,9,45.19
20692,2010-05-31,12,51.00
20692,2010-06-07,19,80.75
20692,2010-06-14,112,428.00
20692,2010-06-21,1,4.25
20692,2010-06-28,12,49.50
20692,2010-07-05,104,394.00
20692,2010-09-06,1,4.25
20703,2009-11-30,18,76.50
20703,2009-12-07,6,25.50
20703,2009-12-14,11,46.75
20703,2010-01-04,1,4.25
20703,2010-01-11,7,29.75
20703,2010-01-18,5,21.25
20703,2010-01-25,10,42.50
20703,2010-02-01,20,85.00
20703,2010-02-08,11,46.75
20703,2010-02-15,6,25.50
20703,2010-02-22,2,8.50
20703,2010-03-01,18,76.50
20703,2010-03-08,10,41.00
20703,2010-03-15,9,38.25
20703,2010-03-22,15,63.75
20703,2010-03-29,12,48.00
20703,2010-04-05,3,12.75
20703,2010-04-12,4,17.00
20703,2010-04-19,18,76.50
20703,2010-04-26,10,42.50
20703,2010-05-03,5,21.25
20703,2010-05-10,23,97.75
20703,2010-05-17,8,34.00
20703,2010-05-24,8,32.50
20703,2010-05-31,6,25.50
20703,2010-06-07,6,25.50
20703,2010-06-14,14,59.50
20703,2010-06-21,4,17.00
20703,2010-06-28,9,38.25
20703,2010-07-05,12,51.00
20703,2010-07-12,4,21.22
20703,2010-07-19,4,17.00
20703,2010-07-26,10,42.50
20703,2010-08-02,19,80.75
20703,2010-08-09,11,46.75
20703,2010-08-16,17,72.25
20703,2010-08-23,18,70.00
20703,2010-08-30,10,42.50
20703,2010-09-06,12,51.00
20703,2010-09-13,23,97.75
20703,2010-09-20,1,4.25
20703,2010-09-27,12,51.00
20703,2010-10-04,21,89.25
20703,2010-10-11,11,46.75
20703,2010-10-18,4,17.00
20703,2010-10-25,1,4.25
20703,2010-11-08,3,12.75
20703,2010-11-29,2,8.50
20703,2011-04-11,1,4.25
20729,2009-11-30,23,31.39
20729,2009-12-07,34,50.42
20729,2009-12-14,13,33.41
20729,2009-12-21,34,47.78
20729,2010-01-11,352,303.00
20729,2010-01-18,243,214.55
20729,2010-01-25,80,100.00
20729,2010-02-01,51,61.21
20729,2010-02-08,24,33.78
20729,2010-02-15,4219,655.01
20729,2010-02-22,29,34.97
20729,2010-03-01,21,28.77
20729,2010-03-08,13,18.77
20729,2010-03-15,16,27.56
20729,2010-03-22,34,42.50
20729,2010-03-29,23,28.75
20729,2010-04-26,1,1.25
20729,2010-05-03,10,12.50
20729,2010-05-10,4,5.00
20729,2010-05-17,12,15.00
20729,2010-05-24,14,17.50
20729,2010-05-31,2,2.50
20729,2010-06-07,2,2.50
20729,2010-06-14,8,10.00
20730,2009-11-30,16,22.64
20730,2009-12-07,31,40.07
20730,2009-12-14,24,32.64
20730,2009-12-21,1,2.57
20730,2010-01-11,217,190.03
20730,2010-01-18,231,205.55
20730,2010-01-25,41,40.85
20730,2010-02-01,26,26.30
20730,2010-02-08,32,27.20
20730,2010-02-15,1407,215.95
20730,2010-02-22,46,50.60
20730,2010-03-01,91,90.55
20730,2010-03-08,25,29.25
20730,2010-03-15,3,3.75
20730,2010-04-05,1,1.25
20730,2010-04-12,3,3.75
20730,2010-04-19,1,1.25
20730,2010-04-26,1,1.25
20730,2010-05-10,1,1.25
20730,2010-05-17,3,3.75
20730,2010-06-14,12,15.00
20730,2010-08-09,1,1.25
20730,2010-08-16,2,2.50
20730,2010-08-30,2,2.50
20747,2009-11-30,24,374.24
20747,2009-12-07,59,802.85
20747,2009-12-14,15,363.21
20747,2009-12-21,48,612.00
20747,2010-01-04,20,259.40
20747,2010-01-18,7,149.02
20747,2010-01-25,25,334.15
20747,2010-02-01,10,149.50
20747,2010-02-15,80,1029.32
20747,2010-02-22,116,1477.75
20747,2010-03-01,92,1172.47
20747,2010-03-08,76,986.79
20747,2010-03-15,17,254.15
20747,2010-03-22,4,59.80
20747,2010-03-29,2,29.90
20747,2010-04-05,22,289.30
20747,2010-04-12,11,164.45
20747,2010-04-19,5,72.52
20747,2010-04-26,19,244.45
20747,2010-05-03,29,369.75
20747,2010-05-10,3,44.85
20776,2009-11-30,19,31.35
20776,2009-12-07,24,46.72
20776,2009-12-14,18,31.48
20776,2009-12-21,2,6.86
20776,2010-01-11,30,50.36
20776,2010-01-18,28,46.42
20776,2010-01-25,10,16.50
20776,2010-02-08,2,3.30
20776,2010-02-15,3042,462.72
20776,2010-02-22,8,13.20
20776,2010-03-01,7,11.55
20776,2010-03-08,1,1.65
20776,2010-03-15,2,3.30
20776,2010-03-22,9,14.85
20776,2010-03-29,2,3.30
20776,2010-04-12,1,1.65
20776,2010-05-03,1,1.65
20776,2010-05-10,2,3.30
20776,2010-05-31,6,9.90
20776,2010-06-07,7,11.55
20776,2010-06-21,2,3.30
20776,2010-06-28,2,3.30
20776,2010-07-05,5,8.25
20776,2010-07-12,2,3.30
20776,2010-07-19,1,1.65
20776,2010-07-26,8,13.20
20776,2010-08-02,1,1.65
20776,2010-08-09,11,18.15
20776,2010-09-13,6,9.90
20783,2009-11-30,14,99.94
20783,2009-12-07,26,223.52
20783,2009-12-14,24,189.46
20783,2009-12-21,3,33.78
20783,2010-01-11,30,139.50
20783,2010-01-18,8,43.92
20783,2010-01-25,4,21.96
20783,2010-02-08,2,16.51
20783,2010-02-15,1,11.02
20783,2010-03-01,3,16.47
20783,2010-03-08,1,11.02
20783,2010-03-15,36,167.40
20783,2010-03-22,2,10.98
20783,2010-04-05,1,5.49
20783,2010-04-19,1,11.02
20783,2010-05-03,3,16.47
20783,2010-05-10,2,10.98
20783,2010-05-17,1,5.49
20783,2010-05-24,1,5.49
20783,2010-07-05,1,5.49
20783,2010-08-09,1,5.49
20783,2010-08-16,1,5.49
20784,2009-11-30,1,78.22
20784,2009-12-14,3,119.85
20784,2010-03-15,1,39.95
20784,2010-05-03,17,578.00
20784,2010-05-10,13,442.00
20784,2010-05-17,7,238.00
20784,2010-05-24,5,170.00
20784,2010-06-14,3,102.00
20784,2010-06-21,3,102.00
20784,2010-06-28,3,103.95
20784,2010-07-05,4,136.00
20784,2010-07-12,3,102.00
20784,2010-07-19,2,68.00
20784,2010-08-02,16,575.20
20784,2010-08-09,1,39.95
20784,2010-08-16,2,68.00
20784,2010-08-23,4,136.00
20784,2010-08-30,1,39.95
20784,2010-09-06,1,39.95
20784,2010-09-13,2,68.00
20784,2010-09-20,3,113.90
20784,2010-09-27,4,136.00
20784,2010-10-04,1,34.00
20784,2010-10-18,1,39.95
20785,2010-01-18,12,431.40
20785,2010-02-08,2,79.90
20785,2010-03-01,1,39.95
20785,2010-03-15,1,39.95
20785,2010-04-05,3,156.45
20785,2010-05-03,13,442.00
20785,2010-05-10,18,617.95
20785,2010-05-17,5,170.00
20785,2010-05-24,2,73.95
20785,2010-05-31,6,211.80
20785,2010-06-07,3,102.00
20785,2010-06-14,2,68.00
20785,2010-06-21,2,68.00
20785,2010-06-28,4,147.90
20785,2010-07-05,1,34.00
20785,2010-07-12,1,34.00
20785,2010-08-02,4,136.00
20785,2010-08-09,3,107.95
20785,2010-08-23,2,68.00
20785,2010-08-30,2,79.90
20785,2010-10-18,1,39.95
20785,2011-01-03,1,39.95
20785,2011-02-14,1,39.95
20785,2011-02-28,2,79.90
20785,2011-03-14,9,323.55
20785,2011-04-04,1,39.95
20786,2010-01-18,12,431.40
20786,2010-02-15,2,153.10
20786,2010-03-15,2,79.90
20786,2010-05-03,22,748.00
20786,2010-05-10,21,714.00
20786,2010-05-17,4,136.00
20786,2010-05-24,2,68.00
20786,2010-05-31,3,107.95
20786,2010-06-14,1,39.95
20786,2010-07-05,6,209.87
20786,2010-07-12,1,34.00
20786,2010-07-19,1,34.00
20786,2010-08-09,1,39.95
20786,2010-08-16,3,102.00
20786,2010-08-23,2,68.00
20786,2010-09-13,4,147.90
20786,2010-10-04,8,283.90
20786,2010-10-18,4,135.98
20787,2010-01-11,1,39.95
20787,2010-03-01,3,193.05
20787,2010-03-15,1,39.95
20787,2010-04-05,3,156.45
20787,2010-05-03,22,748.00
20787,2010-05-10,14,476.00
20787,2010-05-17,3,102.00
20787,2010-05-24,4,136.00
20787,2010-05-31,7,249.90
20787,2010-06-21,3,102.00
20787,2010-06-28,2,69.95
20787,2010-07-05,1,34.00
20787,2010-07-12,1,34.00
20787,2010-08-09,1,39.95
20787,2010-08-30,2,79.90
20787,2010-09-20,1,34.00
20871,2009-11-30,67,116.70
20871,2009-12-07,25,63.50
20871,2009-12-14,56,86.30
20871,2009-12-21,10,40.80
20871,2010-01-11,24,30.00
20871,2010-02-01,6,12.60
20871,2010-02-15,3,6.30
20871,2010-02-22,26,34.20
20871,2010-03-01,73,94.21
20871,2010-03-15,7,14.70
20871,2010-03-29,7,14.70
20871,2010-04-05,240,300.00
20871,2010-04-12,5,10.50
20871,2010-04-26,12,25.20
20871,2010-05-17,48,60.00
20871,2010-06-07,48,60.00
20871,2010-06-14,6,12.60
20871,2010-06-21,1,4.21
20871,2010-07-19,2,8.42
20871,2010-08-02,30,42.60
20871,2010-08-09,2,4.20
20871,2010-08-16,36,55.20
20871,2010-08-23,2,8.42
20871,2010-08-30,1,2.10
20871,2010-09-06,30,42.60
20871,2010-09-20,32,46.80
20871,2010-09-27,64,102.04
20871,2010-10-04,35,59.43
20871,2010-10-11,7,18.92
20871,2010-10-18,10,23.11
20871,2010-10-25,17,37.81
20871,2010-11-01,65,122.43
20871,2010-11-08,213,300.98
20871,2010-11-15,59,95.41
20871,2010-11-22,5,18.94
20871,2010-12-13,2,8.42
20913,2009-11-30,41,136.40
20913,2009-12-07,15,50.43
20913,2009-12-14,19,62.23
20913,2009-12-21,9,54.36
20913,2010-01-04,222,571.70
20913,2010-01-11,8,23.60
20933,2009-11-30,2,15.56
20933,2009-12-07,2,7.50
20933,2009-12-14,3,15.28
20933,2009-12-21,1,7.78
20933,2010-01-04,28,45.00
20933,2010-01-11,1,7.62
20933,2010-01-18,36,115.80
20933,2010-02-01,24,70.80
20933,2010-03-01,20,79.54
20933,2010-03-08,9,37.62
20933,2010-03-15,2,7.50
20933,2010-03-22,1,3.75
20933,2010-03-29,6,23.17
20933,2010-04-19,2,7.50
20933,2010-04-26,10,37.50
20933,2010-05-10,1,3.75
20933,2010-05-24,7,26.25
20933,2010-06-28,1,3.75
20933,2010-07-12,312,686.40
20933,2010-07-19,1,7.62
20933,2010-07-26,2,7.50
20933,2010-08-02,4,15.00
20933,2010-09-27,2,7.50
20933,2010-10-04,3,11.25
20933,2010-10-25,2,7.50
20933,2011-01-03,4,15.00
20933,2011-04-04,4,11.80
20933,2011-04-11,8,23.60
20933,2011-08-15,1,2.95
20933,2011-10-24,4,11.80
20933,2011-11-28,1,2.95
20933,2011-12-05,1,2.95
20989,2009-11-30,69,134.55
20989,2009-12-07,22,45.25
20989,2009-12-14,137,244.20
20989,2009-12-21,1,4.30
20989,2010-01-04,42,81.90
20989,2010-01-11,10,19.50
20989,2010-01-18,22,45.16
20989,2010-01-25,13,27.61
20989,2010-02-01,4,7.80
20989,2010-02-15,27,52.65
20989,2010-02-22,37,74.41
20989,2010-03-01,20,39.00
20989,2010-03-08,1,1.95
20989,2010-03-15,2,3.90
20990,2009-11-30,64,124.80
20990,2009-12-07,30,65.55
20990,2009-12-14,158,294.55
20990,2009-12-21,3,12.90
20990,2010-01-04,141,244.95
20990,2010-01-11,6,11.70
20990,2010-01-18,34,66.30
20990,2010-01-25,5,12.01
20990,2010-02-01,125,220.53
20990,2010-02-15,32,62.40
20990,2010-02-22,17,33.15
20990,2010-03-01,4,7.80
20990,2010-03-08,30,58.50
20990,2010-03-15,30,63.02
20990,2010-03-22,73,142.35
20990,2010-03-29,12,25.66
20990,2010-04-05,13,25.35
20990,2010-04-12,14,27.30
20990,2010-04-19,11,21.45
20990,2010-04-26,14,27.30
20990,2010-05-03,22,47.42
20990,2010-05-10,29,56.55
20990,2010-05-17,10,19.50
20990,2010-05-24,10,19.50
20990,2010-05-31,7,13.65
20990,2010-06-07,1,1.95
20991,2009-11-30,10,12.35
20991,2009-12-07,14,11.70
20991,2009-12-14,30,23.40
20991,2010-01-04,6,3.90
20991,2010-01-11,171,97.38
20991,2010-01-18,6819,711.84
20991,2010-01-25,30,19.50
20991,2010-02-01,3,3.21
20991,2010-02-15,1,1.28
20993,2009-11-30,1,1.70
20993,2009-12-07,64,22.72
20993,2009-12-14,1348,259.61
20993,2009-12-21,3,5.10
20993,2010-01-04,108,28.44
20993,2010-01-11,52,13.33
20993,2010-01-18,9312,931.20
20993,2010-01-25,28,23.80
20993,2010-02-01,21,17.85
20993,2010-02-15,4,6.64
20993,2010-02-22,13,11.86
20993,2010-03-01,12,10.20
20993,2010-03-08,1,1.66
21007,2009-11-30,69,50.67
21007,2009-12-07,333,176.67
21007,2009-12-14,385,220.51
21007,2009-12-21,1,3.43
21007,2010-01-18,48,18.24
21007,2010-03-08,144,54.72
21007,2010-03-15,2,6.72
21007,2010-04-26,60,35.64
21007,2010-05-10,48,18.24
21007,2010-06-21,48,18.24
21007,2010-07-12,48,18.24
21007,2010-07-19,48,18.24
21007,2010-08-02,100,42.28
21007,2010-08-09,48,18.24
21007,2010-08-16,96,36.48
21007,2010-08-23,444,170.86
21007,2010-09-20,5,7.25
21009,2009-11-30,84,105.00
21009,2009-12-07,137,175.21
21009,2009-12-14,91,130.91
21009,2009-12-21,3,5.07
21009,2010-01-11,1,2.51
21009,2010-01-18,2,5.02
21009,2010-02-01,1,2.51
21009,2010-03-01,1,2.51
21009,2010-07-12,36,45.00
21009,2010-07-26,24,30.00
21009,2010-08-02,8,12.52
21009,2010-08-09,12,15.00
21009,2010-08-16,1,2.51
21009,2010-08-23,2,2.50
21009,2010-08-30,12,15.00
21009,2010-09-06,30,37.50
21009,2010-09-13,95,123.79
21009,2010-09-20,89,111.25
21009,2010-09-27,234,434.88
21009,2010-10-04,49,62.51
21009,2010-10-11,84,110.04
21009,2010-10-18,57,71.25
21009,2010-10-25,5,6.25
21009,2010-12-13,1,1.25
21010,2009-11-30,90,112.50
21010,2009-12-07,75,113.55
21010,2009-12-14,50,78.34
21010,2009-12-21,12,20.28
21010,2010-01-11,1,2.51
21010,2010-01-18,3,7.53
21010,2010-03-01,1,2.51
21010,2010-04-19,3,7.53
21010,2010-07-12,12,15.00
21010,2010-08-09,18,22.50
21010,2010-08-16,36,45.00
21010,2010-08-23,6,7.50
21010,2010-08-30,24,30.00
21010,2010-09-06,42,52.50
21010,2010-09-13,98,122.50
21010,2010-09-20,78,97.50
21010,2010-09-27,117,146.25
21010,2010-10-04,19,25.01
21010,2010-10-11,44,55.00
21010,2010-10-18,127,158.75
21077,2009-11-30,115,78.44
21077,2009-12-07,20,17.00
21077,2009-12-14,59,52.70
21077,2010-01-04,12,10.20
21077,2010-01-11,38,32.30
21077,2010-01-18,29,27.08
21077,2010-01-25,423,280.53
21077,2010-02-01,30,25.50
21077,2010-02-08,61,52.66
21077,2010-02-15,21,18.66
21077,2010-02-22,232,170.32
21077,2010-03-01,253,176.35
21077,2010-03-08,13,11.05
21077,2010-03-15,84,73.02
21077,2010-03-22,34,32.14
21077,2010-03-29,115,78.40
21077,2010-04-05,54,48.33
21077,2010-04-12,28,23.80
21077,2010-04-19,159,116.61
21077,2010-04-26,54,49.14
21077,2010-05-03,46,39.10
21077,2010-05-10,630,421.26
21077,2010-05-17,100,66.46
21077,2010-05-24,67,56.95
21077,2010-05-31,7,5.95
21077,2010-06-07,10,9.31
21077,2010-06-14,4,3.40
21077,2010-06-21,2,3.32
21077,2010-06-28,8,6.80
21077,2010-07-05,6,6.72
21077,2010-07-12,14,11.90
21077,2010-07-19,6,5.10
21077,2010-07-26,3,2.55
21077,2010-08-02,2,1.70
21077,2010-08-09,2,1.70
21077,2010-08-16,29,24.65
21077,2010-08-23,2,1.70
21077,2010-08-30,8,6.80
21077,2010-09-06,13,11.05
21082,2009-11-30,12,10.20
21082,2009-12-07,13,11.05
21082,2009-12-14,7,5.95
21082,2010-01-04,6,5.10
21082,2010-01-11,3,3.36
21082,2010-01-18,25,21.25
21082,2010-01-25,6,5.10
21082,2010-02-01,4,3.40
21082,2010-02-08,25,21.25
21082,2010-02-15,1,0.85
21082,2010-02-22,2,1.70
21082,2010-03-01,113,75.89
21082,2010-03-08,49,41.65
21082,2010-03-15,36,30.60
21082,2010-03-22,38,32.30
21082,2010-03-29,3,2.55
21082,2010-04-05,20,17.81
21082,2010-04-12,20,17.00
21082,2010-04-19,108,71.64
21082,2010-04-26,15,12.75
21082,2010-05-03,121,83.50
21082,2010-05-10,23,19.55
21082,2010-05-17,18,15.30
21082,2010-05-24,2,1.70
21082,2010-05-31,1,1.66
21082,2010-06-07,23,21.98
21082,2010-06-14,34,28.90
21082,2010-06-21,5,5.06
21082,2010-06-28,57,48.45
21082,2010-07-05,26,22.91
21082,2010-07-12,15,12.75
21082,2010-07-19,32,27.20
21082,2010-07-26,24,20.40
21082,2010-08-02,7,8.38
21082,2010-08-09,3109,553.69
21082,2010-08-16,6,5.10
21082,2010-08-23,3,2.55
21082,2010-08-30,3,4.21
21082,2010-09-06,1,0.85
21082,2010-09-13,3,2.55
21082,2010-09-27,3074,527.26
21082,2010-10-11,1,2.51
21082,2010-10-25,1,2.51
21082,2010-11-08,3,7.53
21082,2010-11-22,1,2.51
21082,2011-01-10,7,11.41
21082,2011-01-17,8,13.04
21082,2011-01-24,1,1.63
21082,2011-01-31,1,1.63
21082,2011-02-07,3,4.89
21082,2011-02-21,5,8.15
21082,2011-02-28,1,1.63
21082,2011-03-07,7,11.41
21082,2011-03-14,1,1.63
21082,2011-03-21,4,6.52
21082,2011-03-28,4,6.52
21082,2011-04-11,3,4.89
21082,2011-04-18,5,8.15
21082,2011-05-09,8,13.04
21082,2011-05-16,2,3.26
21082,2011-05-23,9,14.67
21082,2011-05-30,1,1.63
21082,2011-06-06,13,21.19
21082,2011-06-13,2,3.26
21082,2011-06-27,3,4.89
21085,2009-11-30,27,18.60
21085,2009-12-07,1,0.65
21085,2009-12-14,24,15.60
21085,2010-01-04,12,7.80
21085,2010-01-11,24,15.60
21085,2010-01-18,36,23.40
21085,2010-01-25,332,185.28
21085,2010-02-01,18,11.70
21085,2010-02-08,63,41.96
21085,2010-02-15,23,18.99
21085,2010-02-22,27,17.55
21085,2010-03-01,276,158.53
21085,2010-03-08,2,3.32
21085,2010-03-15,12786,1301.70
21085,2010-03-29,7,4.55
21085,2010-04-19,14,9.10
21085,2010-05-03,4,2.60
21085,2010-05-24,12,7.80
21085,2010-05-31,6,3.90
21085,2010-06-07,2,1.30
21085,2010-06-14,11,7.15
21085,2010-07-05,19,12.35
21085,2010-07-12,6,3.90
21088,2009-12-14,6,3.90
21088,2010-01-18,24,15.60
21088,2010-02-01,11,7.15
21088,2010-02-08,24,15.60
21088,2010-02-22,12,7.80
21088,2010-04-05,1,0.65
21088,2010-04-12,5,3.25
21088,2010-05-03,36,23.40
21088,2010-05-10,450,93.78
21088,2010-05-17,22,14.30
21088,2010-06-07,4,2.60
21088,2010-06-14,42,27.30
21088,2010-06-28,14,11.12
21088,2010-07-05,10,6.50
21088,2010-07-19,12,7.80
21088,2010-08-02,3,1.95
21088,2010-08-09,7128,570.24
21088,2010-08-30,3,1.95
21088,2010-09-27,7128,570.24
21088,2010-10-04,2,3.32
21088,2011-01-03,12,7.80
21088,2011-01-10,4,6.64
21088,2011-01-17,12,7.80
21088,2011-02-21,24,15.60
21088,2011-02-28,24,16.68
21088,2011-03-14,24,15.60
21088,2011-03-21,1,0.83
21088,2011-03-28,10,4.56
21088,2011-04-04,39,7.41
21088,2011-04-11,56,10.64
21088,2011-04-18,300,57.64
21088,2011-04-25,78,14.82
21088,2011-05-02,27,5.13
21088,2011-05-09,311,59.09
21088,2011-05-16,56,17.68
21088,2011-05-23,31,10.37
21088,2011-05-30,4,3.32
21088,2011-06-06,26,4.94
21088,2011-06-13,4,2.04
21088,2011-06-20,5,1.59
21088,2011-06-27,2,0.38
21088,2011-07-04,61,12.23
21088,2011-07-11,5,1.59
21088,2011-07-18,7,2.61
21088,2011-07-25,140,33.64
21088,2011-08-01,1,0.83
21088,2011-08-08,36,14.52
21088,2011-08-15,72,13.68
21088,2011-08-22,74,14.06
21088,2011-08-29,67,19.13
21088,2011-09-05,24,4.56
21088,2011-09-12,12,2.28
21088,2011-09-19,33,12.03
21088,2011-09-26,9,1.71
21088,2011-10-17,2,0.38
21088,2011-10-31,2,1.66
21088,2011-11-14,34,12.86
21088,2011-11-28,24,4.56
21088,2011-12-05,25,5.39
21091,2009-11-30,14,12.75
21091,2009-12-07,1,0.85
21091,2009-12-14,24,20.40
21091,2010-01-04,24,20.40
21091,2010-01-11,24,20.40
21091,2010-01-18,24,20.40
21091,2010-01-25,332,224.15
21091,2010-02-01,22,19.51
21091,2010-02-08,66,59.34
21091,2010-02-15,23,21.98
21091,2010-02-22,27,22.95
21091,2010-03-01,140,102.89
21091,2010-03-08,3,4.98
21091,2010-03-15,12976,1317.70
21092,2009-12-07,3,5.10
21092,2009-12-14,1,1.70
21092,2010-01-04,73,62.05
21092,2010-01-11,1,0.85
21092,2010-01-18,49,46.51
21092,2010-01-25,8,10.85
21092,2010-02-01,2,1.70
21092,2010-02-08,57,65.46
21092,2010-02-15,108,71.64
21092,2010-02-22,38,33.92
21092,2010-03-01,12,10.20
21092,2010-03-08,13,11.86
21092,2010-03-15,12481,1249.66
21096,2009-12-07,1,0.85
21096,2009-12-14,6,5.10
21096,2010-01-18,28,23.80
21096,2010-02-01,8,6.80
21096,2010-02-08,24,20.40
21096,2010-02-22,12,10.20
21096,2010-04-12,5,4.25
21096,2010-05-03,36,30.60
21096,2010-05-10,396,83.16
21096,2010-05-17,23,19.55
21096,2010-06-07,2,1.70
21096,2010-06-14,54,45.90
21096,2010-06-21,7,11.62
21096,2010-06-28,7,11.62
21096,2010-07-05,13,11.05
21096,2010-07-19,14,13.52
21096,2010-08-09,7008,911.04
21096,2010-08-30,4,3.40
21096,2010-09-06,3,2.55
21096,2010-09-20,3,2.55
21096,2010-09-27,7008,911.04
21096,2010-10-04,2,3.32
21096,2010-10-11,1,0.85
21096,2011-01-03,12,10.20
21096,2011-01-10,5,8.30
21096,2011-01-17,12,10.20
21096,2011-02-28,30,25.48
21096,2011-03-07,5,4.15
21096,2011-03-14,12,10.20
21096,2011-03-21,1,0.83
21096,2011-03-28,200,79.38
21096,2011-04-04,24,9.36
21096,2011-04-11,36,14.04
21096,2011-04-18,110,45.10
21096,2011-04-25,66,25.74
21096,2011-05-02,12,4.68
21096,2011-05-09,242,94.38
21096,2011-05-16,51,25.17
21096,2011-05-23,26,11.02
21096,2011-05-30,5,4.15
21096,2011-06-06,20,7.80
21096,2011-06-13,4,2.44
21096,2011-06-20,9,3.95
21096,2011-07-04,62,25.06
21096,2011-07-11,6,3.22
21096,2011-07-18,9,4.39
21096,2011-07-25,119,52.57
21096,2011-08-01,1,0.83
21096,2011-08-08,22,12.98
21096,2011-08-15,47,31.97
21096,2011-08-22,26,10.14
21096,2011-08-29,25,12.39
21096,2011-09-12,12,4.68
21096,2011-09-19,6,3.75
21096,2011-09-26,10,3.90
21096,2011-10-17,3,1.61
21096,2011-10-31,1,0.83
21096,2011-11-14,26,14.54
21096,2011-12-05,2,1.66
21099,2009-11-30,25,17.30
21099,2009-12-07,1,1.70
21099,2009-12-14,1,0.65
21099,2010-01-04,1,0.65
21099,2010-01-11,1,0.65
21099,2010-01-18,25,17.26
21099,2010-01-25,7,7.58
21099,2010-02-01,2,1.30
21099,2010-02-08,36,23.40
21099,2010-02-15,192,124.80
21099,2010-02-22,14,9.10
21099,2010-03-01,21,13.65
21099,2010-03-08,24,15.60
21099,2010-03-15,12960,1296.00
21099,2010-03-29,4,2.60
21099,2010-04-05,13,8.45
21099,2010-04-19,17,11.05
21099,2010-05-03,44,28.60
21127,2009-11-30,2,11.90
21127,2009-12-07,10,73.60
21127,2009-12-14,3,17.85
21127,2009-12-21,2,18.95
21127,2010-01-04,2,11.90
21127,2010-01-11,1,5.95
21127,2010-01-25,4,23.80
21127,2010-02-01,1,12.72
21127,2010-02-08,1,5.95
21127,2010-02-15,3,17.85
21127,2010-03-01,1,5.95
21127,2010-03-08,7,48.42
21127,2010-03-15,13,77.35
21127,2010-03-22,10,59.50
21127,2010-03-29,5,36.52
21127,2010-04-05,26,130.70
21127,2010-04-19,6,56.01
21127,2010-04-26,1,12.72
21127,2010-05-03,3,17.85
21127,2010-05-10,4,30.57
21127,2010-05-17,12,71.40
21127,2010-05-24,178,231.90
21127,2010-05-31,1,12.72
21127,2010-06-07,2,11.90
21130,2009-11-30,1,6.91
21130,2009-12-07,3,10.35
21130,2009-12-14,7,27.61
21130,2009-12-21,10,34.50
21130,2010-01-04,13,44.85
21130,2010-01-25,26,89.70
21130,2010-02-15,2,6.90
21130,2010-03-01,7,24.15
21130,2010-03-08,11,54.55
21130,2010-03-15,30,91.50
21130,2010-03-22,25,89.57
21130,2010-03-29,12,41.40
21130,2010-04-05,26,77.70
21130,2010-04-12,10,34.50
21130,2010-04-19,6,20.70
21130,2010-04-26,2,10.22
21130,2010-05-03,24,82.80
21130,2010-05-10,12,41.40
21130,2010-05-17,10,34.50
21130,2010-05-24,480,360.00
21130,2010-05-31,2,10.22
21130,2010-06-07,2,6.90
21130,2010-06-28,1,3.45
21133,2009-11-30,122,226.19
21133,2009-12-07,143,241.67
21133,2009-12-14,36,60.84
21133,2010-02-08,4,6.76
21133,2010-02-22,1,1.69
21133,2010-03-01,4,6.76
21133,2010-04-05,5,8.45
21133,2010-05-10,24,40.56
21133,2010-05-17,12,20.28
21133,2010-05-24,2,3.38
21133,2010-05-31,32,54.08
21133,2010-06-07,1,1.69
21133,2010-07-26,12,20.28
21133,2010-08-09,13,21.97
21133,2010-08-23,10,16.90
21133,2010-09-13,3,5.07
21146,2009-11-30,96,158.40
21146,2009-12-07,91,193.90
21146,2009-12-14,30,70.25
21146,2010-03-15,1,4.21
21146,2010-07-26,36,70.20
21146,2010-08-16,12,23.40
21146,2010-08-23,27,52.65
21146,2010-08-30,12,23.40
21146,2010-09-06,15,29.25
21146,2010-09-13,26,50.70
21146,2010-09-20,26,50.70
21146,2010-09-27,96,187.20
21146,2010-10-04,85,165.75
21146,2010-10-11,68,134.86
21146,2010-10-18,12,23.40
21146,2010-10-25,156,275.40
21146,2010-11-01,12,23.40
21153,2009-11-30,16,236.70
21153,2009-12-07,12,149.90
21153,2009-12-14,14,171.20
21153,2009-12-21,12,127.80
21153,2010-01-04,5,53.25
21153,2010-01-11,9,117.95
21153,2010-01-18,18,202.28
21153,2010-01-25,11,117.15
21153,2010-02-01,6,63.90
21153,2010-02-08,11,117.15
21153,2010-02-15,1,10.65
21153,2010-02-22,4,42.60
21153,2010-03-01,5,63.83
21153,2010-03-08,8,95.78
21153,2010-03-22,13,138.45
21153,2010-03-29,13,138.45
21153,2010-04-05,2,21.30
21153,2010-04-12,12,127.80
21153,2010-04-19,6,63.90
21153,2010-04-26,10,106.50
21153,2010-05-03,16,170.40
21153,2010-05-10,15,170.33
21153,2010-05-17,8,85.20
21153,2010-05-24,83,775.95
21153,2010-05-31,8,95.78
21153,2010-06-07,25,266.25
21153,2010-06-14,6,74.48
21153,2010-06-21,3,31.95
21153,2010-06-28,7,74.55
21153,2010-07-05,19,202.35
21153,2010-07-12,2,21.30
21153,2010-08-02,1,10.65
21153,2010-08-16,3,31.95
21153,2010-08-23,7,74.55
21153,2010-09-20,2,42.46
21185,2009-11-30,16,121.55
21185,2009-12-07,15,95.25
21185,2009-12-14,18,127.60
21185,2010-01-04,1,6.35
21185,2010-01-11,31,176.21
21185,2010-01-18,14,88.90
21185,2010-01-25,7,50.82
21185,2010-02-01,15,107.99
21185,2010-02-08,1,6.35
21185,2010-02-15,3,19.05
21185,2010-02-22,5,38.12
21185,2010-03-01,4,25.40
21185,2010-06-07,1,6.35
21185,2010-07-05,1,6.35
21186,2009-11-30,280,455.20
21186,2009-12-07,120,215.10
21186,2009-12-14,100,209.50
21186,2009-12-21,74,130.30
21186,2010-01-04,3,4.95
21186,2010-01-11,53,86.68
21186,2010-01-18,23,39.66
21186,2010-01-25,22,36.30
21186,2010-02-01,71,116.10
21186,2010-02-08,7,11.55
21186,2010-02-15,262,387.43
21186,2010-02-22,2,6.72
21186,2010-03-01,24,39.60
21186,2010-03-08,30,52.92
21186,2010-03-15,5,8.25
21186,2010-03-22,65,101.07
21186,2010-03-29,292,431.80
21186,2010-04-05,12,19.80
21186,2010-04-12,24,39.60
21186,2010-04-19,82,142.80
21186,2010-04-26,313,456.85
21186,2010-05-03,71,129.12
21186,2010-05-10,20,41.55
21186,2010-05-17,84,132.42
21186,2010-05-24,57,86.16
21186,2010-05-31,55,81.15
21186,2010-06-07,62,94.41
21186,2010-06-14,109,162.36
21186,2010-06-21,42,71.01
21186,2010-06-28,110,175.32
21186,2010-07-05,24,48.15
21186,2010-07-12,57,95.76
21186,2010-07-19,33,54.45
21186,2010-07-26,6,18.45
21186,2010-08-02,69,134.37
21186,2010-08-09,87,184.59
21186,2010-08-16,28,46.20
21186,2010-08-23,32,66.48
21186,2010-08-30,137,211.98
21186,2010-09-06,146,234.72
21186,2010-09-13,31,54.57
21186,2010-09-20,154,253.05
21186,2010-09-27,165,267.78
21186,2010-10-04,230,363.72
21186,2010-10-11,259,409.86
21186,2010-10-18,111,184.86
21186,2010-10-25,348,520.02
21186,2010-11-01,378,585.96
21186,2010-11-08,162,267.94
21186,2010-11-15,161,278.28
21186,2010-11-22,183,286.83
21186,2010-12-13,2,6.72
21203,2009-11-30,14,23.10
21203,2009-12-07,3,4.95
21203,2009-12-14,20,34.78
21203,2010-01-11,25,42.96
21203,2010-01-18,41,76.20
21203,2010-01-25,4,13.44
21203,2010-02-01,7,18.39
21203,2010-02-08,8,20.04
21203,2010-02-15,30,51.21
21203,2010-02-22,56,86.22
21203,2010-03-01,17,34.89
21203,2010-03-08,17,28.05
21203,2010-03-15,2,5.01
21203,2010-03-22,86,141.90
21203,2010-03-29,17,33.18
21203,2010-04-05,312,457.20
21203,2010-04-12,102,149.10
21203,2010-04-19,95,152.28
21203,2010-04-26,51,87.57
21203,2010-05-03,42,88.11
21203,2010-05-10,52,77.91
21203,2010-05-17,10,30.18
21203,2010-05-24,7,13.26
21203,2010-05-31,19,39.90
21203,2010-06-07,83,125.55
21203,2010-06-14,26,42.90
21203,2010-06-21,45,77.67
21203,2010-06-28,102,158.70
21203,2010-07-05,11,23.28
21203,2010-07-12,23,44.79
21203,2010-07-19,129,197.07
21203,2010-07-26,26,48.03
21203,2010-08-02,31,54.57
21203,2010-08-09,18,31.41
21203,2010-08-16,10,16.50
21214,2009-11-30,18,26.10
21214,2009-12-07,14,23.48
21214,2009-12-14,16,27.97
21214,2009-12-21,13,20.44
21214,2010-01-04,1,1.45
21214,2010-01-11,24,51.75
21214,2010-01-18,28,46.72
21214,2010-01-25,52,79.99
21214,2010-02-01,40,59.53
21214,2010-02-08,5,14.90
21214,2010-02-15,142,198.94
21214,2010-02-22,136,179.53
21214,2010-03-01,135,178.08
21214,2010-03-08,44,71.45
21214,2010-03-15,27,43.74
21214,2010-03-22,37,53.65
21214,2010-03-29,44,72.98
21214,2010-04-05,27,39.15
21214,2010-04-12,29,42.05
21214,2010-04-19,82,131.14
21214,2010-04-26,36,70.56
21214,2010-05-03,80,119.06
21214,2010-05-10,33,52.44
21214,2010-05-17,36,53.73
21214,2010-05-24,183,250.74
21214,2010-05-31,8,17.72
21214,2010-06-07,118,175.69
21214,2010-06-14,28,46.72
21214,2010-06-21,7,17.80
21214,2010-06-28,63,94.41
21214,2010-07-05,452,584.72
21214,2010-07-12,45,68.31
21214,2010-07-19,1,2.98
21214,2010-08-02,2,2.90
21214,2010-10-04,1,1.45
21241,2009-11-30,143,109.07
21241,2009-12-07,20,17.85
21241,2009-12-14,35,32.30
21241,2009-12-21,17,15.30
21241,2010-01-04,32,27.20
21241,2010-01-11,24,20.40
21241,2010-01-18,13,13.48
21241,2010-01-25,56,47.60
21241,2010-02-01,24,20.40
21241,2010-02-08,29,28.70
21241,2010-02-15,30,25.50
21241,2010-02-22,14,12.71
21241,2010-03-01,14,12.71
21241,2010-03-08,28,25.42
21241,2010-03-15,27,23.76
21241,2010-03-22,66,57.72
21241,2010-03-29,63,55.98
21241,2010-04-05,36,30.60
21241,2010-04-12,136,103.12
21241,2010-04-19,62,55.13
21241,2010-04-26,58,49.30
21241,2010-05-03,16,13.60
21241,2010-05-10,104,75.92
21241,2010-05-17,36,30.60
21241,2010-05-24,194,153.23
21241,2010-05-31,21,21.90
21241,2010-06-07,66,56.91
21241,2010-06-14,30,27.12
21241,2010-06-21,59,54.20
21241,2010-06-28,105,90.87
21241,2010-07-05,33,28.86
21241,2010-07-12,106,90.91
21241,2010-07-19,34,28.90
21241,2010-07-26,55,47.56
21241,2010-08-02,2,3.32
21241,2010-08-09,21,18.66
21241,2010-08-16,77,66.26
21241,2010-08-23,23,20.36
21241,2010-08-30,21,21.90
21241,2010-09-06,7,6.76
21241,2010-09-13,136,107.98
21241,2010-09-27,66,56.10
21241,2010-10-04,59,50.15
21241,2010-10-11,18,15.30
21248,2009-11-30,15,23.73
21248,2009-12-07,1,3.43
21248,2009-12-14,157,73.57
21248,2010-01-04,25,10.57
21248,2010-01-11,7,11.11
21248,2010-01-18,7,10.57
21248,2010-01-25,14,20.30
21248,2010-02-01,24,30.00
21248,2010-02-08,12,17.40
21248,2010-02-22,5,7.25
21248,2010-03-01,3,4.35
21248,2010-03-15,12,15.00
21248,2010-03-22,1,1.45
21248,2010-04-05,3,4.35
21248,2010-04-12,28,40.60
21248,2010-04-19,73,105.36
21248,2010-04-26,1,1.45
21248,2010-05-03,25,36.25
21248,2010-05-10,6,8.70
21248,2010-05-24,13,16.45
21248,2010-05-31,31,46.86
21248,2010-06-07,5,14.89
21248,2010-06-14,7,10.15
21248,2010-06-21,3,4.35
21248,2010-06-28,2,4.81
21248,2010-07-12,14,20.30
21248,2010-07-19,16,23.20
21248,2010-08-02,3,4.35
21248,2010-08-16,18,26.10
21248,2010-08-23,86,47.66
21248,2010-09-06,26,37.70
21248,2010-09-27,1,1.45
21248,2010-10-11,2,2.90
21248,2010-10-18,1,1.45
21248,2010-10-25,12,17.40
21248,2010-11-01,10,16.41
21248,2010-11-08,12,17.40
21248,2010-11-15,83,120.35
21248,2010-11-22,81,119.36
21248,2010-12-06,1,1.45
21248,2010-12-13,3,6.26
21248,2011-01-03,2,2.90
21248,2011-01-10,4,13.44
21248,2011-01-17,1,1.45
21248,2011-02-07,6,8.70
21248,2011-02-14,14,23.98
21248,2011-02-21,1,3.29
21248,2011-03-14,7,10.15
21248,2011-03-21,1,1.45
21248,2011-03-28,1,3.29
21248,2011-04-04,1,1.45
21248,2011-05-02,3,4.35
21248,2011-05-09,4,5.80
21248,2011-05-16,2,2.90
21248,2011-05-30,12,17.40
21248,2011-06-06,2,2.90
21248,2011-06-13,4,11.32
21248,2011-07-11,14,20.30
21248,2011-07-25,3,6.19
21248,2011-08-01,4,5.80
21248,2011-08-08,7,11.99
21248,2011-08-15,24,34.80
21248,2011-08-22,12,17.40
21248,2011-08-29,5,7.25
21248,2011-09-05,1,1.45
21248,2011-09-19,3,4.35
21248,2011-10-03,1,1.45
21248,2011-10-10,2,2.90
21248,2011-10-17,4,5.80
21248,2011-10-24,4,5.80
21248,2011-10-31,2,6.58
21248,2011-11-07,5,7.25
21248,2011-11-14,7,10.15
21248,2011-11-21,9,16.73
21248,2011-11-28,15,21.75
21248,2011-12-05,14,20.30
21255,2009-11-30,33,59.79
21255,2009-12-07,16,28.18
21255,2009-12-14,71,127.13
21255,2009-12-21,4,13.72
21255,2010-01-04,7,11.55
21255,2010-01-11,41,90.09
21255,2010-01-18,72,116.04
21255,2010-01-25,40,69.42
21255,2010-02-01,47,82.68
21255,2010-02-08,21,39.78
21255,2010-02-15,55,102.72
21255,2010-02-22,16,28.11
21255,2010-03-01,2,5.01
21255,2010-03-15,3,6.66
21255,2010-03-22,40,66.00
21255,2010-03-29,1,1.65
21255,2010-04-05,4,6.60
21255,2010-04-12,3,4.95
21274,2009-11-30,3,38.25
21274,2009-12-07,6,76.50
21274,2009-12-14,4,51.00
21274,2010-01-04,5,63.75
21274,2010-01-11,2,25.50
21274,2010-01-18,2,50.98
21274,2010-01-25,2,25.50
21274,2010-02-01,4,63.74
21274,2010-02-08,7,89.25
21274,2010-02-15,3,38.25
21274,2010-02-22,8,127.48
21274,2010-03-01,6,76.50
21274,2010-03-08,1,25.49
21274,2010-03-15,4,51.00
21274,2010-03-22,4,51.00
21274,2010-03-29,5,63.75
21274,2010-04-05,7,89.25
21274,2010-04-12,4,51.00
21274,2010-04-19,5,63.75
21274,2010-04-26,7,127.47
21274,2010-05-03,4,51.00
21274,2010-05-10,8,114.74
21274,2010-05-17,8,114.74
21274,2010-05-24,4,63.74
21274,2010-06-07,11,140.25
21274,2010-06-14,7,89.25
21274,2010-06-21,5,63.75
21274,2010-06-28,5,63.75
21274,2010-07-05,4,51.00
21274,2010-07-12,1,12.75
21274,2010-07-19,4,51.00
21274,2010-07-26,3,50.99
21274,2010-08-02,2,25.50
21274,2010-08-16,3,38.25
21274,2010-08-23,1,12.75
21274,2010-09-13,1,12.75
21274,2010-09-20,1,12.75
21274,2010-09-27,1,25.49
21274,2010-10-04,2,25.50
21274,2010-10-11,1,25.49
21274,2010-10-18,1,12.75
21274,2010-10-25,2,25.50
21274,2010-11-01,9,113.09
21276,2009-11-30,1,6.95
21276,2009-12-07,197,399.15
21276,2009-12-14,221,463.74
21276,2010-01-04,192,470.40
21276,2010-01-11,52,121.40
21276,2010-01-18,6,41.70
21276,2010-02-08,3,20.85
21276,2010-02-15,3,20.85
21276,2010-04-05,2,13.90
21278,2009-12-07,3,10.27
21278,2009-12-14,31,97.39
21278,2009-12-21,1,5.17
21278,2010-01-04,12,30.60
21278,2010-01-11,9,30.48
21278,2010-01-18,9,30.48
21278,2010-01-25,2,7.61
21278,2010-02-01,4,10.20
21278,2010-02-08,2,10.12
21278,2010-02-15,19,63.51
21278,2010-02-22,8,25.42
21278,2010-03-01,15,40.76
21278,2010-03-15,14,40.72
21278,2010-03-22,1,2.55
21278,2010-03-29,13,35.66
21278,2010-04-05,8,22.91
21278,2010-04-19,16,50.84
21278,2010-04-26,5,15.26
21278,2010-05-03,3,12.67
21278,2010-05-10,8,25.42
21278,2010-05-24,30,76.50
21278,2010-05-31,7,27.89
21278,2010-06-07,2,5.10
21278,2010-06-14,13,33.15
21278,2010-06-21,2,7.61
21278,2010-06-28,6,15.30
21278,2010-07-12,1,5.06
21278,2010-07-19,7,20.36
21278,2010-07-26,2,5.10
21278,2010-08-02,4,12.71
21278,2010-08-09,1204,320.24
21278,2010-08-16,6,15.30
21278,2010-08-23,8,22.91
21278,2010-08-30,1,5.06
21278,2010-09-06,6,15.30
21278,2010-09-13,12,30.60
21278,2010-09-27,1200,300.00
21278,2010-10-04,7,17.85
21278,2010-10-11,1,5.06
21278,2010-10-18,7,20.36
21278,2010-11-08,9,22.95
21278,2010-11-15,2,5.10
21278,2010-11-22,6,15.30
21278,2010-11-29,1,2.55
21278,2011-01-03,6,15.30
21278,2011-01-31,6,15.30
21278,2011-03-28,6,15.30
21278,2011-06-13,18,45.90
21278,2011-07-11,7,17.85
21280,2009-11-30,6,15.30
21280,2009-12-07,49,43.35
21280,2009-12-14,289,249.97
21280,2009-12-21,7,20.47
21280,2010-01-04,246,219.30
21280,2010-01-11,6,15.30
21280,2010-01-18,50,110.92
21280,2010-01-25,1,2.55
21280,2010-02-01,3,7.65
21280,2010-02-08,1,5.06
21280,2010-02-15,2,7.61
21280,2010-02-22,1,5.06
21280,2010-03-01,4,12.71
21280,2010-03-08,6,15.30
21280,2010-03-15,1,5.06
21280,2010-03-22,1,2.55
21280,2010-03-29,6,15.30
21280,2010-04-05,2,7.61
21280,2010-04-19,8,25.42
21280,2010-05-03,1,2.55
21280,2010-05-24,30,76.50
21280,2010-05-31,3,10.16
21280,2010-06-07,1,2.55
21280,2010-06-21,1,2.55
21280,2010-06-28,9,22.95
21280,2010-07-19,7,20.36
21280,2010-07-26,2,5.10
21280,2010-08-02,2,5.10
21280,2010-08-09,1248,312.00
21280,2010-08-16,1,5.06
21280,2010-09-13,6,15.30
21280,2010-09-20,1,2.55
21280,2010-09-27,1249,317.06
21280,2010-10-18,4,10.20
21280,2010-10-25,6,15.30
21280,2010-11-08,2,7.61
21280,2010-11-22,6,15.30
21280,2011-01-10,6,15.30
21280,2011-03-28,6,15.30
21280,2011-04-11,7,17.85
21280,2011-04-18,2,5.10
21280,2011-05-02,6,15.30
21280,2011-05-09,6,15.30
21280,2011-06-13,2,5.10
21280,2011-07-25,6,15.30
21280,2011-08-15,6,15.30
21280,2011-08-22,12,30.60
21280,2011-11-07,6,15.30
21282,2009-11-30,25,98.65
21282,2009-12-07,5,30.05
21282,2009-12-14,65,264.25
21282,2010-01-11,24,90.00
21282,2010-01-18,3,12.75
21282,2010-01-25,6,50.82
21282,2010-02-08,2,8.50
21282,2010-02-15,5,29.69
21282,2010-02-22,6,25.50
21282,2010-03-01,3,12.75
21282,2010-03-08,1,8.47
21282,2010-03-15,3,12.75
21282,2010-03-22,3,12.75
21282,2010-03-29,2,16.94
21282,2010-04-05,6,25.50
21282,2010-04-12,1,4.25
21282,2010-04-19,2,8.50
21282,2010-04-26,6,25.50
21282,2010-05-03,8,42.44
21282,2010-05-10,1,4.25
21282,2010-05-17,12,51.00
21282,2010-05-24,5,21.25
21282,2010-05-31,2,8.50
21282,2010-06-07,3,12.75
21282,2010-06-14,6,25.50
21282,2010-07-12,1,4.25
21282,2010-07-26,8,34.00
21282,2010-08-09,9,38.25
21282,2010-08-16,12,51.00
21282,2010-08-23,2,8.50
21282,2010-09-06,4,17.00
21282,2010-09-13,1,8.47
21282,2010-09-27,9,38.25
21282,2010-10-04,45,176.25
21282,2010-10-11,25,106.25
21282,2010-10-18,7,29.75
21282,2010-11-01,24,90.00
21282,2010-11-08,17,72.25
21283,2009-11-30,1,6.91
21283,2009-12-07,34,105.82
21283,2009-12-14,79,240.07
21283,2009-12-21,2,10.16
21283,2010-01-04,1,3.25
21283,2010-01-11,27,75.75
21283,2010-01-18,3,9.75
21283,2010-01-25,6,40.62
21283,2010-02-01,12,39.00
21283,2010-02-08,24,66.00
21283,2010-02-15,4,13.00
21283,2010-02-22,6,19.50
21283,2010-03-01,8,24.50
21283,2010-03-08,4,13.00
21283,2010-03-15,15,48.75
21283,2010-03-22,3,9.75
21283,2010-04-05,6,19.50
21283,2010-04-12,3,9.75
21283,2010-04-19,5,14.75
21283,2010-04-26,3,9.75
21283,2010-05-03,11,42.79
21283,2010-05-10,1,3.25
21283,2010-05-17,13,45.77
21283,2010-05-31,8,26.00
21283,2010-06-07,27,75.75
21283,2010-06-14,6,19.50
21283,2010-06-21,1,6.77
21283,2010-07-12,1,3.25
21283,2010-07-26,5,16.25
21283,2010-08-02,24,78.00
21283,2010-08-09,12,39.00
21283,2010-08-16,14,45.50
21283,2010-09-06,5,16.25
21283,2010-09-13,1,6.77
21283,2010-09-27,24,78.00
21283,2010-10-04,28,91.00
21283,2010-10-11,48,144.00
21283,2010-10-18,11,35.75
21283,2010-11-01,27,75.75
21283,2010-11-08,8,26.00
21283,2010-11-15,3,9.75
21283,2010-11-22,13,45.77
21299,2009-11-30,7,102.54
21299,2009-12-07,1,12.75
21299,2009-12-14,2,25.50
21299,2009-12-21,8,102.00
21299,2010-01-04,2,25.50
21299,2010-01-11,1,12.75
21299,2010-01-18,2,38.24
21299,2010-01-25,1,25.49
21299,2010-02-01,1,12.75
21299,2010-02-08,1,12.75
21299,2010-02-15,1,25.49
21299,2010-02-22,7,49.19
21299,2010-03-01,114,450.30
21299,2010-03-08,18,71.10
21303,2009-11-30,5,75.95
21303,2009-12-07,5,84.75
21303,2009-12-14,6,110.69
21303,2010-01-18,4,67.80
21303,2010-01-25,2,33.90
21303,2010-02-01,3,84.95
21303,2010-02-08,1,16.95
21303,2010-02-15,2,33.90
21303,2010-02-22,5,57.80
21303,2010-03-01,55,360.25
21303,2010-03-08,8,58.60
21312,2009-11-30,2,13.50
21312,2010-01-18,2,20.32
21312,2010-01-25,1,13.57
21312,2010-02-01,6,40.50
21312,2010-02-08,2,13.50
21312,2010-02-22,104,618.80
21312,2010-03-01,1,13.57
21312,2010-04-12,2,13.50
21312,2010-04-19,1,6.75
21312,2010-06-14,1,6.75
21312,2010-06-28,8,54.00
21312,2010-07-19,2,27.14
21312,2010-08-02,64,124.80
21312,2010-08-09,32,62.40
21312,2010-08-16,49,107.17
21312,2010-08-23,22,42.90
21312,2010-09-06,1,6.75
21323,2009-11-30,28,111.40
21323,2009-12-07,2,17.30
21323,2009-12-14,18,80.90
21323,2010-01-11,300,840.00
21323,2010-02-01,1,4.25
21323,2010-02-15,1,4.25
21323,2010-02-22,4,21.22
21323,2010-03-08,8,42.44
21323,2010-03-15,9,40.97
21323,2010-03-22,3,12.75
21323,2010-03-29,5,23.97
21323,2010-04-05,2,8.50
21323,2010-04-12,4,17.00
21323,2010-04-19,12,67.88
21323,2010-04-26,5,21.25
21323,2010-05-03,6,29.72
21323,2010-05-10,8,42.44
21323,2010-05-17,9,55.13
21323,2010-05-24,7,38.19
21323,2010-05-31,3,25.41
21323,2010-06-07,24,106.22
21323,2010-06-14,17,80.69
21323,2010-06-21,11,50.97
21323,2010-06-28,3,12.75
21323,2010-07-05,10,59.38
21323,2010-07-12,8,42.44
21323,2010-07-19,236,666.47
21330,2009-11-30,39,80.37
21330,2009-12-07,54,90.22
21330,2009-12-14,34,61.44
21330,2009-12-21,12,37.60
21330,2010-01-04,60,99.00
21330,2010-01-11,5,13.38
21330,2010-01-18,29,54.69
21330,2010-01-25,415,611.59
21330,2010-02-01,27,49.68
21330,2010-02-08,9,26.82
21330,2010-02-15,59,105.90
21330,2010-02-22,44,74.31
21330,2010-03-01,17,36.60
21330,2010-03-08,11,23.28
21330,2010-03-15,1,1.65
21330,2010-03-22,21,34.65
21330,2010-03-29,15,38.43
21330,2010-04-05,49,82.56
21330,2010-04-12,100,165.00
21330,2010-04-19,7,16.68
21330,2010-04-26,34,57.81
21330,2010-05-03,2,6.72
21330,2010-05-10,20,36.42
21330,2010-05-17,28,53.04
21330,2010-05-24,17,36.60
21330,2010-05-31,18,31.41
21330,2010-06-07,9,21.69
21330,2010-06-14,139,212.77
21330,2010-06-21,25,42.96
21330,2010-06-28,13,21.45
21330,2010-07-05,13,21.45
21330,2010-07-12,17,28.05
21330,2010-07-19,5,8.25
21330,2010-07-26,12,19.80
21330,2010-10-04,16,26.40
21330,2010-10-11,27,44.55
21330,2010-10-18,10,16.50
21330,2010-10-25,18,29.70
21330,2010-11-01,25,41.25
21335,2009-11-30,1,21.95
21335,2009-12-07,4,87.80
21335,2009-12-14,3,65.85
21335,2010-01-04,1,21.95
21335,2010-01-11,2,65.38
21335,2010-01-25,2,43.90
21335,2010-02-01,3,65.85
21335,2010-02-15,2,43.90
21335,2010-02-22,1,21.95
21335,2010-03-01,1,21.95
21335,2010-03-15,2,64.46
21335,2010-03-29,6,119.70
21335,2010-04-05,2,43.90
21335,2010-04-19,2,85.02
21335,2010-05-03,4,75.80
21335,2010-05-10,2,64.46
21335,2010-05-17,4,75.80
21338,2009-11-30,2,11.90
21338,2009-12-07,17,108.20
21338,2009-12-14,8,47.60
21338,2010-01-11,163,652.00
21338,2010-01-25,2,11.90
21338,2010-02-08,1,5.95
21338,2010-02-15,3,17.85
21338,2010-03-01,1,5.95
21338,2010-04-12,2,11.90
21348,2009-11-30,14,44.39
21348,2009-12-07,169,253.75
21348,2009-12-14,56,89.78
21348,2009-12-21,27,38.85
21348,2010-01-04,38,71.30
21348,2010-01-11,12,47.63
21348,2010-01-18,43,114.05
21348,2010-02-08,2,5.90
21348,2010-02-15,14,41.30
21348,2010-03-01,6,15.30
21348,2010-03-08,6,15.30
21348,2010-03-15,11,32.45
21348,2010-03-22,12,35.40
21348,2010-03-29,8,21.20
21348,2010-04-05,17,50.15
21348,2010-04-12,8,23.60
21348,2010-04-19,10,27.10
21348,2010-05-03,4,11.80
21348,2010-05-10,3,8.85
21348,2010-05-17,8,26.56
21348,2010-05-24,6,17.70
21348,2010-05-31,12,35.40
21348,2010-06-07,4,11.80
21348,2010-06-14,6,17.70
21348,2010-06-21,8,23.60
21348,2010-06-28,3,8.85
21348,2010-07-05,1,2.95
21348,2010-07-19,27,79.65
21348,2010-08-09,6,17.70
21348,2010-08-16,14,41.30
21348,2010-08-30,2,8.86
21348,2010-09-06,4,20.68
21348,2010-09-13,2,5.90
21348,2010-09-20,2,5.90
21348,2010-10-04,4,14.76
21348,2010-10-18,25,64.15
21348,2010-10-25,32,87.76
21348,2010-11-01,10,38.38
21348,2010-11-08,41,111.35
21348,2010-11-15,20,59.56
21348,2010-11-22,7,23.61
21348,2010-11-29,1,5.91
21348,2010-12-13,25,64.15
21348,2010-12-20,1,5.91
21348,2011-01-10,1,2.95
21348,2011-01-17,1,2.95
21348,2011-01-24,112,285.60
21384,2009-11-30,25,25.50
21384,2009-12-07,80,68.00
21384,2009-12-14,73,62.90
21384,2010-01-04,24,20.40
21384,2010-01-11,49,42.46
21384,2010-01-18,64,57.64
21384,2010-01-25,132,112.20
21384,2010-02-01,40,34.81
21384,2010-02-08,82,70.51
21384,2010-02-15,132,115.44
21384,2010-02-22,103,88.36
21384,2010-03-01,134,118.76
21384,2010-03-08,194,164.21
21384,2010-03-15,104,88.52
21384,2010-03-22,161,141.71
21384,2010-03-29,181,299.28
21384,2010-04-05,138,121.35
21384,2010-04-12,37,31.45
21384,2010-04-19,50,48.98
21384,2010-04-26,117,100.26
21384,2010-05-10,1,0.85
21384,2010-05-17,2,1.70
21396,2009-11-30,22,47.12
21396,2009-12-07,68,89.36
21396,2009-12-14,72,94.36
21396,2009-12-21,96,101.76
21396,2010-01-04,12,15.00
21396,2010-01-11,34,55.37
21396,2010-01-18,128,176.88
21396,2010-01-25,84,109.22
21396,2010-02-01,126,143.48
21396,2010-02-08,21,32.58
21396,2010-02-15,20,27.11
21396,2010-03-01,123,135.51
21396,2010-03-08,24,30.00
21396,2010-03-15,39,48.75
21396,2010-03-22,30,37.50
21396,2010-03-29,24,30.00
21396,2010-04-26,8,10.00
21396,2010-05-10,17,21.25
21424,2009-11-30,10,29.50
21424,2009-12-07,1,6.04
21424,2010-01-11,13,41.31
21424,2010-01-25,7,23.61
21424,2010-02-08,6,17.70
21424,2010-02-15,12,53.16
21424,2010-02-22,1,5.91
21424,2010-03-01,2,11.82
21424,2010-03-29,3,17.73
21424,2010-04-05,12,35.40
21424,2010-04-19,1,5.91
21424,2010-04-26,6,17.70
21424,2010-05-03,14,36.50
21424,2010-05-10,1,5.91
21424,2010-05-17,54,140.10
21424,2010-05-24,8,35.44
21424,2010-06-07,60,157.80
21424,2010-06-21,1,2.95
21424,2010-06-28,18,53.10
21424,2010-07-05,1,5.91
21424,2010-07-19,6,17.70
21424,2010-07-26,12,35.40
21424,2010-08-02,56,89.52
21424,2010-08-09,228,346.68
21424,2010-08-16,6,17.70
21424,2010-08-23,24,30.00
21424,2010-08-30,1,6.77
21424,2010-09-06,2,11.82
21424,2010-09-20,10,29.50
21424,2010-09-27,3,19.45
21424,2010-10-04,2,13.54
21424,2010-10-11,4,27.08
21424,2010-10-18,15,78.63
21424,2010-10-25,2,5.90
21424,2010-11-01,3,11.81
21424,2010-11-08,1,6.77
21424,2010-11-15,1,2.95
21424,2010-11-22,2,5.90
21424,2010-12-13,6,17.70
21424,2011-01-10,48,122.40
21424,2011-01-17,26,74.46
21424,2011-01-31,7,46.41
21424,2011-02-07,4,26.52
21424,2011-02-14,5,18.43
21424,2011-02-21,14,92.82
21424,2011-03-07,9,59.67
21424,2011-03-14,5,33.15
21424,2011-03-21,6,39.78
21424,2011-03-28,8,53.04
21424,2011-04-04,25,73.75
21424,2011-04-11,5,33.15
21424,2011-05-23,1,6.63
21424,2011-05-30,2,5.90
21424,2011-06-06,9,55.99
21424,2011-06-13,4,26.52
21424,2011-06-20,5,33.15
21424,2011-06-27,48,122.40
21424,2011-07-04,1,6.63
21424,2011-07-11,12,35.40
21424,2011-07-18,1,6.63
21424,2011-08-08,18,93.58
21424,2011-08-15,2,9.58
21424,2011-08-22,5,33.15
21424,2011-08-29,1,6.63
21424,2011-09-05,6,17.70
21424,2011-09-12,5,33.15
21424,2011-09-19,11,50.85
21424,2011-09-26,6,39.78
21424,2011-10-03,33,98.79
21424,2011-10-10,7,24.33
21424,2011-10-24,1,2.95
21425,2009-11-30,9,26.55
21425,2009-12-07,2,8.99
21425,2009-12-14,8,29.78
21425,2009-12-21,2,8.99
21425,2010-01-04,6,17.70
21425,2010-01-11,8,29.52
21425,2010-01-18,2,11.82
21425,2010-01-25,1,2.95
21425,2010-02-01,2,8.86
21425,2010-03-15,2,5.90
21425,2010-03-29,1,2.95
21425,2010-04-05,10,29.50
21425,2010-04-19,7,23.61
21425,2010-04-26,7,20.65
21425,2010-05-03,13,33.55
21425,2010-05-17,1,5.91
21425,2010-05-24,1,2.95
21425,2010-06-21,1,2.95
21425,2010-07-05,3,14.77
21425,2010-07-12,9,26.55
21425,2010-07-26,6,17.70
21425,2010-08-09,241,329.81
21425,2010-08-16,12,35.40
21425,2010-08-23,5,17.71
21425,2010-08-30,3,12.67
21425,2010-09-20,10,43.92
21425,2010-09-27,12,58.32
21425,2010-10-04,6,17.70
21425,2010-10-11,15,50.17
21425,2010-10-18,2,13.54
21425,2010-10-25,8,27.42
21425,2010-11-08,2,8.86
21425,2010-11-15,1,6.77
21425,2010-12-13,1,2.95
21425,2010-12-20,2,12.68
21425,2011-01-03,1,6.77
21425,2011-01-10,27,81.37
21425,2011-01-17,3,19.89
21425,2011-02-14,1,2.95
21425,2011-02-21,1,2.95
21425,2011-03-14,1,2.95
21425,2011-04-04,7,20.65
21425,2011-05-09,1,6.63
21425,2011-05-16,2,13.26
21425,2011-08-08,2,13.26
21425,2011-08-15,2,5.90
21425,2011-08-29,1,2.95
21425,2011-09-05,1,6.63
21425,2011-09-26,6,17.70
21425,2011-10-10,4,11.80
21425,2011-10-24,2,13.26
21425,2011-10-31,12,35.40
21425,2011-11-14,1,2.95
21425,2011-11-21,2,13.26
21425,2011-11-28,1,6.63
21425,2011-12-05,6,17.70
21431,2009-11-30,54,96.22
21431,2009-12-07,44,79.72
21431,2009-12-14,40,74.90
21431,2009-12-21,8,20.32
21431,2010-01-04,3,4.95
21431,2010-01-11,10,19.99
21431,2010-01-18,11,23.28
21431,2010-01-25,17,29.76
21431,2010-02-01,8,13.20
21431,2010-02-08,32,54.51
21431,2010-02-15,31,56.28
21431,2010-02-22,35,57.75
21431,2010-03-01,20,36.42
21431,2010-03-08,24,39.60
21431,2010-03-15,24,39.60
21431,2010-03-22,26,42.90
21431,2010-03-29,15,24.75
21431,2010-04-05,47,77.55
21431,2010-04-12,26,42.90
21431,2010-04-19,58,87.81
21431,2010-04-26,60,99.00
21431,2010-05-03,30,51.21
21431,2010-05-10,40,67.71
21431,2010-05-17,12,21.51
21431,2010-05-31,23,37.95
21431,2010-06-07,55,102.72
21431,2010-06-14,65,119.22
21431,2010-06-21,204,301.62
21431,2010-06-28,24,41.31
21431,2010-07-05,13,23.16
21431,2010-07-12,32,52.80
21431,2010-07-19,11,21.57
21431,2010-07-26,39,66.06
21431,2010-08-02,23,37.95
21431,2010-08-09,16,29.82
21431,2010-08-16,2,3.30
21431,2010-08-23,24,39.60
21431,2010-08-30,30,51.21
21431,2010-09-06,73,127.29
21431,2010-09-13,63,105.66
21431,2010-09-20,39,66.06
21431,2010-09-27,29,49.56
21431,2010-10-04,26,44.61
21431,2010-10-11,20,33.00
21431,2010-11-15,2,3.30
21432,2009-11-30,61,344.95
21432,2009-12-07,29,173.60
21432,2009-12-14,27,175.80
21432,2009-12-21,2,11.90
21432,2010-01-04,6,35.70
21432,2010-01-11,20,119.00
21432,2010-01-18,17,101.15
21432,2010-01-25,14,83.30
21432,2010-02-01,6,33.70
21432,2010-02-08,27,160.65
21432,2010-02-15,15,83.25
21432,2010-02-22,11,61.45
21432,2010-03-01,30,172.50
21432,2010-03-08,24,130.80
21432,2010-03-15,6,35.70
21432,2010-03-22,16,95.20
21432,2010-03-29,10,55.50
21432,2010-04-05,24,136.80
21432,2010-04-19,10,59.50
21432,2010-04-26,17,95.15
21432,2010-05-03,29,160.55
21432,2010-05-10,3,17.85
21432,2010-05-17,34,190.30
21432,2010-05-24,6,35.70
21432,2010-05-31,59,327.05
21432,2010-06-07,17,101.15
21432,2010-06-14,79,445.55
21432,2010-06-21,24,136.80
21432,2010-06-28,54,303.30
21432,2010-07-05,5,29.75
21432,2010-07-12,10,59.50
21432,2010-07-19,8,47.60
21432,2010-07-26,25,142.75
21432,2010-08-02,5,29.75
21432,2010-08-09,31,172.45
21432,2010-08-16,27,160.65
21432,2010-08-23,16,95.20
21432,2010-08-30,18,104.10
21432,2010-09-06,31,185.22
21432,2010-09-13,20,119.00
21432,2010-09-20,41,225.95
21432,2010-09-27,7,41.65
21432,2010-10-11,7,41.65
21432,2010-10-18,7,41.65
21432,2010-10-25,2,11.90
21432,2010-11-01,2,11.90
21432,2010-11-08,2,11.90
21432,2010-11-15,2,25.44
21437,2009-12-07,4,15.00
21437,2009-12-14,8,30.00
21437,2010-01-04,220,652.20
21437,2010-01-11,5,18.75
21437,2010-01-18,50,191.37
21437,2010-01-25,40,157.74
21437,2010-02-01,19,75.12
21437,2010-02-08,29,108.75
21437,2010-02-15,98,309.90
21437,2010-02-22,36,135.00
21437,2010-03-01,47,176.25
21437,2010-03-08,77,315.84
21437,2010-03-15,28,105.00
21437,2010-03-22,17,63.75
21438,2009-11-30,20,75.00
21438,2009-12-07,4,15.00
21438,2009-12-14,1,3.75
21438,2010-01-04,232,697.20
21438,2010-01-11,6,26.37
21438,2010-01-18,22,82.50
21438,2010-01-25,64,240.00
21438,2010-02-01,21,78.75
21438,2010-02-15,1,3.75
21438,2010-02-22,1,3.75
21438,2010-03-01,4,15.00
21438,2010-03-08,1,3.75
21438,2010-03-15,1,3.75
21444,2009-11-30,6,38.62
21444,2009-12-07,7,26.25
21444,2009-12-14,3,19.31
21444,2009-12-21,1,7.78
21444,2010-01-04,16,60.00
21444,2010-01-11,213,542.62
21444,2010-01-18,3,11.25
21444,2010-01-25,7,26.25
21444,2010-02-01,1,3.75
21444,2010-02-15,5,18.75
21444,2010-02-22,4,30.48
21444,2010-03-01,8,30.00
21444,2010-03-08,4,30.48
21444,2010-03-15,2,11.37
21444,2010-03-22,9,37.62
21444,2010-04-26,2,7.50
21473,2009-12-07,1,19.95
21473,2010-01-04,1,19.95
21473,2010-01-18,1,19.95
21473,2010-01-25,3,59.85
21473,2010-02-08,5,99.75
21473,2010-03-01,2,39.90
21473,2010-03-08,1,19.95
21473,2010-03-22,2,39.90
21473,2010-04-12,2,39.90
21473,2010-04-19,6,119.70
21473,2010-04-26,4,79.80
21473,2010-05-03,10,199.50
21473,2010-05-10,2,39.90
21473,2010-05-17,9,179.55
21473,2010-05-24,2,39.90
21473,2010-05-31,15,299.25
21473,2010-06-07,9,179.55
21473,2010-06-14,11,219.45
21473,2010-06-21,6,119.70
21473,2010-06-28,8,159.60
21473,2010-07-05,6,119.70
21473,2010-07-12,15,299.25
21473,2010-07-26,2,39.90
21473,2010-08-02,1,19.95
21473,2010-08-09,3,59.85
21473,2010-09-06,1,19.95
21473,2010-11-08,1,19.95
21473,2010-11-22,1,19.95
21473,2010-12-13,1,19.95
21473,2011-02-21,1,19.95
21473,2011-03-21,1,19.95
21473,2011-03-28,1,19.95
21473,2011-04-04,1,19.95
21473,2011-04-11,2,39.90
21473,2011-04-25,2,39.90
21473,2011-05-16,3,139.86
21473,2011-05-23,3,59.85
21473,2011-06-13,2,39.90
21473,2011-06-27,1,19.95
21473,2011-07-04,1,19.95
21473,2011-08-01,2,39.90
21473,2011-08-22,1,19.95
21473,2011-09-26,3,59.85
21473,2011-10-10,1,19.95
21473,2011-11-14,1,19.95
21474,2010-01-18,1,19.95
21474,2010-02-01,2,39.90
21474,2010-02-08,6,119.70
21474,2010-02-22,3,59.85
21474,2010-03-01,3,59.85
21474,2010-03-22,7,139.65
21474,2010-03-29,2,39.90
21474,2010-04-05,2,39.90
21474,2010-04-12,13,259.35
21474,2010-04-19,4,79.80
21474,2010-04-26,8,159.60
21474,2010-05-03,24,478.80
21474,2010-05-10,6,119.70
21474,2010-05-17,16,319.20
21474,2010-05-24,8,159.60
21474,2010-05-31,19,379.05
21474,2010-06-07,17,339.15
21474,2010-06-14,14,279.30
21474,2010-06-21,10,199.50
21474,2010-06-28,12,239.40
21474,2010-07-05,9,179.55
21474,2010-07-12,6,119.70
21474,2010-07-26,6,119.70
21474,2010-08-02,1,19.95
21474,2010-08-09,6,119.70
21474,2010-08-16,2,39.90
21474,2010-09-06,3,59.85
21476,2010-01-18,2,29.90
21476,2010-01-25,6,89.70
21476,2010-02-15,2,29.90
21476,2010-02-22,4,59.80
21476,2010-03-01,3,44.85
21476,2010-03-08,2,29.90
21476,2010-03-22,3,44.85
21476,2010-04-12,1,14.95
21476,2010-04-19,7,104.65
21476,2010-04-26,6,89.70
21476,2010-05-03,6,134.28
21476,2010-05-10,1,14.95
21476,2010-05-17,13,194.35
21476,2010-05-24,13,159.70
21476,2010-05-31,6,89.70
21476,2010-06-07,2,29.90
21476,2010-06-14,2,29.90
21476,2010-06-21,5,74.75
21476,2010-06-28,6,89.70
21476,2010-07-05,2,29.90
21476,2010-07-12,4,59.80
21476,2010-07-26,2,29.90
21476,2010-08-02,1,14.95
21476,2010-08-09,1,14.95
21476,2010-08-16,1,14.95
21476,2010-09-27,1,14.95
21476,2010-11-15,1,14.95
21476,2011-01-24,2,29.90
21476,2011-02-21,1,14.95
21476,2011-03-14,1,14.95
21476,2011-04-04,6,89.70
21476,2011-04-11,3,44.85
21476,2011-04-25,2,29.90
21476,2011-05-09,1,14.95
21476,2011-05-23,12,179.40
21476,2011-06-13,3,88.19
21476,2011-06-20,4,103.14
21476,2011-07-18,1,14.95
21476,2011-08-15,2,29.90
21476,2011-10-10,1,14.95
21476,2011-10-17,2,29.90
21477,2009-11-30,39,487.83
21477,2009-12-07,40,474.00
21477,2009-12-14,28,432.03
21477,2010-01-04,11,122.25
21477,2010-01-11,152,1694.58
21477,2010-02-15,1,12.75
21477,2010-03-01,1,12.75
21477,2010-03-29,1,12.75
21478,2009-11-30,7,54.46
21478,2010-01-18,2,7.50
21478,2010-01-25,8,30.00
21478,2010-02-01,14,52.50
21478,2010-02-08,9,33.75
21478,2010-02-15,5,18.75
21478,2010-02-22,3,11.25
21478,2010-03-08,2,7.50
21478,2010-03-15,1,3.75
21478,2010-03-22,13,48.75
21478,2010-03-29,3,11.25
21478,2010-04-05,1,3.75
21478,2010-04-19,1,3.75
21478,2010-05-17,3,11.25
21478,2010-06-21,1,3.75
21478,2010-07-12,12,45.00
21478,2010-07-26,2,7.50
21478,2010-08-02,2,7.50
21478,2010-08-09,2,7.50
21478,2010-08-16,1,3.75
21478,2010-08-23,1,3.75
21478,2010-09-06,4,15.00
21478,2010-09-13,4,18.87
21478,2010-09-20,6,26.37
21478,2010-09-27,65,277.68
21478,2010-10-04,20,94.35
21478,2010-10-11,2,7.50
21478,2010-10-18,9,33.75
21478,2010-10-25,4,15.00
21480,2009-11-30,125,382.16
21480,2009-12-07,70,219.91
21480,2009-12-14,89,288.32
21480,2009-12-21,2,12.08
21482,2009-11-30,57,192.87
21482,2009-12-07,57,177.42
21482,2009-12-14,203,625.67
21482,2009-12-21,67,217.24
21482,2010-01-04,28,82.60
21482,2010-01-11,40,120.96
21482,2010-01-18,3,8.85
21482,2010-01-25,19,59.01
21482,2010-02-01,61,171.47
21482,2010-02-08,10,29.50
21482,2010-02-15,21,61.95
21482,2010-02-22,5,14.75
21482,2010-03-01,6,20.66
21482,2010-03-08,3,11.81
21482,2010-03-15,2,8.86
21482,2010-03-22,14,44.26
21482,2010-03-29,2,11.82
21482,2010-04-05,3,17.73
21482,2010-04-19,1,5.91
21482,2010-05-10,2,5.90
21482,2010-05-17,36,91.80
21482,2010-05-24,1,5.91
21482,2010-05-31,3,11.81
21482,2010-06-07,2,11.82
21482,2010-06-14,12,35.40
21482,2010-06-21,6,17.70
21482,2010-08-16,6,17.70
21482,2010-08-23,9,26.55
21482,2010-08-30,4,11.80
21482,2010-09-13,2,5.90
21482,2010-09-20,7,20.65
21482,2010-09-27,5,17.71
21482,2010-10-04,32,100.32
21482,2010-10-11,15,44.25
21490,2009-11-30,606,1112.55
21490,2009-12-07,9,38.70
21490,2009-12-14,2,3.90
21490,2009-12-21,7,30.10
21490,2010-09-13,14,27.30
21490,2010-09-20,1,1.95
21491,2009-11-30,366,677.25
21491,2009-12-07,231,476.30
21491,2009-12-14,145,322.70
21491,2009-12-21,16,31.20
21491,2010-03-15,6,11.70
21491,2010-06-28,6,11.70
21491,2010-07-19,12,23.40
21491,2010-07-26,146,258.16
21491,2010-08-02,14,27.30
21491,2010-08-09,26,50.70
21491,2010-08-16,41,82.21
21491,2010-08-23,37,72.15
21491,2010-08-30,50,83.10
21491,2010-09-06,92,165.00
21491,2010-09-13,26,50.70
21491,2010-09-20,380,692.44
21491,2010-09-27,379,695.85
21491,2010-10-04,137,267.15
21491,2010-10-11,231,407.25
21491,2010-10-18,285,512.55
21491,2010-10-25,68,132.60
21491,2010-11-01,190,327.30
21491,2010-11-15,12,23.40
21491,2010-12-13,1,1.95
21529,2009-11-30,14,61.25
21529,2009-12-07,15,56.93
21529,2009-12-14,33,119.03
21529,2009-12-21,2,9.49
21529,2010-01-04,10,34.50
21529,2010-01-11,15,59.52
21529,2010-01-18,36,136.50
21529,2010-01-25,10,36.96
21529,2010-02-01,19,65.55
21529,2010-02-08,5,19.71
21529,2010-02-15,65,206.25
21529,2010-02-22,33,107.31
21529,2010-03-01,10,34.50
21529,2010-03-08,3,15.27
21529,2010-03-15,23,79.35
21529,2010-03-22,43,141.81
21529,2010-03-29,2,11.82
21529,2010-04-05,19,65.55
21529,2010-04-12,9,31.05
21529,2010-04-19,26,94.62
21529,2010-04-26,14,50.76
21529,2010-05-03,15,48.75
21529,2010-05-10,8,32.52
21529,2010-05-17,12,46.32
21529,2010-05-24,8,27.60
21529,2010-05-31,6,30.54
21529,2010-06-07,24,76.80
21529,2010-06-14,8,27.60
21529,2010-06-21,6,23.16
21529,2010-06-28,14,48.30
21529,2010-07-05,2,11.82
21529,2010-07-26,1,3.45
21529,2010-08-09,2,6.90
21529,2010-09-13,1,3.45
21532,2009-11-30,4,8.40
21532,2009-12-07,1,4.30
21532,2009-12-14,8,19.00
21532,2009-12-21,1,4.30
21532,2010-01-04,7,14.70
21532,2010-01-11,6,16.82
21532,2010-01-18,3,8.41
21532,2010-02-08,20,42.00
21532,2010-02-15,20,42.00
21532,2010-02-22,13,27.30
21532,2010-03-01,15,35.72
21532,2010-03-08,2,6.31
21532,2010-03-15,3,6.30
21532,2010-03-22,19,39.90
21532,2010-03-29,1,2.10
21532,2010-04-05,12,25.20
21532,2010-04-12,6,12.60
21532,2010-04-19,20,44.11
21532,2010-04-26,5,10.50
21532,2010-05-03,5,12.61
21532,2010-05-10,8,16.80
21532,2010-05-17,7,16.81
21532,2010-05-24,1147,885.90
21532,2010-05-31,4,8.40
21532,2010-06-07,1,2.10
21532,2010-06-14,6,12.60
21532,2010-06-21,13,29.41
21532,2010-06-28,14,29.40
21532,2010-07-05,3,8.41
21532,2010-07-12,7,14.70
21532,2010-08-09,1,2.10
21532,2010-08-16,1,2.10
21532,2010-08-23,3,6.30
21532,2010-08-30,1,2.10
21532,2010-09-20,1,2.10
21532,2010-10-11,1,2.10
21540,2009-11-30,11,51.15
21540,2009-12-07,18,67.50
21540,2009-12-14,6,29.90
21540,2009-12-21,1,4.25
21540,2010-01-04,2,8.50
21540,2010-01-11,4,21.22
21540,2010-01-18,11,50.97
21540,2010-01-25,2,12.72
21540,2010-02-01,4,21.22
21540,2010-02-08,8,34.00
21540,2010-02-15,9,38.25
21540,2010-02-22,3,12.75
21540,2010-03-01,4,21.22
21540,2010-03-08,1,8.47
21540,2010-03-15,9,38.25
21540,2010-03-22,7,29.75
21540,2010-04-05,5,21.25
21540,2010-04-12,6,25.50
21540,2010-04-19,4,17.00
21540,2010-04-26,6,25.50
21540,2010-05-03,7,29.75
21540,2010-05-10,6,25.50
21540,2010-05-17,4,17.00
21540,2010-05-24,1100,1381.00
21540,2010-05-31,2,8.50
21540,2010-06-07,2,8.50
21540,2010-06-14,8,34.00
21540,2010-06-28,18,67.50
21540,2010-07-05,6,33.94
21540,2010-07-12,11,46.75
21540,2010-08-02,4,17.00
21540,2010-08-16,1,4.25
21540,2010-08-23,21,80.25
21540,2010-08-30,1,4.25
21540,2010-09-06,13,105.89
21541,2009-11-30,219,148.70
21541,2009-12-07,44,49.30
21541,2009-12-14,6,8.50
21541,2009-12-21,5,5.95
21541,2010-01-11,2,3.36
21541,2010-01-18,33,30.48
21541,2010-01-25,7,5.95
21541,2010-02-01,27,22.95
21541,2010-02-08,47,39.95
21541,2010-02-15,37,32.26
21541,2010-02-22,157,136.69
21541,2010-03-01,46,39.10
21541,2010-03-08,33,25.65
21541,2010-03-15,24,20.40
21541,2010-03-22,68,58.61
21541,2010-03-29,18,13.71
21541,2010-04-05,12,10.20
21541,2010-04-12,48,40.80
21541,2010-04-19,9,9.27
21541,2010-04-26,31,28.78
21541,2010-05-10,26,22.10
21541,2010-05-17,32,27.20
21541,2010-05-24,124,108.64
21541,2010-05-31,27,25.38
21541,2010-06-07,27,23.76
21541,2010-06-14,48,40.80
21541,2010-06-21,24,23.64
21541,2010-06-28,99,84.15
21541,2010-07-05,50,44.12
21541,2010-07-12,10,8.50
21541,2010-07-19,80,68.81
21541,2010-07-26,54,46.71
21541,2010-08-02,59,53.39
21541,2010-08-09,24,20.40
21541,2010-08-16,25,22.06
21541,2010-08-23,36,30.60
21541,2010-08-30,29,27.08
21541,2010-09-06,44,37.40
21541,2010-09-13,45,40.68
21541,2010-09-20,30,27.93
21541,2010-09-27,50,43.31
21541,2010-10-04,40,34.00
21541,2010-10-11,49,42.46
21541,2010-10-18,1,1.66
21541,2010-11-15,1,0.85
21542,2009-11-30,57,52.70
21542,2009-12-07,64,60.35
21542,2009-12-14,49,44.20
21542,2009-12-21,17,15.30
21542,2010-01-04,212,140.20
21542,2010-01-11,44,41.53
21542,2010-01-18,29,26.27
21542,2010-01-25,31,26.35
21542,2010-02-01,32,27.20
21542,2010-02-08,99,84.96
21542,2010-02-15,9,12.51
21542,2010-02-22,105,93.30
21542,2010-03-01,41,36.47
21542,2010-03-08,15,12.75
21542,2010-03-15,37,32.26
21542,2010-03-22,54,47.52
21542,2010-03-29,32,28.85
21542,2010-04-05,66,56.10
21542,2010-04-12,24,20.40
21542,2010-04-19,60,51.00
21542,2010-04-26,57,48.45
21542,2010-05-10,54,45.90
21542,2010-05-17,79,67.15
21542,2010-05-24,66,56.91
21542,2010-05-31,1,1.66
21542,2010-06-07,58,49.30
21542,2010-06-14,61,55.09
21542,2010-06-21,32,28.01
21542,2010-06-28,90,76.50
21542,2010-07-05,96,84.03
21542,2010-07-12,36,31.41
21542,2010-07-19,70,59.50
21542,2010-07-26,83,71.36
21542,2010-08-02,20,17.81
21542,2010-09-27,1,0.85
21542,2010-10-04,1,0.85
21545,2009-11-30,2,8.99
21545,2009-12-07,14,44.39
21545,2009-12-14,4,17.98
21545,2009-12-21,2,12.08
21545,2010-01-04,1,2.95
21545,2010-01-11,226,455.91
21545,2010-01-18,6,20.66
21545,2010-01-25,22,64.90
21545,2010-02-01,2,5.90
21545,2010-02-08,3,8.85
21545,2010-02-15,12,35.40
21545,2010-02-22,157,326.35
21545,2010-03-01,15,47.21
21545,2010-03-08,5,23.63
21545,2010-03-15,9,26.55
21545,2010-03-22,25,73.75
21545,2010-03-29,15,47.77
21545,2010-04-05,3,8.85
21545,2010-04-12,5,14.75
21545,2010-04-19,3,11.81
21545,2010-04-26,10,32.46
21545,2010-05-03,7,18.25
21545,2010-05-10,4,14.76
21545,2010-05-17,6,17.70
21545,2010-06-07,3,8.85
21545,2010-06-21,8,26.56
21545,2010-06-28,6,17.70
21545,2010-07-05,9,26.55
21545,2010-07-12,6,17.70
21545,2010-07-19,108,203.86
21548,2009-11-30,17,59.42
21548,2009-12-07,11,47.90
21548,2009-12-14,2,5.90
21548,2009-12-21,13,41.44
21548,2010-01-04,1,2.95
21548,2010-01-11,226,455.91
21548,2010-01-18,5,17.71
21548,2010-01-25,13,38.35
21548,2010-02-08,3,8.85
21548,2010-02-15,1,5.91
21548,2010-02-22,153,317.51
21548,2010-03-01,27,94.45
21548,2010-03-08,6,35.46
21548,2010-03-15,19,56.05
21548,2010-03-22,25,76.71
21548,2010-03-29,20,59.56
21548,2010-04-05,6,23.62
21548,2010-04-12,16,47.20
21548,2010-04-19,12,41.32
21548,2010-04-26,5,14.75
21548,2010-05-03,11,33.01
21548,2010-05-10,4,17.72
21548,2010-05-17,6,17.70
21548,2010-06-07,12,35.40
21548,2010-06-14,7,23.61
21548,2010-06-21,1,2.95
21548,2010-06-28,8,23.60
21548,2010-07-05,1,2.95
21548,2010-07-26,10,29.50
21548,2010-08-02,8,29.52
21548,2010-08-23,22,70.82
21548,2010-08-30,7,23.61
21548,2010-09-13,4,11.80
21548,2010-09-20,2,5.90
21548,2010-09-27,3,8.85
21548,2010-10-11,1,2.95
21548,2010-10-25,1,5.91
21548,2010-11-01,2,5.90
21549,2009-11-30,3,8.85
21549,2009-12-07,16,47.20
21549,2009-12-14,4,17.98
21549,2009-12-21,1,2.95
21549,2010-01-04,4,11.80
21549,2010-01-11,242,485.90
21549,2010-01-18,4,14.76
21549,2010-01-25,15,44.25
21549,2010-02-15,13,41.31
21549,2010-02-22,154,317.50
21549,2010-03-01,23,70.81
21549,2010-03-08,1,5.91
21549,2010-03-15,9,29.51
21549,2010-03-22,32,97.36
21549,2010-03-29,18,50.70
21549,2010-04-05,3,8.85
21549,2010-04-12,5,14.75
21550,2009-11-30,14,77.30
21550,2009-12-07,13,77.35
21550,2009-12-14,10,66.55
21550,2009-12-21,1,13.00
21550,2010-01-04,2,11.90
21550,2010-01-11,122,491.90
21550,2010-01-18,9,53.55
21550,2010-01-25,22,130.90
21550,2010-02-01,1,12.72
21550,2010-02-15,2,25.44
21550,2010-02-22,4,23.80
21550,2010-03-01,26,142.70
21550,2010-03-08,7,75.50
21550,2010-03-15,6,35.70
21550,2010-03-22,10,59.50
21550,2010-03-29,9,53.55
21550,2010-04-05,6,35.70
21550,2010-04-12,5,29.75
21550,2010-04-19,9,53.55
21550,2010-04-26,19,107.05
21550,2010-05-03,3,17.85
21550,2010-05-17,1,5.95
21551,2009-11-30,17,108.20
21551,2009-12-07,12,71.40
21551,2009-12-14,17,122.30
21551,2010-01-04,17,95.15
21551,2010-01-11,104,416.00
21551,2010-01-18,1,5.95
21551,2010-01-25,1,5.95
21552,2009-11-30,22,124.90
21552,2009-12-07,15,96.30
21552,2009-12-14,22,130.90
21552,2009-12-21,1,13.00
21552,2010-01-04,20,113.00
21552,2010-01-11,75,300.00
21552,2010-05-10,4,23.80
21552,2010-05-17,5,29.75
21552,2010-05-24,1,5.95
21552,2010-05-31,1,5.95
21554,2009-11-30,21,126.00
21554,2009-12-07,11,65.45
21554,2009-12-14,5,36.80
21554,2010-01-04,8,47.60
21554,2010-01-11,120,480.00
21554,2010-01-18,3,17.85
21589,2009-11-30,120,284.40
21589,2009-12-07,21,53.55
21589,2009-12-14,46,117.30
21589,2009-12-21,2,5.10
21589,2010-01-04,196,413.40
21589,2010-01-11,1,2.55
21589,2010-01-18,57,123.75
21589,2010-01-25,29,73.95
21589,2010-02-08,24,61.20
21589,2010-02-15,13,33.15
21589,2010-02-22,4,10.20
21589,2010-03-01,52,111.00
21589,2010-03-08,12,30.60
21589,2010-03-15,12,30.60
21589,2010-03-22,12,30.60
21589,2010-03-29,12,30.60
21589,2010-04-05,37,94.35
21589,2010-04-12,55,118.65
21589,2010-04-19,36,91.80
21589,2010-04-26,20,51.00
21589,2010-05-03,26,66.30
21589,2010-05-10,56,121.20
21589,2010-05-17,72,162.00
21589,2010-05-24,18,45.90
21589,2010-05-31,16,40.80
21589,2010-06-07,92,213.00
21589,2010-06-14,78,166.50
21590,2009-11-30,410,485.14
21590,2009-12-07,145,181.25
21590,2009-12-14,134,167.50
21590,2009-12-21,1,1.25
21590,2010-01-04,10,12.50
21590,2010-01-11,30,37.50
21590,2010-01-18,47,58.75
21590,2010-01-25,105,131.25
21590,2010-02-01,37,46.25
21590,2010-02-08,76,95.00
21590,2010-02-15,76,95.00
21590,2010-02-22,40,50.00
21590,2010-03-01,467,501.67
21590,2010-03-08,29,36.25
21590,2010-03-15,214,267.50
21590,2010-03-22,44,55.00
21590,2010-03-29,52,60.44
21590,2010-04-05,51,63.75
21590,2010-04-12,207,231.39
21590,2010-04-19,104,130.00
21590,2010-04-26,55,68.75
21590,2010-05-03,42,52.50
21590,2010-05-10,61,76.25
21590,2010-05-17,42,52.50
21590,2010-05-24,102,127.50
21590,2010-05-31,76,95.00
21590,2010-06-07,170,212.50
21590,2010-06-14,81,101.25
21590,2010-06-21,7,8.75
21590,2010-06-28,48,60.00
21590,2010-07-05,19,23.75
21590,2010-07-12,22,27.50
21590,2010-07-19,148,157.64
21590,2010-07-26,7,8.75
21590,2010-08-02,9,11.25
21590,2010-08-09,15,18.75
21590,2010-08-16,27,33.75
21590,2010-08-30,1,1.25
21590,2010-09-06,15,18.75
21590,2010-09-13,9,11.25
21590,2010-09-20,14,17.50
21590,2010-09-27,32,40.00
21590,2010-10-04,39,48.75
21590,2010-10-11,10,12.50
21590,2010-10-18,48,60.00
21590,2010-10-25,8,10.00
21590,2010-11-01,35,43.75
21590,2010-11-08,35,43.75
21593,2009-11-30,88,110.00
21593,2009-12-07,30,37.50
21593,2009-12-14,103,128.75
21593,2009-12-21,2,2.50
21593,2010-01-04,602,643.06
21593,2010-01-11,16,20.00
21593,2010-01-18,10,12.50
21593,2010-01-25,27,33.75
21593,2010-02-01,68,85.00
21593,2010-02-15,3,3.75
21593,2010-02-22,29,36.25
21593,2010-03-01,44,55.00
21593,2010-03-08,72,90.00
21593,2010-03-15,96,120.00
21593,2010-03-22,26,32.50
21593,2010-03-29,1,1.25
21593,2010-04-05,31,38.75
21593,2010-04-12,14,17.50
21593,2010-04-19,27,33.75
21593,2010-04-26,16,20.00
21593,2010-05-03,24,30.00
21593,2010-05-10,15,18.75
21593,2010-05-17,48,60.00
21610,2009-11-30,80,216.80
21610,2009-12-07,26,76.70
21610,2009-12-14,5,17.84
21610,2010-01-04,13,38.35
21610,2010-01-11,2,5.90
21610,2010-01-18,1,2.95
21610,2010-01-25,7,20.65
21610,2010-02-01,16,50.16
21610,2010-02-08,18,53.10
21610,2010-02-22,12,35.40
21610,2010-03-01,12,35.40
21610,2010-03-08,12,33.00
21610,2010-03-15,66,170.70
21610,2010-03-22,6,17.70
21610,2010-03-29,9,24.15
21610,2010-04-05,15,44.25
21610,2010-04-12,4,11.80
21610,2010-04-19,48,122.40
21610,2010-05-03,1,2.95
21610,2010-05-10,6,17.70
21610,2010-05-17,26,76.70
21610,2010-05-24,13,41.31
21610,2010-05-31,3,8.85
21610,2010-06-07,4,11.80
21610,2010-06-14,6,17.70
21610,2010-06-21,2,5.90
21610,2010-06-28,7,20.65
21610,2010-07-05,1,2.95
21610,2010-07-12,2,8.86
21610,2010-07-19,7,20.65
21610,2010-07-26,6,17.70
21610,2010-08-09,15,44.25
21610,2010-08-16,3,8.85
21610,2010-08-23,2,5.90
21610,2010-09-06,20,59.00
21610,2010-09-20,18,53.10
21610,2010-09-27,20,59.00
21610,2010-10-11,4,11.80
21610,2010-10-18,7,20.65
21610,2010-10-25,1,2.95
21610,2010-11-01,2,5.90
21610,2010-11-08,13,38.35
21610,2010-11-15,8,23.60
21611,2009-11-30,57,171.24
21611,2009-12-07,37,112.24
21611,2009-12-14,27,88.92
21611,2010-01-04,5,14.75
21611,2010-01-11,3,8.85
21611,2010-01-18,10,32.46
21611,2010-01-25,1,2.95
21611,2010-02-01,2,5.90
21611,2010-02-08,20,59.00
21611,2010-02-15,9,26.55
21611,2010-02-22,28,82.60
21611,2010-03-01,17,50.15
21611,2010-03-15,6,17.70
21611,2010-03-22,18,53.10
21611,2010-03-29,2,5.90
21611,2010-04-05,18,56.06
21611,2010-04-12,107,277.25
21611,2010-04-19,51,131.25
21611,2010-04-26,8,23.60
21611,2010-05-03,10,29.50
21611,2010-05-10,22,70.82
21611,2010-05-17,33,97.35
21611,2010-05-24,7,20.65
21611,2010-05-31,1,2.95
21611,2010-06-07,3,8.85
21611,2010-06-14,26,76.70
21611,2010-06-21,28,82.60
21611,2010-06-28,10,29.50
21611,2010-07-05,12,35.40
21611,2010-07-12,8,23.60
21611,2010-07-19,10,29.50
21611,2010-07-26,20,59.00
21611,2010-08-02,2,5.90
21611,2010-08-09,20,59.00
21611,2010-08-16,13,38.35
21611,2010-08-23,14,41.30
21611,2010-08-30,4,11.80
21611,2010-09-06,5,14.75
21611,2010-09-13,10,29.50
21611,2010-09-20,20,59.00
21611,2010-09-27,22,64.90
21611,2010-10-04,18,53.10
21611,2010-10-11,2,5.90
21611,2010-10-18,5,14.75
21611,2010-10-25,3,8.85
21612,2009-11-30,14,50.57
21612,2009-12-07,22,74.17
21612,2009-12-14,11,35.54
21612,2010-01-04,6,17.70
21612,2010-01-11,9,26.55
21612,2010-01-18,13,38.35
21612,2010-01-25,7,20.65
21612,2010-02-01,6,17.70
21612,2010-02-08,19,56.05
21612,2010-02-15,7,20.65
21612,2010-02-22,19,56.05
21612,2010-03-01,37,109.15
21612,2010-03-08,20,62.52
21612,2010-03-15,66,192.30
21612,2010-03-22,18,53.10
21612,2010-04-05,50,128.30
21612,2010-04-12,5,14.75
21612,2010-04-19,102,262.50
21612,2010-05-03,1,2.95
21612,2010-05-10,14,47.22
21612,2010-05-17,15,47.21
21612,2010-05-24,14,44.26
21612,2010-05-31,8,23.60
21612,2010-06-07,52,134.20
21612,2010-06-14,16,47.20
21612,2010-06-21,24,79.68
21612,2010-06-28,30,88.50
21612,2010-07-05,29,85.55
21612,2010-07-12,30,88.50
21612,2010-07-19,7,20.65
21612,2010-07-26,18,53.10
21612,2010-08-09,3,8.85
21612,2010-09-27,6,17.70
21614,2009-11-30,28,82.60
21614,2009-12-07,34,100.30
21614,2009-12-14,16,47.20
21614,2010-01-04,212,548.60
21614,2010-01-11,3,8.85
21614,2010-01-18,21,61.95
21614,2010-01-25,6,17.70
21614,2010-02-01,10,35.42
21614,2010-02-08,19,56.05
21614,2010-02-15,16,47.20
21614,2010-02-22,170,443.90
21614,2010-03-01,33,97.91
21614,2010-03-08,26,80.22
21614,2010-03-15,25,74.31
21614,2010-03-22,21,64.91
21614,2010-03-29,1,2.95
21614,2010-04-05,66,175.50
21614,2010-04-12,38,112.10
21614,2010-04-19,7,20.65
21614,2010-04-26,2,5.90
21614,2010-05-03,139,359.65
21614,2010-05-10,32,94.40
21614,2010-05-17,50,128.30
21614,2010-05-24,13,38.35
21614,2010-05-31,8,23.60
21614,2010-06-07,34,100.30
21614,2010-06-14,18,53.10
21614,2010-06-21,35,103.25
21614,2010-06-28,15,44.25
21614,2010-07-05,17,50.15
21614,2010-07-12,22,64.90
21614,2010-07-19,12,35.40
21614,2010-07-26,6,17.70
21614,2010-08-02,3,8.85
21614,2010-08-09,14,41.30
21614,2010-08-16,20,59.00
21614,2010-08-23,14,41.30
21614,2010-08-30,6,17.70
21614,2010-09-06,4,11.80
21614,2010-09-13,25,73.75
21614,2010-09-20,25,73.75
21614,2010-09-27,39,115.05
21614,2010-10-04,30,88.50
21614,2010-10-11,13,38.35
21614,2010-10-18,119,312.65
21614,2010-10-25,10,29.50
21614,2010-11-01,1,2.95
21614,2010-11-08,15,44.25
21614,2010-11-22,79,216.81
21614,2010-11-29,5,14.75
21614,2011-03-28,1,5.79
21614,2011-04-04,2,5.90
21614,2011-04-18,14,41.30
21614,2011-05-02,4,11.80
21614,2011-05-16,27,79.65
21614,2011-05-30,3,8.85
21633,2009-11-30,1,26.04
21633,2009-12-07,1,26.04
21633,2009-12-14,2,52.08
21633,2010-01-11,1,26.04
21633,2010-03-01,1,25.49
21633,2010-03-29,2,25.50
21633,2010-04-05,3,38.25
21633,2010-04-19,4,51.00
21633,2010-05-10,6,89.24
21633,2010-05-24,9,127.49
21633,2010-05-31,2,25.50
21633,2010-06-07,4,51.00
21633,2010-06-21,1,12.75
21633,2010-07-05,2,25.50
21633,2010-07-19,2,25.50
21633,2010-08-02,4,51.00
21633,2010-08-09,2,25.50
21633,2010-08-30,1,25.49
21633,2010-09-06,1,25.49
21633,2010-11-01,1,12.75
21633,2010-11-08,1,12.75
21633,2010-12-13,12,47.40
21633,2010-12-20,3,25.41
21633,2011-01-03,15,72.81
21633,2011-01-10,36,169.14
21633,2011-01-17,19,105.43
21633,2011-01-24,1,24.96
21633,2011-02-14,1,12.75
21633,2011-02-21,2,25.50
21633,2011-04-04,1,12.75
21633,2011-04-11,1,12.75
21633,2011-04-18,1,24.96
21633,2011-06-06,7,89.25
21633,2011-06-20,1,24.96
21633,2011-06-27,2,16.58
21633,2011-07-04,8,66.32
21633,2011-07-11,3,24.87
21633,2011-07-18,3,24.87
21633,2011-08-01,1,12.75
21633,2011-08-22,1,12.75
21633,2011-10-03,1,12.75
21633,2011-11-14,3,38.25
21633,2011-11-21,3,38.25
21637,2009-11-30,58,77.78
21637,2009-12-07,3,7.71
21637,2009-12-14,29,66.61
21637,2009-12-21,2,5.14
21637,2010-01-11,30,41.28
21637,2010-01-18,2,5.02
21637,2010-01-25,23,32.53
21637,2010-02-01,54,67.50
21637,2010-02-08,1,2.51
21637,2010-02-15,22,32.54
21637,2010-02-22,19,25.01
21637,2010-03-01,38,48.76
21637,2010-03-08,1,2.51
21637,2010-03-15,108,135.00
21637,2010-03-22,72,90.00
21637,2010-04-05,1,2.51
21637,2010-04-19,4,10.04
21637,2010-05-10,37,47.51
21637,2010-05-17,36,45.00
21637,2010-05-24,1,2.51
21637,2010-05-31,36,45.00
21637,2010-06-07,39,52.53
21637,2010-06-14,22,32.54
21637,2010-06-21,37,47.51
21637,2010-07-12,19,25.01
21637,2010-07-19,4,10.04
21637,2010-08-02,1,2.51
21637,2010-08-16,18,22.50
21637,2010-08-23,2,5.02
21637,2010-09-06,38,47.50
21637,2010-09-13,36,45.00
21637,2010-09-20,18,22.50
21637,2010-09-27,54,67.50
21637,2010-10-04,37,47.51
21637,2010-10-11,4,10.04
21637,2010-11-01,307,330.29
21637,2010-11-08,18,22.50
21637,2010-11-22,18,22.50
21637,2011-03-14,18,22.50
21637,2011-03-28,18,22.50
21637,2011-05-09,36,45.00
21637,2011-05-30,18,22.50
21637,2011-07-25,18,22.50
21637,2011-10-10,1,1.25
21645,2009-11-30,73,129.35
21645,2009-12-07,136,231.52
21645,2009-12-14,60,109.68
21645,2009-12-21,15,24.75
21645,2010-01-04,29,47.85
21645,2010-01-11,25,41.25
21645,2010-01-18,2,6.72
21645,2010-01-25,45,75.96
21645,2010-02-01,4,6.60
21645,2010-02-08,6,9.90
21645,2010-02-15,14,23.10
21645,2010-02-22,3,4.95
21645,2010-03-08,15,26.46
21645,2010-03-15,28,51.33
21645,2010-03-22,30,49.50
21645,2010-04-05,24,39.60
21645,2010-04-12,20,33.00
21645,2010-04-19,25,41.25
21645,2010-05-03,1,1.65
21645,2010-05-10,13,23.16
21645,2010-05-17,24,39.60
21645,2010-05-24,14,23.10
21645,2010-06-07,3,4.95
21645,2010-06-14,3,4.95
21645,2010-06-21,12,19.80
21645,2010-06-28,1,1.65
21645,2010-07-05,4,6.60
21645,2010-07-12,10,16.50
21645,2010-07-19,12,19.80
21645,2010-07-26,24,39.60
21645,2010-08-02,12,19.80
21645,2010-08-16,9,14.85
21645,2010-08-23,29,47.85
21645,2010-08-30,12,19.80
21645,2010-09-06,24,39.60
21645,2010-09-13,14,23.10
21645,2010-09-20,9,16.56
21645,2010-09-27,25,42.96
21645,2010-10-04,124,204.60
21645,2010-10-11,34,56.10
21645,2010-10-18,12,19.80
21645,2010-10-25,4,6.60
21645,2010-11-01,10,16.50
21645,2010-11-08,5,8.25
21645,2010-11-15,1,1.65
21649,2009-11-30,47,147.92
21649,2009-12-07,56,168.29
21649,2009-12-14,188,503.18
21649,2009-12-21,30,88.50
21649,2010-01-04,100,255.00
21652,2009-11-30,24,46.80
21652,2009-12-14,12,23.40
21652,2010-01-11,48,82.80
21652,2010-01-18,18,35.10
21652,2010-01-25,30,58.50
21652,2010-02-01,12,23.40
21652,2010-02-08,24,46.80
21652,2010-02-22,49,87.01
21652,2010-03-08,24,46.80
21652,2010-03-15,24,46.80
21652,2010-03-22,6,11.70
21652,2010-03-29,30,58.50
21652,2010-04-05,67,119.85
21652,2010-04-12,12,23.40
21652,2010-04-19,30,58.50
21652,2010-04-26,24,46.80
21652,2010-05-03,66,117.90
21652,2010-05-10,21,40.95
21652,2010-05-17,46,91.96
21652,2010-05-24,30,58.50
21652,2010-05-31,25,51.01
21652,2010-06-07,53,101.59
21652,2010-06-14,14,27.30
21652,2010-06-21,34,111.50
21652,2010-07-05,24,46.80
21652,2010-07-12,50,91.22
21652,2010-07-19,48,93.60
21652,2010-07-26,24,46.80
21652,2010-08-02,34,66.30
21653,2010-01-11,13,29.41
21653,2010-01-18,9,21.01
21653,2010-02-01,30,63.00
21653,2010-02-08,12,25.20
21653,2010-02-15,9,18.90
21653,2010-02-22,22,46.20
21653,2010-03-01,39,81.90
21653,2010-03-15,26,54.60
21653,2010-03-22,24,50.40
21653,2010-03-29,14,32.12
21653,2010-04-05,12,25.20
21653,2010-04-12,102,196.20
21653,2010-04-26,2,4.20
21653,2010-05-03,2,4.20
21653,2010-05-10,15,31.50
21653,2010-05-17,27,56.70
21653,2010-05-24,18,37.80
21653,2010-05-31,2,8.42
21653,2010-06-07,60,122.44
21653,2010-06-14,164,308.40
21653,2010-06-21,38,122.00
21653,2010-06-28,30,63.00
21653,2010-07-05,104,206.40
21653,2010-07-12,2,8.42
21653,2010-08-02,6,12.60
21653,2010-08-09,8,21.02
21653,2010-08-16,198,367.80
21653,2010-08-23,6,12.60
21653,2010-08-30,4,12.62
21653,2010-09-06,2,4.20
21653,2010-09-13,22,46.20
21653,2010-09-20,50,105.00
21653,2010-09-27,24,48.90
21653,2010-10-04,12,25.20
21653,2010-10-11,29,60.90
21653,2010-10-18,42,88.20
21653,2010-10-25,6,12.60
21653,2010-11-01,42,88.20
21653,2010-11-08,6,12.60
21653,2010-11-15,6,14.71
21653,2010-11-22,12,25.20
21655,2009-11-30,26,54.38
21655,2009-12-07,24,40.56
21655,2010-01-18,28,47.32
21655,2010-01-25,3,10.08
21655,2010-02-15,36,52.20
21655,2010-02-22,68,119.64
21655,2010-03-01,13,23.64
21655,2010-03-08,17,37.08
21655,2010-03-15,46,85.80
21655,2010-03-22,50,87.84
21655,2010-03-29,3,5.07
21655,2010-04-05,18,30.42
21655,2010-04-12,114,175.38
21655,2010-04-19,101,161.76
21655,2010-04-26,42,70.98
21655,2010-05-03,197,315.36
21655,2010-05-10,32,54.08
21655,2010-05-17,47,79.43
21655,2010-05-24,192,278.40
21655,2010-05-31,43,74.34
21655,2010-06-07,51,90.91
21655,2010-06-14,144,208.80
21655,2010-06-21,24,40.56
21655,2010-06-28,45,79.39
21655,2010-07-05,2,3.38
21655,2011-01-10,12,20.28
21655,2011-02-07,24,40.56
21659,2009-11-30,2,60.78
21659,2009-12-07,2,29.90
21659,2009-12-14,7,135.53
21659,2009-12-21,8,119.60
21659,2010-01-04,4,59.80
21659,2010-01-11,3,44.85
21659,2010-01-18,4,59.80
21659,2010-02-01,14,182.90
21659,2010-02-08,3,59.64
21659,2010-02-15,5,89.54
21659,2010-02-22,17,227.75
21659,2010-03-01,3,44.85
21659,2010-03-08,4,74.59
21659,2010-03-15,2,29.90
21659,2010-03-22,5,74.75
21659,2010-03-29,1,14.95
21659,2010-04-12,6,89.70
21659,2010-04-19,6,119.28
21659,2010-04-26,4,59.80
21659,2010-05-03,3,44.85
21659,2010-05-10,5,89.54
21659,2010-05-17,1,14.95
21659,2010-06-07,1,14.95
21659,2010-06-14,2,29.90
21659,2010-06-21,2,29.90
21659,2010-07-05,1,14.95
21659,2010-08-30,1,14.95
21659,2010-09-13,2,29.90
21659,2010-10-18,2,29.90
21659,2010-11-01,1,14.95
21661,2009-11-30,12,65.40
21661,2009-12-07,1,12.13
21661,2009-12-14,3,24.03
21661,2010-01-04,3,17.85
21661,2010-01-11,5,35.93
21661,2010-01-18,1,5.95
21661,2010-02-01,1,11.87
21661,2010-02-15,6,35.70
21661,2010-02-22,13,83.27
21661,2010-03-01,19,112.97
21661,2010-03-08,4,29.72
21661,2010-03-15,14,83.30
21661,2010-03-22,9,71.31
21661,2010-03-29,2,11.90
21661,2010-04-05,15,83.25
21661,2010-04-12,2,11.90
21661,2010-05-03,3,17.85
21661,2010-05-10,3,23.77
21661,2010-05-17,4,23.80
21661,2010-05-24,3,17.85
21661,2010-05-31,1,11.87
21661,2010-06-07,1,5.95
21661,2010-06-14,13,83.27
21661,2010-06-28,13,77.35
21661,2010-07-05,4,29.72
21661,2010-07-12,2,11.90
21661,2010-07-19,14,83.30
21661,2010-07-26,6,35.70
21661,2010-08-16,1,5.95
21661,2010-08-23,4,23.80
21661,2010-08-30,12,65.40
21661,2010-09-06,4,29.72
21661,2010-09-13,8,53.52
21661,2010-09-20,8,65.36
21661,2010-09-27,2,11.90
21661,2010-10-04,4,23.80
21661,2010-10-18,2,11.90
21661,2010-10-25,1,5.95
21661,2010-11-01,4,23.80
21661,2010-11-15,9,53.55
21661,2010-11-22,1,5.95
21661,2011-01-03,1,5.95
21661,2011-01-31,1,5.95
21661,2011-02-21,1,5.95
21667,2009-11-30,2,33.90
21667,2009-12-07,7,154.23
21667,2009-12-14,1,16.95
21667,2009-12-21,3,104.22
21667,2010-01-04,7,118.65
21667,2010-01-11,6,118.75
21667,2010-01-18,15,264.35
21667,2010-01-25,8,157.70
21667,2010-02-01,4,67.80
21667,2010-02-08,1,16.95
21667,2010-02-15,18,298.15
21667,2010-02-22,1,16.95
21667,2010-03-01,9,140.55
21667,2010-03-08,15,259.30
21667,2010-03-15,19,315.10
21667,2010-03-22,5,84.75
21667,2010-03-29,10,174.55
21667,2010-04-05,1,16.95
21667,2010-04-12,11,174.45
21667,2010-04-19,3,50.85
21667,2010-04-26,5,101.80
21667,2010-05-03,15,259.30
21667,2010-05-10,7,106.65
21667,2010-05-17,1,16.95
21667,2010-05-24,9,169.60
21667,2010-06-07,5,101.80
21667,2010-06-14,4,84.85
21667,2010-06-28,7,118.65
21667,2010-07-05,17,298.25
21667,2010-07-12,3,67.90
21667,2010-07-19,11,174.45
21667,2010-07-26,6,118.75
21667,2010-08-02,3,67.90
21667,2010-08-09,7,106.65
21667,2010-08-16,3,50.85
21667,2010-08-23,6,89.70
21667,2010-08-30,4,67.80
21667,2010-09-06,7,118.65
21667,2010-09-13,2,33.90
21667,2010-09-20,1,16.95
21667,2010-09-27,19,298.05
21667,2010-10-04,15,242.25
21667,2010-10-11,17,264.15
21667,2010-10-18,23,365.85
21667,2010-10-25,1,34.00
21667,2010-11-01,7,118.65
21667,2010-11-08,1,16.95
21667,2011-01-10,2,29.90
21687,2009-11-30,41,158.65
21687,2009-12-07,14,67.20
21687,2009-12-14,32,164.10
21687,2009-12-21,7,40.95
21687,2010-01-11,2,17.30
21687,2010-01-18,1,8.47
21687,2010-01-25,13,58.19
21687,2010-02-01,5,23.47
21687,2010-02-08,1,3.75
21687,2010-02-15,3,11.25
21687,2010-02-22,7,35.69
21687,2010-03-01,40,137.04
21687,2010-03-08,10,37.50
21687,2010-03-15,6,22.50
21687,2010-03-22,6,22.50
21687,2010-03-29,11,41.25
21687,2010-04-05,19,71.25
21687,2010-04-12,42,144.54
21687,2010-04-26,19,71.25
21687,2010-05-03,12,45.00
21687,2010-05-10,8,30.00
21687,2010-05-24,8,30.00
21687,2010-05-31,18,67.50
21687,2010-06-07,6,22.50
21687,2010-06-14,6,22.50
21687,2010-06-21,1,8.47
21687,2010-06-28,16,60.00
21687,2010-07-05,77,262.83
21687,2010-07-12,8,39.44
21687,2010-07-19,9,38.47
21687,2010-07-26,1,3.75
21687,2010-08-02,5,18.75
21687,2010-08-09,13,48.75
21687,2010-08-16,9,33.75
21687,2010-08-23,1,3.75
21687,2010-09-06,3,10.17
21687,2010-09-13,1,3.75
21691,2009-11-30,26,97.50
21691,2009-12-07,6,22.50
21691,2009-12-14,17,68.65
21691,2009-12-21,3,16.15
21691,2010-01-11,10,37.50
21691,2010-01-18,6,22.50
21691,2010-01-25,9,33.75
21691,2010-02-01,6,22.50
21691,2010-02-08,10,37.50
21691,2010-02-15,8,30.00
21691,2010-02-22,1,3.75
21691,2010-03-01,2,12.22
21691,2010-03-08,8,28.56
21691,2010-03-15,5,18.75
21691,2010-03-22,6,22.50
21691,2010-03-29,14,52.50
21691,2010-04-12,3,11.25
21691,2010-04-19,1,3.75
21691,2010-04-26,15,56.25
21691,2010-05-03,12,45.00
21691,2010-05-10,8,30.00
21691,2010-05-17,3,11.25
21691,2010-05-31,8,30.00
21691,2010-06-07,7,40.41
21691,2010-06-21,5,18.75
21691,2010-06-28,4,15.00
21691,2010-07-05,4,15.00
21691,2010-07-26,3,11.25
21691,2010-08-02,1,3.75
21691,2010-08-09,10,37.50
21691,2010-09-13,4,15.00
21691,2010-09-20,12,45.00
21691,2010-09-27,2,7.50
21691,2010-10-04,3,11.25
21691,2010-10-25,12,45.00
21707,2009-11-30,23,113.85
21707,2009-12-07,136,313.20
21707,2009-12-14,114,359.18
21707,2009-12-21,1,10.39
21707,2010-01-04,308,1314.60
21707,2010-01-18,1,4.95
21707,2010-01-25,9,44.55
21707,2010-02-08,1,10.17
21707,2010-02-15,3,14.85
21707,2010-03-01,4,19.80
21707,2010-03-08,9,44.55
21707,2010-03-15,4,19.80
21707,2010-03-22,3,14.85
21707,2010-03-29,1,4.95
21707,2010-04-05,5,29.97
21707,2010-04-26,4,19.80
21707,2010-05-03,1,4.95
21707,2010-05-17,21,103.95
21707,2010-05-24,9,44.55
21707,2010-06-21,1,4.95
21707,2010-06-28,1,4.95
21707,2010-07-19,4,19.80
21707,2010-08-09,16,79.20
21707,2010-08-16,2,9.90
21707,2010-08-23,19,94.05
21707,2010-08-30,8,39.60
21707,2010-09-13,7,34.65
21707,2010-09-20,53,262.35
21707,2010-09-27,17,81.93
21707,2010-10-04,6,29.70
21707,2010-10-11,7,34.65
21707,2010-10-18,12,59.40
21707,2010-10-25,3,14.85
21707,2010-11-01,5,24.75
21707,2010-11-08,17,84.15
21707,2010-11-15,6,29.70
21707,2010-11-22,6,29.70
21707,2010-11-29,3,14.85
21707,2010-12-13,3,14.85
21707,2010-12-20,3,11.67
21707,2011-01-03,2,6.72
21707,2011-01-10,9,30.17
21707,2011-01-17,11,42.83
21707,2011-01-31,4,19.80
21707,2011-02-21,1,9.96
21707,2011-03-07,8,39.60
21707,2011-03-21,6,29.70
21707,2011-03-28,1,4.95
21707,2011-04-11,4,19.80
21707,2011-06-06,9,44.55
21707,2011-06-13,1,4.95
21707,2011-06-20,1,4.95
21707,2011-06-27,6,23.06
21707,2011-07-04,5,16.45
21707,2011-07-11,7,31.33
21707,2011-07-18,11,49.47
21707,2011-07-25,5,24.75
21707,2011-08-01,4,19.80
21707,2011-08-08,3,14.85
21707,2011-08-15,7,34.65
21707,2011-09-05,5,24.75
21707,2011-09-26,2,9.90
21707,2011-10-03,1,4.95
21707,2011-10-10,1,9.96
21707,2011-10-17,3,14.85
21707,2011-10-24,1,4.95
21707,2011-10-31,5,29.76
21707,2011-11-07,7,44.67
21707,2011-11-14,10,49.50
21707,2011-11-21,4,17.00
21707,2011-11-28,6,34.71
21707,2011-12-05,4,19.80
21728,2009-11-30,2,25.50
21728,2009-12-14,17,208.44
21728,2010-01-04,2,25.50
21728,2010-01-11,204,1632.00
21728,2010-01-18,4,51.00
21728,2010-02-01,2,25.50
21728,2010-02-08,1,12.75
21728,2010-02-15,1,12.75
21728,2010-03-08,1,10.95
21728,2010-03-15,1,12.75
21728,2010-03-22,1,12.75
21728,2010-04-12,4,51.00
21728,2010-04-19,9,114.75
21728,2010-04-26,2,25.50
21728,2010-05-10,5,63.75
21728,2010-05-17,2,38.24
21728,2010-05-24,1,12.75
21728,2010-06-07,5,63.75
21728,2010-06-21,10,140.24
21728,2010-07-05,2,25.50
21728,2010-07-12,6,89.24
21728,2010-07-19,18,144.00
21732,2009-11-30,83,295.12
21732,2009-12-07,60,213.48
21732,2009-12-14,33,123.75
21732,2010-01-18,1,3.75
21732,2010-01-25,3,11.25
21732,2010-02-15,4,15.00
21732,2010-02-22,4,15.00
21732,2010-03-01,1,3.75
21732,2010-03-08,4,13.56
21732,2010-03-29,4,13.56
21732,2010-04-05,3,11.25
21732,2010-04-12,20,69.24
21732,2010-04-26,8,30.00
21732,2010-05-17,4,15.00
21732,2010-05-31,16,60.00
21732,2010-06-07,354,1200.78
21732,2010-06-14,4,15.00
21732,2010-06-28,249,844.47
21732,2010-07-05,4,15.00
21732,2010-07-12,4,15.00
21732,2010-07-19,4,15.00
21732,2010-07-26,12,45.00
21732,2010-08-02,7,26.25
21732,2010-08-09,2,7.50
21732,2010-08-23,15,56.25
21732,2010-08-30,8,30.00
21732,2010-09-06,21,72.99
21732,2010-09-27,1,7.62
21737,2009-11-30,7,139.65
21737,2009-12-07,17,339.15
21737,2009-12-14,32,566.40
21737,2010-01-04,7,139.65
21737,2010-01-11,14,277.86
21737,2010-01-18,6,119.70
21737,2010-01-25,2,39.90
21737,2010-02-01,3,59.85
21737,2010-02-15,3,59.85
21737,2010-02-22,5,99.75
21737,2010-03-01,11,195.45
21737,2010-03-08,9,155.55
21737,2010-03-15,7,139.65
21737,2010-03-22,6,119.70
21737,2010-03-29,5,99.75
21737,2010-04-05,4,79.80
21737,2010-04-12,4,79.80
21737,2010-04-19,3,59.85
21737,2010-04-26,6,119.70
21737,2010-05-03,5,99.75
21737,2010-05-10,5,99.75
21737,2010-05-17,5,99.75
21737,2010-05-24,9,155.55
21737,2010-06-07,1,19.95
21737,2010-06-14,5,99.75
21737,2010-06-21,17,291.15
21737,2010-06-28,6,119.70
21737,2010-07-05,108,1842.60
21737,2010-07-12,5,99.75
21737,2010-07-19,1,19.95
21737,2010-07-26,5,99.75
21737,2010-08-02,3,59.85
21737,2010-08-09,1,19.95
21737,2010-08-16,3,59.85
21737,2010-08-23,10,199.50
21737,2010-08-30,12,215.40
21737,2010-09-06,12,215.40
21737,2010-09-13,7,139.65
21737,2010-09-20,6,119.70
21737,2010-09-27,5,99.75
21737,2010-10-04,5,99.75
21737,2010-10-11,9,155.55
21737,2010-10-18,4,79.80
21747,2009-11-30,2,3.82
21747,2009-12-07,4,5.00
21747,2010-01-04,12,15.00
21747,2010-01-11,20,25.00
21747,2010-01-25,12,15.00
21747,2010-02-01,12,15.00
21747,2010-02-08,22,27.50
21747,2010-02-15,24,30.00
21747,2010-02-22,37,47.51
21747,2010-03-01,12,15.00
21747,2010-03-08,12,15.00
21747,2010-03-15,28,35.00
21747,2010-03-22,9,13.77
21747,2010-03-29,301,320.51
21747,2010-04-05,13,16.25
21747,2010-04-12,3,3.75
21747,2010-04-19,109,119.27
21747,2010-04-26,51,66.27
21747,2010-05-03,310,330.50
21747,2010-05-10,11,17.53
21747,2010-05-17,38,47.50
21747,2010-05-24,6,7.50
21747,2010-05-31,37,48.77
21747,2010-06-07,27,33.75
21747,2010-06-14,24,30.00
21747,2010-06-21,39,48.75
21747,2010-06-28,177,200.73
21747,2010-07-05,16,22.52
21747,2010-07-12,15,20.01
21747,2010-07-19,19,23.75
21747,2010-07-26,30,37.50
21747,2010-08-02,7,8.75
21747,2010-08-09,1,2.51
21747,2010-08-16,1,1.25
21747,2010-09-20,4,5.00
21747,2010-09-27,6,7.50
21747,2010-11-08,1,1.25
21747,2010-11-15,111,120.51
21747,2010-11-22,2,3.76
21747,2010-12-13,1,1.25
21747,2011-01-10,13,16.25
21747,2011-01-17,15,18.75
21747,2011-01-31,13,16.25
21747,2011-02-14,12,15.00
21747,2011-02-21,24,30.00
21747,2011-03-14,30,44.76
21747,2011-03-28,5,12.30
21747,2011-04-11,6,7.50
21747,2011-04-25,12,15.00
21747,2011-05-02,74,85.32
21747,2011-05-09,6,7.50
21747,2011-05-16,24,30.00
21747,2011-05-23,38,49.92
21747,2011-05-30,22,27.50
21747,2011-06-06,45,56.25
21747,2011-06-13,25,61.50
21747,2011-06-20,1,2.46
21747,2011-06-27,17,21.25
21747,2011-07-04,3,3.75
21747,2011-07-11,4,5.00
21747,2011-08-01,54,60.80
21747,2011-08-08,15,18.75
21747,2011-08-29,1,2.46
21747,2011-09-19,1,2.46
21747,2011-09-26,6,7.50
21747,2011-10-17,3,4.96
21747,2011-10-31,1,2.46
21747,2011-11-28,14,18.71
21752,2009-11-30,6,105.14
21752,2009-12-07,7,104.65
21752,2009-12-14,3,91.17
21752,2009-12-21,3,91.17
21752,2010-01-04,1,14.95
21752,2010-01-11,4,74.59
21752,2010-01-18,8,102.00
21752,2010-01-25,10,149.50
21752,2010-02-01,1,14.95
21752,2010-02-08,7,104.65
21752,2010-02-15,18,242.70
21752,2010-02-22,6,104.49
21752,2010-03-01,1,14.95
21752,2010-03-15,1,14.95
21752,2010-04-05,1,14.95
21752,2010-09-06,1,14.95
21759,2010-01-11,2,204.26
21759,2010-01-18,1,49.95
21759,2010-02-08,1,49.95
21759,2010-02-15,5,281.93
21759,2010-03-01,4,199.80
21759,2010-03-15,2,99.90
21759,2010-03-29,14,358.68
21759,2010-04-26,1,30.00
21760,2010-03-01,1,125.00
21760,2010-03-08,1,125.00
21760,2010-03-29,1,125.00
21760,2010-04-19,1,125.00
21760,2010-05-10,3,345.00
21760,2010-06-07,1,125.00
21760,2010-06-14,1,125.00
21760,2010-06-28,1,125.00
21760,2010-07-05,1,125.00
21760,2010-09-06,4,395.00
21763,2010-01-25,6,155.70
21763,2010-02-08,2,59.90
21763,2010-03-08,4,103.80
21763,2010-03-29,1,29.95
21763,2010-04-12,1,29.95
21763,2010-04-19,4,103.80
21763,2010-05-10,1,29.95
21763,2010-05-17,8,207.60
21763,2010-05-24,5,133.75
21763,2010-08-09,1,29.95
21763,2010-08-23,4,103.80
21763,2011-01-03,2,59.90
21763,2011-05-02,2,59.90
21763,2011-05-16,1,29.95
21763,2011-07-04,1,20.00
21765,2009-11-30,14,104.10
21765,2009-12-14,5,67.95
21765,2009-12-21,1,17.35
21765,2010-01-04,6,47.70
21765,2010-01-11,2,15.90
21765,2010-01-18,8,63.60
21765,2010-01-25,2,15.90
21765,2010-02-01,6,47.70
21765,2010-02-08,4,31.80
21765,2010-02-15,9,80.58
21765,2010-02-22,6,56.73
21765,2010-03-01,21,159.75
21765,2010-03-08,12,148.38
21765,2010-03-15,8,63.60
21765,2010-03-22,13,112.38
21765,2010-03-29,15,116.85
21765,2010-04-05,9,71.55
21765,2010-04-12,6,47.70
21765,2010-04-19,5,48.78
21765,2010-04-26,59,456.48
21765,2010-05-03,5,39.75
21765,2010-05-10,9,71.55
21765,2010-05-17,18,143.10
21765,2010-05-24,32,242.40
21765,2010-05-31,15,130.11
21765,2010-06-07,17,136.98
21765,2010-06-14,8,63.60
21765,2010-06-21,19,152.88
21765,2010-06-28,11,87.45
21765,2010-07-05,7,55.65
21765,2010-07-12,4,31.80
21765,2010-07-19,5,39.75
21765,2010-07-26,6,65.76
21765,2010-08-02,3,32.88
21765,2010-08-09,1,7.95
21765,2010-08-16,3,23.85
21765,2010-08-30,2,15.90
21765,2010-09-13,1,7.95
21765,2010-11-01,2,15.90
21765,2010-11-08,1,7.95
21765,2010-11-15,1,7.95
21768,2009-11-30,6,105.14
21768,2009-12-07,4,75.24
21768,2009-12-14,9,165.43
21768,2009-12-21,2,45.34
21768,2010-01-04,2,29.90
21768,2010-01-11,14,357.20
21768,2010-01-18,16,327.94
21768,2010-01-25,10,223.45
21768,2010-02-01,8,134.39
21768,2010-02-08,2,29.90
21768,2010-02-15,35,486.83
21768,2010-02-22,5,74.75
21768,2010-03-01,6,119.28
21768,2010-07-12,3,44.85
21768,2010-07-26,7,91.45
21768,2010-08-02,6,89.70
21768,2010-08-09,9,164.13
21768,2010-08-16,5,74.75
21768,2010-08-23,16,240.79
21768,2010-08-30,22,304.09
21768,2010-09-06,13,238.72
21768,2010-09-13,2,29.90
21768,2010-09-20,3,59.64
21768,2010-09-27,6,104.49
21768,2010-10-04,9,134.55
21768,2010-10-11,207,2071.56
21768,2010-10-18,26,390.29
21768,2010-10-25,8,106.40
21768,2010-11-01,7,149.02
21768,2010-11-08,41,425.18
21768,2010-11-15,1,29.74
21770,2009-11-30,25,129.19
21770,2009-12-07,22,114.34
21770,2009-12-14,63,286.65
21770,2009-12-21,8,39.60
21770,2010-01-04,6,29.70
21770,2010-01-11,13,69.57
21770,2010-01-18,21,119.61
21770,2010-01-25,24,124.02
21770,2010-02-01,20,104.22
21770,2010-02-08,20,99.00
21770,2010-02-15,16,94.86
21770,2010-02-22,34,168.30
21770,2010-03-01,42,207.90
21770,2010-03-08,17,89.37
21770,2010-03-15,45,238.41
21770,2010-03-22,44,217.80
21770,2010-03-29,15,74.25
21770,2010-07-12,41,213.39
21770,2010-07-19,37,183.15
21770,2010-07-26,20,99.00
21770,2010-08-02,10,49.50
21770,2010-08-09,43,212.85
21770,2010-08-16,17,89.37
21770,2010-08-23,60,277.02
21770,2010-08-30,6,29.70
21770,2010-09-27,684,3522.60
21770,2010-11-22,2,9.90
21770,2011-03-21,22,108.90
21770,2011-03-28,16,79.20
21770,2011-04-04,18,94.11
21770,2011-04-11,26,153.75
21770,2011-04-18,33,188.40
21770,2011-04-25,6,39.72
21770,2011-05-02,32,158.40
21770,2011-05-09,11,64.47
21770,2011-05-16,69,326.37
21770,2011-05-23,442,1913.94
21770,2011-05-30,26,128.70
21770,2011-06-06,62,281.70
21770,2011-06-13,32,163.41
21770,2011-06-20,12,59.40
21770,2011-06-27,47,207.45
21770,2011-07-04,21,108.96
21770,2011-07-11,34,168.30
21770,2011-07-18,10,49.50
21770,2011-07-25,21,113.97
21770,2011-08-01,33,168.36
21770,2011-08-08,18,114.15
21770,2011-08-15,32,158.40
21770,2011-08-22,17,84.15
21770,2011-08-29,9,59.58
21770,2011-09-05,53,277.38
21770,2011-09-12,56,267.03
21770,2011-09-19,59,271.86
21770,2011-09-26,48,247.62
21770,2011-10-03,41,177.75
21770,2011-10-10,22,108.90
21770,2011-10-17,42,212.91
21770,2011-10-24,30,178.56
21770,2011-10-31,14,69.30
21770,2011-11-07,46,238.53
21770,2011-11-14,61,291.78
21770,2011-11-21,20,114.03
21770,2011-11-28,76,361.02
21770,2011-12-05,24,128.82
21779,2009-11-30,4,34.00
21779,2009-12-07,181,561.70
21779,2009-12-14,48,141.60
21779,2010-01-04,67,352.00
21779,2010-01-11,1,8.50
21780,2009-12-07,58,378.54
21780,2009-12-14,21,185.39
21780,2010-01-04,48,332.40
21780,2010-01-11,76,849.52
21795,2009-11-30,4,51.00
21795,2009-12-07,6,76.50
21795,2009-12-14,4,51.00
21795,2010-01-11,1,12.75
21795,2010-01-25,3,38.25
21795,2010-02-08,4,63.74
21795,2010-02-15,2,25.50
21795,2010-02-22,9,114.75
21795,2010-03-01,2,25.50
21795,2010-03-08,4,51.00
21795,2010-03-15,5,63.75
21795,2010-03-22,4,51.00
21795,2010-03-29,4,51.00
21795,2010-04-05,3,50.99
21795,2010-04-12,5,63.75
21795,2010-04-19,4,51.00
21795,2010-04-26,5,63.75
21795,2010-05-03,1,12.75
21795,2010-05-10,4,51.00
21795,2010-05-17,2,25.50
21795,2010-05-24,1,12.75
21795,2010-05-31,2,25.50
21795,2010-06-07,13,178.49
21795,2010-06-14,8,102.00
21795,2010-06-28,2,25.50
21795,2010-07-05,4,51.00
21795,2010-07-12,5,63.75
21795,2010-07-19,1,12.75
21795,2010-07-26,2,25.50
21795,2010-08-09,327,2243.22
21796,2009-11-30,4,51.00
21796,2009-12-07,6,76.50
21796,2010-01-04,3,38.25
21796,2010-01-11,2,25.50
21796,2010-01-18,1,12.75
21796,2010-02-08,1,12.75
21796,2010-02-15,1,12.75
21796,2010-02-22,7,89.25
21796,2010-03-01,1,12.75
21796,2010-03-08,4,51.00
21796,2010-03-15,1,12.75
21796,2010-03-22,4,51.00
21796,2010-03-29,2,25.50
21796,2010-04-05,1,12.75
21796,2010-04-12,5,63.75
21796,2010-04-19,6,76.50
21796,2010-04-26,4,51.00
21796,2010-05-03,3,38.25
21796,2010-05-10,4,51.00
21796,2010-05-17,1,12.75
21796,2010-05-24,3,38.25
21796,2010-05-31,2,25.50
21796,2010-06-07,11,140.25
21796,2010-06-14,4,51.00
21796,2010-06-21,4,51.00
21796,2010-06-28,4,51.00
21796,2010-07-05,2,25.50
21796,2010-07-12,3,38.25
21796,2010-07-19,1,12.75
21796,2010-08-09,229,1570.94
21805,2009-11-30,198,86.76
21805,2009-12-07,39,16.83
21805,2009-12-14,184,73.14
21805,2010-01-04,10,4.20
21805,2010-01-11,1,0.85
21805,2010-05-10,50,42.50
21805,2010-05-31,36,15.12
21805,2010-07-05,2,1.70
21805,2010-07-19,149,55.23
21805,2010-07-26,72,30.24
21805,2010-08-09,85,35.70
21805,2010-08-16,144,60.48
21805,2010-08-23,36,15.12
21805,2010-09-06,46,19.32
21805,2010-09-13,122,51.67
21805,2010-09-20,117,49.14
21805,2010-09-27,154,70.27
21805,2010-10-04,298,126.88
21805,2010-10-11,132,55.44
21805,2010-10-18,199,84.01
21805,2010-10-25,88,37.82
21805,2010-11-01,52,21.84
21805,2010-11-08,5,2.10
21805,2010-11-15,2,1.27
21806,2009-11-30,126,58.32
21806,2009-12-07,81,36.27
21806,2009-12-14,78,42.66
21806,2009-12-21,1,0.87
21806,2010-01-11,2,1.72
21806,2010-01-18,1,0.85
21806,2010-02-08,1,0.85
21806,2010-03-15,4,3.40
21806,2010-05-10,50,42.50
21806,2010-06-14,1,0.85
21806,2010-06-21,36,15.12
21806,2010-07-05,2,1.70
21806,2010-07-12,1,0.85
21806,2010-07-19,149,55.23
21806,2010-07-26,72,30.24
21806,2010-08-02,2,1.27
21806,2010-08-09,56,25.67
21806,2010-08-16,36,15.12
21806,2010-08-23,72,30.24
21806,2010-09-06,46,19.32
21806,2010-09-13,283,118.86
21806,2010-09-20,234,98.28
21806,2010-09-27,125,52.93
21806,2010-10-04,330,138.60
21806,2010-10-11,203,85.26
21806,2010-10-18,154,64.68
21806,2010-10-25,211,88.62
21806,2010-11-01,87,36.54
21806,2010-11-08,129,54.18
21806,2010-11-15,58,24.36
21806,2010-11-22,85,37.85
21806,2010-11-29,1,0.42
21825,2009-11-30,38,58.28
21825,2009-12-07,4,10.57
21825,2009-12-14,43,63.94
21825,2009-12-21,3,4.35
21825,2010-07-12,27,39.15
21825,2010-07-19,97,121.45
21825,2010-07-26,12,17.40
21825,2010-08-02,1,1.45
21825,2010-08-09,6,8.70
21825,2010-08-16,12,17.40
21825,2010-08-30,2,2.90
21825,2010-09-06,43,62.35
21825,2010-09-13,54,78.30
21825,2010-09-20,7,10.15
21825,2010-09-27,18,26.10
21825,2010-10-04,80,116.00
21825,2010-10-11,96,139.20
21825,2010-10-18,11,15.95
21825,2010-10-25,55,79.75
21825,2010-11-01,28,40.60
21825,2010-11-08,100,145.00
21837,2009-11-30,26,163.49
21837,2009-12-07,9,53.55
21837,2009-12-14,14,100.88
21837,2009-12-21,5,29.75
21837,2010-01-04,3,17.85
21837,2010-01-11,13,128.54
21837,2010-01-18,11,90.89
21837,2010-01-25,6,61.14
21837,2010-02-01,14,91.78
21837,2010-02-08,17,101.15
21837,2010-02-15,15,97.73
21837,2010-02-22,35,225.21
21837,2010-03-01,5,29.75
21837,2010-03-08,11,65.45
21837,2010-03-15,19,113.05
21837,2010-03-22,7,41.65
21837,2010-03-29,7,50.13
21837,2010-04-05,4,23.80
21837,2010-04-12,2,11.90
21837,2010-04-26,7,41.65
21837,2010-05-03,13,77.35
21837,2010-05-17,2,11.90
21839,2009-11-30,16,87.20
21839,2009-12-07,4,21.80
21839,2009-12-14,6,32.70
21839,2010-01-04,1,5.45
21839,2010-01-11,5,27.25
21839,2010-01-18,3,16.35
21839,2010-01-25,6,32.70
21839,2010-02-01,4,21.80
21839,2010-03-01,4,21.80
21839,2010-03-08,8,43.60
21839,2010-03-15,11,58.45
21839,2010-03-22,5,27.25
21839,2010-03-29,7,36.65
21839,2010-04-05,2,10.90
21839,2010-04-12,1,5.45
21839,2010-04-19,3,16.35
21839,2010-04-26,37,183.65
21839,2010-05-03,7,38.15
21839,2010-05-24,8,43.60
21839,2010-05-31,2,10.90
21839,2010-06-07,4,21.80
21839,2010-06-14,3,16.35
21839,2010-06-21,1,5.45
21839,2010-07-05,9,60.19
21839,2010-07-12,10,54.50
21839,2010-07-19,1,5.45
21839,2010-07-26,2,10.90
21839,2010-08-02,1,5.45
21839,2010-08-09,5,27.25
21839,2010-08-16,6,32.70
21839,2010-08-23,7,38.15
21839,2010-08-30,2,10.90
21839,2010-09-06,4,21.80
21839,2010-09-13,2,10.90
21839,2010-10-11,3,16.35
21839,2010-10-18,2,10.90
21839,2010-11-01,1,5.45
21839,2011-03-21,1,5.45
21841,2009-11-30,54,215.90
21841,2009-12-07,6,25.50
21841,2009-12-14,15,63.75
21841,2009-12-21,1,4.25
21841,2010-01-04,4,17.00
21841,2010-01-11,3,12.75
21841,2010-01-25,5,21.25
21841,2010-02-01,4,21.22
21841,2010-02-15,5,21.25
21841,2010-03-01,1,4.25
21841,2010-03-08,6,25.50
21841,2010-03-15,17,70.75
21841,2010-03-22,8,34.00
21841,2010-03-29,10,41.00
21841,2010-04-05,9,38.25
21841,2010-04-19,8,32.50
21841,2010-04-26,7,29.75
21841,2010-05-03,2,8.50
21841,2010-05-17,3,12.75
21841,2010-05-24,5,21.25
21841,2010-06-07,4,17.00
21841,2010-07-05,1,8.47
21841,2010-07-12,8,34.00
21841,2010-07-19,2,8.50
21841,2010-08-02,2,8.50
21841,2010-08-09,16,68.00
21841,2010-08-16,8,34.00
21841,2010-08-23,1,4.25
21841,2010-08-30,3,12.75
21841,2010-09-06,8,34.00
21841,2010-09-13,4,17.00
21841,2010-09-20,16,68.00
21841,2010-09-27,10,42.50
21841,2010-10-04,15,63.75
21841,2010-10-11,28,123.22
21841,2010-10-18,13,55.25
21841,2010-10-25,7,29.75
21841,2010-11-01,6,25.50
21841,2010-11-08,7,29.75
21841,2010-11-15,13,67.91
21841,2010-11-22,20,78.00
21841,2010-11-29,2,8.50
21841,2011-03-07,1,4.25
21841,2011-06-20,2,8.50
21841,2011-07-11,2,8.50
21841,2011-08-29,3,12.75
21841,2011-09-12,4,17.00
21841,2011-09-26,6,25.50
21841,2011-10-03,2,8.50
21841,2011-10-10,4,17.00
21841,2011-10-17,5,21.25
21841,2011-10-31,30,127.50
21841,2011-11-07,3,12.75
21841,2011-11-14,11,46.75
21841,2011-11-28,1,4.25
21842,2009-11-30,117,281.99
21842,2009-12-07,45,122.61
21842,2009-12-14,144,327.44
21842,2009-12-21,10,30.74
21842,2010-01-04,84,214.20
21842,2010-01-11,137,293.55
21842,2010-01-18,6,15.30
21842,2010-01-25,1,5.06
21842,2010-02-15,3,7.65
21842,2010-03-01,4,10.20
21869,2009-11-30,126,136.98
21869,2009-12-07,129,147.47
21869,2009-12-14,36,45.00
21869,2009-12-21,1,3.43
21869,2010-01-04,8,10.00
21869,2010-01-11,99,112.25
21869,2010-01-18,13,16.25
21869,2010-01-25,12,15.00
21869,2010-02-01,38,47.50
21869,2010-02-08,50,62.50
21869,2010-02-15,31,38.75
21869,2010-02-22,287,317.71
21869,2010-03-01,37,48.36
21869,2010-03-08,18,22.50
21869,2010-03-15,136,156.32
21869,2010-03-22,21,26.25
21869,2010-03-29,48,53.16
21869,2010-04-05,139,160.07
21869,2010-04-12,34,42.50
21869,2010-04-19,2,6.72
21869,2010-05-03,1,3.36
21869,2010-05-17,1,1.25
21897,2009-11-30,18,56.19
21897,2009-12-07,6,17.70
21897,2009-12-21,1,6.04
21897,2010-01-04,5,14.75
21897,2010-01-11,1,2.95
21897,2010-01-18,6,17.70
21897,2010-02-08,6,17.70
21897,2010-02-15,20,59.00
21897,2010-02-22,1,2.95
21897,2010-03-01,19,56.05
21897,2010-03-15,27,79.65
21897,2010-03-22,34,100.30
21897,2010-03-29,15,41.85
21897,2010-04-05,8,23.60
21897,2010-04-12,23,67.85
21897,2010-04-19,8,24.16
21897,2010-04-26,14,41.30
21897,2010-05-03,30,88.50
21897,2010-05-10,9,26.55
21897,2010-05-17,14,41.30
21897,2010-05-24,10,29.50
21897,2010-05-31,37,109.15
21897,2010-06-07,34,106.22
21897,2010-06-14,6,17.70
21897,2010-06-21,8,26.56
21897,2010-06-28,17,50.15
21897,2010-07-05,4,11.80
21897,2010-07-12,26,76.70
21897,2010-07-19,3,8.85
21897,2010-07-26,2,5.90
21897,2010-08-02,1,2.95
21897,2010-08-09,6,17.70
21897,2010-08-16,21,61.95
21897,2010-09-13,2,5.90
21897,2010-10-04,1,2.95
21897,2010-10-18,12,35.40
21897,2010-11-01,1,2.95
21897,2010-11-08,8,23.60
21897,2010-11-15,2,5.90
21897,2010-11-22,1,2.95
21897,2011-01-10,3,17.37
21897,2011-03-21,342,1097.82
21897,2011-04-25,60,153.00
21898,2009-11-30,27,79.65
21898,2009-12-07,8,23.60
21898,2010-01-04,2,5.90
21898,2010-01-11,2,5.90
21898,2010-01-18,3,8.85
21898,2010-02-01,6,17.70
21898,2010-02-08,3,8.85
21898,2010-02-15,20,59.00
21898,2010-02-22,9,26.55
21898,2010-03-01,9,29.51
21898,2010-03-08,6,17.70
21898,2010-03-15,5,14.75
21898,2010-03-22,24,70.80
21898,2010-03-29,9,29.51
21898,2010-04-05,2,5.90
21898,2010-04-12,6,17.70
21898,2010-04-19,16,47.76
21898,2010-04-26,11,35.41
21898,2010-05-03,18,53.10
21898,2010-05-10,20,59.00
21898,2010-05-17,3,8.85
21898,2010-05-24,2,8.86
21898,2010-05-31,4,11.80
21898,2010-06-07,15,44.25
21898,2010-06-14,10,29.50
21898,2010-06-28,20,59.00
21898,2010-07-12,30,88.50
21898,2010-08-02,7,20.65
21898,2010-08-09,1,2.95
21898,2010-08-16,7,20.65
21898,2010-08-23,3,8.85
21898,2010-08-30,2,5.90
21898,2010-09-27,7,20.65
21898,2010-10-04,8,23.60
21898,2010-10-11,1,2.95
21898,2010-10-18,6,17.70
21898,2010-11-08,4,11.80
21898,2011-02-14,12,30.50
21898,2011-02-21,2,4.92
21898,2011-02-28,18,44.28
21898,2011-03-07,14,35.91
21898,2011-03-14,5,13.28
21898,2011-03-21,382,1223.22
21898,2011-04-25,60,189.00
21923,2009-11-30,1,17.35
21923,2009-12-14,3,52.05
21923,2009-12-21,1,17.35
21923,2010-01-11,1,17.35
21923,2010-01-25,4,31.80
21923,2010-02-01,2,15.90
21923,2010-02-08,3,23.85
21923,2010-02-15,2,15.90
21923,2010-02-22,3,23.85
21923,2010-03-01,5,39.75
21923,2010-03-08,4,31.80
21923,2010-03-15,9,80.58
21923,2010-03-22,3,23.85
21923,2010-04-05,4,31.80
21923,2010-04-12,6,47.70
21923,2010-04-19,23,170.85
21923,2010-04-26,20,147.00
21923,2010-05-03,13,91.35
21923,2010-05-10,21,154.95
21923,2010-05-17,17,123.15
21923,2010-05-24,20,159.00
21923,2010-05-31,26,206.70
21923,2010-06-07,26,206.70
21923,2010-06-14,30,238.50
21923,2010-06-21,38,274.10
21923,2010-06-28,28,210.60
21923,2010-07-05,12,104.43
21923,2010-07-12,13,112.38
21923,2010-08-02,1,7.95
21924,2009-11-30,2,25.30
21924,2009-12-14,1,7.95
21924,2009-12-21,2,34.70
21924,2010-01-04,2,15.90
21924,2010-01-25,2,15.90
21924,2010-02-01,3,23.85
21924,2010-02-08,1,7.95
21924,2010-02-15,5,39.75
21924,2010-02-22,12,83.40
21924,2010-03-01,2,24.93
21924,2010-03-08,6,47.70
21924,2010-03-15,7,55.65
21924,2010-03-22,4,40.83
21924,2010-03-29,4,40.83
21924,2010-04-05,6,47.70
21924,2010-04-12,2,15.90
21924,2010-04-19,19,139.05
21924,2010-04-26,16,115.20
21924,2010-05-03,18,131.10
21924,2010-05-10,25,186.75
21924,2010-05-17,19,139.05
21924,2010-05-24,20,159.00
21924,2010-05-31,33,259.38
21924,2010-06-07,28,210.60
21924,2010-06-14,12,95.40
21924,2010-06-21,14,129.36
21924,2010-06-28,13,103.35
21924,2010-07-05,4,31.80
21924,2010-07-12,24,177.80
21924,2010-07-26,1,16.98
21924,2010-08-09,2,15.90
21924,2010-08-16,1,7.95
21924,2010-08-23,3,23.85
21924,2010-10-04,1,7.95
21924,2010-10-18,1,7.95
21926,2010-04-05,19,23.75
21926,2010-04-12,67,76.15
21926,2010-04-19,71,116.71
21926,2010-04-26,75,103.07
21926,2010-05-03,26,41.82
21926,2010-05-10,24,30.00
21926,2010-05-17,9,29.89
21926,2010-05-24,64,89.32
21926,2010-05-31,13,20.91
21926,2010-06-07,29,36.25
21926,2010-06-14,18,22.50
21926,2010-06-21,24,30.00
21926,2010-06-28,4,5.00
21926,2010-07-05,6,7.50
21926,2010-07-12,6,7.50
21926,2010-08-09,20,25.00
21926,2010-08-16,12,15.00
21926,2010-09-06,3,3.75
21926,2010-09-20,1,1.25
21926,2010-09-27,12,15.00
21926,2010-10-04,2,2.50
21926,2010-10-11,24,30.00
21926,2010-10-25,12,15.00
21926,2010-11-08,24,30.00
21926,2010-11-15,26,32.50
21926,2010-11-22,6,7.50
21926,2011-01-17,4,5.00
21926,2011-01-24,12,15.00
21926,2011-02-07,28,35.00
21926,2011-02-14,36,45.00
21926,2011-02-21,20,25.00
21926,2011-02-28,12,15.00
21926,2011-03-14,17,21.25
21926,2011-03-21,1,1.25
21926,2011-03-28,14,17.50
21926,2011-04-11,2,2.50
21926,2011-04-18,24,30.00
21926,2011-04-25,1,1.25
21926,2011-05-02,10,12.50
21926,2011-05-16,12,15.00
21926,2011-05-23,9,11.25
21926,2011-05-30,16,20.00
21926,2011-06-06,8,10.00
21926,2011-06-13,1,1.25
21926,2011-06-20,12,15.00
21926,2011-06-27,4,5.00
21926,2011-07-04,17,21.25
21926,2011-07-18,24,30.00
21926,2011-07-25,12,15.00
21926,2011-08-01,6,7.50
21926,2011-08-15,4,5.00
21926,2011-08-22,4,5.00
21926,2011-09-05,7,8.75
21926,2011-09-12,1,1.25
21926,2011-09-19,41,43.65
21926,2011-09-26,18,22.50
21926,2011-10-24,4,5.00
21926,2011-11-07,6,7.50
21926,2011-11-14,17,21.25
21926,2011-11-28,2,2.50
21926,2011-12-05,8,10.00
21972,2009-11-30,3,5.94
21972,2009-12-07,1,1.45
21972,2009-12-14,2,2.90
21972,2010-01-04,4,5.80
21972,2010-01-18,16,23.20
21972,2010-01-25,4,7.33
21972,2010-02-01,5,8.78
21972,2010-02-08,13,18.85
21972,2010-02-15,32,46.40
21972,2010-03-01,18,27.63
21972,2010-03-08,8,11.60
21972,2010-03-15,14,21.83
21972,2010-03-22,13,18.85
21972,2010-03-29,13,18.85
21972,2010-04-05,24,34.80
21972,2010-04-12,13,18.85
21972,2010-04-19,37,55.18
21972,2010-04-26,39,59.61
21972,2010-05-03,28,40.60
21972,2010-05-10,6,8.70
21972,2010-05-17,4,5.80
21972,2010-05-24,20,29.00
21972,2010-05-31,6,8.70
21972,2010-06-07,6,8.70
21972,2010-06-14,14,20.30
21972,2010-06-21,2,2.90
21972,2010-06-28,26,37.70
21972,2010-07-05,1,1.45
21972,2010-07-12,1,1.45
21972,2010-07-19,3,4.35
21972,2010-07-26,45,65.25
21972,2010-08-09,13,20.38
21972,2010-08-23,24,34.80
21972,2010-08-30,12,17.40
21972,2010-09-06,12,17.40
21972,2010-09-13,12,17.40
21972,2010-09-20,74,107.30
21972,2010-09-27,12,17.40
21972,2010-10-04,7,12.53
21972,2010-10-11,42,60.90
21972,2010-10-18,21,30.45
21972,2010-10-25,1,1.45
21972,2010-11-01,48,69.60
21972,2010-11-08,13,18.85
21972,2010-11-15,2,4.43
21972,2010-11-22,1,1.45
21972,2010-11-29,6,8.70
21972,2010-12-13,2,6.81
21972,2010-12-20,13,19.91
21972,2011-01-03,12,17.40
21972,2011-01-10,36,52.20
21972,2011-01-17,1,2.92
21972,2011-01-24,4,5.80
21972,2011-01-31,1,2.46
21972,2011-02-28,12,17.40
21972,2011-03-07,2,3.91
21972,2011-03-14,19,28.56
21972,2011-03-28,27,39.15
21972,2011-04-04,2,4.92
21972,2011-04-11,12,17.40
21972,2011-04-25,1,1.45
21972,2011-05-09,2,2.90
21972,2011-05-16,12,17.40
21972,2011-05-23,2,3.91
21972,2011-05-30,2,2.90
21972,2011-06-13,12,17.40
21972,2011-06-27,22,30.10
21972,2011-07-04,5,6.25
21972,2011-07-11,7,8.75
21972,2011-07-18,7,8.75
21972,2011-07-25,12,17.40
21972,2011-08-01,1,2.46
21972,2011-08-15,13,18.85
21972,2011-08-22,5,7.25
21972,2011-08-29,4,5.80
21972,2011-09-05,1,1.45
21972,2011-09-19,12,17.40
21972,2011-10-03,1,1.45
21972,2011-10-10,1,2.46
21972,2011-10-17,12,17.40
21972,2011-10-31,24,34.80
21972,2011-11-07,6,8.70
21972,2011-11-14,1,2.92
21972,2011-11-21,1,1.45
21972,2011-11-28,26,40.64
22046,2009-11-30,75,31.50
22046,2009-12-07,25,10.50
22046,2009-12-14,50,21.00
22046,2009-12-21,50,21.00
22046,2010-01-04,75,31.50
22046,2010-01-11,100,42.00
22046,2010-01-18,100,42.00
22046,2010-01-25,125,52.50
22046,2010-02-01,125,52.50
22046,2010-02-08,75,31.50
22046,2010-02-15,100,42.00
22046,2010-02-22,75,31.50
22046,2010-03-01,75,31.50
22046,2010-03-08,100,42.00
22046,2010-03-15,25,10.50
22046,2010-03-22,75,31.50
22046,2010-04-05,50,21.00
22046,2010-04-12,50,21.00
22046,2010-04-19,50,21.00
22046,2010-04-26,125,52.50
22046,2010-05-03,75,31.50
22046,2010-05-10,25,10.50
22046,2010-05-17,25,10.50
22046,2010-06-07,50,21.00
22046,2010-06-14,75,31.50
22046,2010-06-21,75,31.50
22046,2010-06-28,125,52.50
22046,2010-07-05,25,10.50
22046,2010-07-12,75,31.50
22046,2010-07-19,75,31.50
22046,2010-07-26,25,10.50
22046,2010-08-02,50,21.00
22046,2010-08-16,50,21.00
22046,2010-08-23,75,31.50
22046,2010-08-30,25,10.50
22046,2010-09-06,100,42.00
22046,2010-09-13,325,120.50
22046,2010-09-20,75,31.50
22046,2010-09-27,350,131.00
22046,2010-10-04,150,63.00
22046,2010-10-11,75,31.50
22046,2010-10-18,25,10.50
22046,2010-10-25,75,31.50
22046,2010-11-01,100,42.00
22046,2010-11-08,75,31.50
22046,2010-11-15,125,52.50
22046,2010-11-22,75,31.50
22046,2010-11-29,200,68.00
22046,2010-12-20,25,10.50
22046,2011-01-03,75,31.50
22046,2011-01-24,100,42.00
22046,2011-01-31,50,21.00
22046,2011-02-07,25,10.50
22046,2011-02-21,100,42.00
22046,2011-02-28,225,78.50
22046,2011-03-07,50,21.00
22046,2011-03-14,25,10.50
22046,2011-03-21,25,10.50
22046,2011-03-28,25,10.50
22046,2011-04-04,50,21.00
22046,2011-04-11,25,10.50
22046,2011-05-02,50,21.00
22046,2011-05-09,25,10.50
22046,2011-05-16,25,10.50
22046,2011-05-23,50,21.00
22046,2011-06-06,75,31.50
22046,2011-06-13,25,10.50
22046,2011-06-20,50,21.00
22046,2011-06-27,50,21.00
22046,2011-07-04,75,31.50
22046,2011-07-11,25,10.50
22046,2011-07-18,25,10.50
22046,2011-07-25,50,21.00
22046,2011-08-01,50,21.00
22046,2011-08-08,75,31.50
22046,2011-08-15,50,21.00
22046,2011-08-22,25,10.50
22046,2011-08-29,25,10.50
22046,2011-09-05,25,10.50
22046,2011-09-12,25,10.50
22046,2011-09-19,75,31.50
22046,2011-09-26,50,21.00
22046,2011-10-03,50,21.00
22046,2011-10-10,25,10.50
22046,2011-10-17,75,31.50
22046,2011-10-24,25,10.50
22046,2011-11-07,25,10.50
22046,2011-11-14,25,10.50
22046,2011-11-21,225,94.50
22046,2011-11-28,25,10.50
22046,2011-12-05,50,21.00
22047,2009-11-30,325,120.50
22047,2009-12-07,100,42.00
22047,2009-12-14,75,31.50
22047,2010-01-04,125,52.50
22047,2010-01-11,75,31.50
22047,2010-01-18,50,21.00
22047,2010-01-25,250,89.00
22047,2010-02-01,75,31.50
22047,2010-02-08,25,10.50
22047,2010-02-15,125,52.50
22047,2010-02-22,50,21.00
22047,2010-03-01,250,105.00
22047,2010-03-08,75,31.50
22047,2010-03-15,625,226.50
22047,2010-03-22,150,63.00
22047,2010-03-29,75,31.50
22047,2010-04-12,50,21.00
22047,2010-04-19,25,10.50
22047,2010-04-26,150,63.00
22047,2010-05-03,50,21.00
22047,2010-05-10,50,21.00
22047,2010-05-17,175,73.50
22047,2010-05-24,175,73.50
22047,2010-05-31,25,10.50
22047,2010-06-07,125,52.50
22047,2010-06-14,125,50.50
22047,2010-06-21,100,42.00
22047,2010-07-12,25,10.50
22047,2010-07-19,25,10.50
22047,2010-07-26,25,10.50
22047,2010-08-09,50,21.00
22047,2010-08-16,100,42.00
22047,2010-08-23,25,10.50
22047,2010-08-30,25,10.50
22047,2010-09-06,25,10.50
22047,2010-09-13,25,10.50
22047,2010-09-20,100,42.00
22047,2010-09-27,50,21.00
22047,2010-10-04,100,42.00
22047,2010-10-11,150,63.00
22047,2010-10-18,200,84.00
22047,2010-10-25,50,21.00
22047,2010-11-01,75,31.50
22047,2010-11-08,50,21.00
22047,2010-11-15,125,52.50
22047,2010-11-22,100,42.00
22047,2010-11-29,50,21.00
22047,2010-12-13,100,42.00
22047,2010-12-20,25,10.50
22047,2011-01-03,100,42.00
22047,2011-01-17,25,10.50
22047,2011-01-24,75,31.50
22047,2011-01-31,75,31.50
22047,2011-02-14,50,21.00
22047,2011-02-21,125,52.50
22047,2011-02-28,25,10.50
22047,2011-03-07,50,21.00
22047,2011-03-14,50,21.00
22047,2011-03-21,25,10.50
22047,2011-03-28,75,31.50
22047,2011-04-04,100,42.00
22047,2011-04-11,325,120.50
22047,2011-04-25,25,10.50
22047,2011-05-02,25,10.50
22047,2011-05-16,25,10.50
22047,2011-05-30,25,10.50
22047,2011-06-06,125,52.50
22047,2011-06-13,25,10.50
22047,2011-06-20,50,21.00
22047,2011-07-04,75,31.50
22047,2011-07-11,125,52.50
22047,2011-07-18,75,31.50
22047,2011-07-25,100,42.00
22047,2011-08-01,275,99.50
22047,2011-08-08,75,31.50
22047,2011-08-22,25,10.50
22047,2011-09-05,25,10.50
22047,2011-09-12,100,42.00
22047,2011-09-19,25,10.50
22047,2011-09-26,125,52.50
22047,2011-10-03,50,21.00
22047,2011-10-10,50,21.00
22047,2011-10-17,50,21.00
22047,2011-10-24,175,73.50
22047,2011-10-31,225,82.50
22047,2011-11-07,100,42.00
22047,2011-11-14,100,42.00
22047,2011-11-21,50,21.00
22047,2011-11-28,25,10.50
22047,2011-12-05,50,21.00
22055,2009-11-30,67,126.57
22055,2009-12-07,47,88.23
22055,2009-12-14,118,191.86
22055,2009-12-21,8,27.44
22055,2010-01-04,24,39.60
22055,2010-01-11,8,18.33
22055,2010-01-18,64,112.88
22055,2010-01-25,12,24.93
22055,2010-02-01,49,79.58
22055,2010-02-08,27,49.68
22055,2010-02-15,70,119.36
22055,2010-02-22,51,79.46
22055,2010-03-01,268,410.42
22055,2010-03-08,119,202.36
22055,2010-03-15,120,183.93
22055,2010-03-22,71,115.88
22055,2010-03-29,51,102.96
22055,2010-04-05,18,36.54
22055,2010-04-12,87,130.75
22055,2010-04-19,30,59.76
22055,2010-04-26,236,367.88
22055,2010-05-03,26,53.16
22055,2010-05-10,89,137.47
22055,2010-05-17,12,21.51
22055,2010-05-24,4,13.44
22055,2010-05-31,41,72.78
22055,2010-06-07,93,145.78
22055,2010-06-14,101,164.11
22055,2010-06-21,132,200.31
22055,2010-06-28,20,36.42
22055,2010-07-05,103,173.81
22055,2010-07-12,72,135.90
22055,2010-07-19,50,118.41
22055,2010-07-26,82,142.58
22055,2010-08-02,122,217.57
22055,2010-08-09,37,71.31
22055,2010-08-16,74,132.36
22055,2010-08-23,85,148.80
22055,2010-08-30,49,86.20
22055,2010-09-06,71,117.59
22055,2010-09-13,74,151.17
22055,2010-09-20,26,51.45
22055,2010-09-27,30,71.73
22055,2010-10-04,89,165.66
22055,2010-10-11,87,152.54
22055,2010-10-18,130,213.23
22055,2010-10-25,31,64.83
22055,2010-11-01,138,213.63
22055,2010-11-08,53,113.10
22055,2010-11-15,34,64.65
22055,2010-11-22,68,105.80
22055,2010-12-06,65,94.45
22055,2010-12-13,8,13.20
22055,2011-01-03,11,19.86
22055,2011-01-10,9,29.82
22055,2011-01-17,41,76.01
22055,2011-01-24,25,44.53
22055,2011-01-31,25,49.45
22055,2011-02-07,15,37.87
22055,2011-02-14,22,46.14
22055,2011-02-21,6,14.82
22055,2011-02-28,27,44.55
22055,2011-03-14,12,19.80
22055,2011-03-21,157,241.49
22055,2011-03-28,59,99.15
22055,2011-04-04,32,54.44
22055,2011-04-11,23,41.23
22055,2011-04-18,11,23.07
22055,2011-04-25,12,26.36
22055,2011-05-02,34,57.74
22055,2011-05-09,28,69.16
22055,2011-05-16,38,67.62
22055,2011-05-23,30,56.06
22055,2011-05-30,10,18.14
22055,2011-06-06,2,6.58
22055,2011-06-13,42,84.06
22055,2011-06-20,23,47.79
22055,2011-06-27,28,56.04
22055,2011-07-04,9,27.97
22055,2011-07-11,2,4.94
22055,2011-07-18,21,37.93
22055,2011-07-25,13,24.73
22055,2011-08-01,2,3.30
22055,2011-08-08,9,29.61
22055,2011-08-15,12,19.80
22055,2011-08-29,8,13.20
22055,2011-09-05,106,155.70
22055,2011-09-19,1,1.65
22055,2011-09-26,17,28.05
22055,2011-10-03,21,34.65
22055,2011-10-10,4,6.60
22055,2011-10-17,4,6.60
22055,2011-10-24,1,1.65
22055,2011-10-31,34,56.10
22055,2011-11-07,21,34.65
22055,2011-11-14,18,29.70
22055,2011-11-21,1,1.65
22055,2011-11-28,38,34.98
22055,2011-12-05,240,93.60
22058,2009-11-30,13,21.31
22058,2009-12-07,4,7.90
22058,2009-12-14,25,41.13
22058,2009-12-21,1,3.43
22058,2010-01-04,44,65.56
22058,2010-01-11,25,37.25
22058,2010-01-18,92,142.69
22058,2010-01-25,75,111.75
22058,2010-02-01,66,98.34
22058,2010-02-08,5,7.45
22058,2010-02-22,3,4.47
22058,2010-03-01,12,17.88
22058,2010-03-22,8,11.92
22058,2010-04-05,6,8.94
22058,2010-04-12,5,7.45
22058,2010-05-03,7,10.43
22058,2010-05-10,5,7.45
22058,2010-05-17,1,1.49
22058,2010-05-24,3,4.47
22058,2010-05-31,1,1.49
22058,2010-06-07,8,11.92
22058,2010-06-14,3,4.47
22058,2010-07-05,5,7.45
22058,2010-07-26,3,4.47
22058,2010-08-02,8,11.92
22058,2010-08-23,3,4.47
22058,2010-08-30,6,8.94
22058,2010-09-06,4,5.96
22058,2010-09-27,7,12.30
22058,2010-10-04,23,36.14
22058,2010-10-11,19,28.31
22058,2010-10-18,28,43.59
22058,2010-10-25,3,4.47
22058,2010-11-08,2,2.98
22058,2010-11-15,5,7.45
22066,2009-11-30,24,34.80
22066,2009-12-07,31,46.93
22066,2009-12-14,16,23.20
22066,2009-12-21,1,3.43
22066,2010-01-04,76,100.60
22066,2010-01-11,27,41.13
22066,2010-01-18,56,81.20
22066,2010-01-25,130,188.50
22066,2010-02-01,118,165.32
22066,2010-02-08,27,41.06
22066,2010-02-22,14,20.30
22066,2010-03-01,207,261.75
22066,2010-03-08,1,3.36
22066,2010-03-22,60,77.40
22066,2010-04-05,3,4.35
22066,2010-04-26,12,17.40
22066,2010-05-03,64,83.20
22066,2010-05-10,4,5.80
22066,2010-05-17,1,3.36
22066,2010-06-07,22,31.90
22066,2010-06-14,16,23.20
22066,2010-06-21,16,23.20
22066,2010-06-28,12,17.40
22066,2010-07-05,6,8.70
22066,2010-07-12,2,2.90
22066,2010-07-19,24,34.80
22066,2010-07-26,18,26.10
22066,2010-08-02,6,8.70
22066,2010-08-09,4,5.80
22066,2010-08-16,4,5.80
22066,2010-08-23,18,26.10
22066,2010-09-06,4,5.80
22066,2010-09-20,4,5.80
22066,2010-10-04,8,11.60
22066,2010-10-11,74,107.30
22066,2010-10-18,16,23.20
22066,2010-10-25,15,25.57
22066,2010-11-01,32,46.40
22066,2010-11-08,5,12.98
22066,2010-11-15,10,14.50
22066,2010-11-22,15,23.66
22066,2010-12-20,12,17.40
22066,2011-01-03,22,31.90
22066,2011-01-10,26,37.70
22066,2011-01-17,27,40.99
22066,2011-01-24,28,40.60
22066,2011-01-31,11,17.79
22066,2011-02-07,10,14.50
22066,2011-02-14,4,5.80
22066,2011-02-21,2,2.90
22066,2011-03-07,9,6.41
22066,2011-03-21,66,25.74
22066,2011-03-28,200,78.00
22066,2011-04-04,100,39.00
22066,2011-04-11,52,20.28
22066,2011-04-18,96,37.44
22066,2011-04-25,6,2.34
22066,2011-05-02,208,81.12
22066,2011-05-09,10,3.90
22066,2011-05-16,52,20.28
22066,2011-05-23,10,3.90
22066,2011-06-06,62,24.18
22066,2011-06-13,100,39.00
22066,2011-06-20,56,21.84
22066,2011-06-27,2,0.78
22066,2011-07-04,10,3.90
22066,2011-07-11,56,21.84
22066,2011-07-18,54,21.06
22066,2011-07-25,48,18.72
22066,2011-08-01,48,18.72
22066,2011-08-22,15,5.85
22066,2011-08-29,10,3.90
22066,2011-09-05,100,39.00
22066,2011-09-12,68,26.52
22066,2011-09-19,20,7.80
22066,2011-09-26,54,21.06
22066,2011-10-03,56,21.84
22066,2011-10-10,8,3.12
22066,2011-10-17,102,39.78
22066,2011-10-24,8,3.12
22066,2011-10-31,54,21.06
22066,2011-11-07,37,17.33
22066,2011-11-14,107,50.43
22066,2011-11-21,160,62.40
22066,2011-11-28,65,28.25
22066,2011-12-05,4,1.56
22122,2009-11-30,50,159.86
22122,2009-12-07,17,59.42
22122,2009-12-14,143,446.57
22122,2009-12-21,5,24.02
22122,2010-01-04,14,41.30
22122,2010-01-11,36,112.25
22122,2010-01-18,25,73.75
22122,2010-01-25,25,85.59
22122,2010-02-01,22,76.74
22122,2010-02-08,28,85.56
22122,2010-02-15,17,53.11
22122,2010-02-22,194,508.30
22122,2010-03-01,30,91.46
22122,2010-03-08,11,35.41
22122,2010-03-15,48,150.48
22122,2010-03-22,42,126.86
22122,2010-03-29,42,126.86
22122,2010-04-05,20,59.00
22122,2010-04-12,38,112.10
22122,2010-04-19,24,79.68
22122,2010-04-26,29,88.51
22122,2010-05-03,56,165.20
22122,2010-05-10,14,41.30
22122,2010-05-17,7,20.65
22122,2010-05-24,14,41.30
22122,2010-05-31,10,29.50
22122,2010-06-07,29,85.55
22122,2010-06-14,3,8.85
22122,2010-06-21,14,41.30
22122,2010-06-28,10,29.50
22122,2010-07-05,41,120.95
22122,2010-07-12,12,35.40
22122,2010-07-19,16,47.20
22122,2010-07-26,5,14.75
22122,2010-08-02,5,14.75
22122,2010-08-16,1,2.95
22125,2009-11-30,114,710.70
22125,2009-12-07,140,823.10
22125,2009-12-14,154,969.85
22125,2009-12-21,18,128.25
22125,2010-01-04,32,190.40
22125,2010-01-11,30,199.37
22125,2010-01-18,37,247.23
22125,2010-01-25,23,143.62
22125,2010-02-01,18,113.87
22125,2010-02-08,9,60.32
22125,2010-02-15,17,107.92
22125,2010-02-22,14,83.30
22125,2010-03-01,8,47.60
22125,2010-03-08,31,153.45
22125,2011-01-17,1,12.46
22125,2011-11-07,8,103.60
22125,2011-11-21,4,23.80
22138,2009-11-30,214,1132.95
22138,2009-12-07,212,1091.52
22138,2009-12-14,162,923.92
22138,2009-12-21,15,124.73
22138,2010-01-04,55,251.25
22138,2010-01-11,58,311.86
22138,2010-01-18,78,393.58
22138,2010-01-25,65,333.89
22138,2010-02-01,60,294.67
22138,2010-02-08,91,480.80
22138,2010-02-15,102,500.24
22138,2010-02-22,185,843.89
22138,2010-03-01,59,298.12
22138,2010-03-08,57,265.35
22138,2010-03-15,123,604.19
22138,2010-03-22,136,680.68
22138,2010-03-29,99,451.65
22138,2010-04-05,84,446.15
22138,2010-04-12,66,326.70
22138,2010-04-19,60,303.07
22138,2010-04-26,117,592.70
22138,2010-05-03,102,499.78
22138,2010-05-10,52,263.47
22138,2010-05-17,63,317.92
22138,2010-05-24,77,411.50
22138,2010-05-31,23,113.85
22138,2010-06-07,69,341.55
22138,2010-06-14,36,178.20
22138,2010-06-21,31,153.45
22138,2010-06-28,51,252.45
22138,2010-07-05,372,1614.60
22138,2010-07-12,86,414.97
22138,2010-07-19,136,631.20
22138,2010-07-26,59,287.39
22138,2010-08-02,58,270.30
22138,2010-08-09,73,344.55
22138,2010-08-16,120,560.40
22138,2010-08-23,40,198.00
22138,2010-08-30,73,344.55
22138,2010-09-06,90,428.70
22138,2010-09-13,42,207.90
22138,2010-09-20,111,532.65
22138,2010-09-27,159,757.65
22138,2010-10-04,121,582.15
22138,2010-10-11,192,883.20
22138,2010-10-18,77,381.15
22138,2010-10-25,15,58.45
22138,2010-11-01,7,34.65
22138,2010-11-29,2,9.90
22138,2010-12-20,15,74.25
22138,2011-01-03,41,202.95
22138,2011-01-10,21,103.95
22138,2011-01-17,108,501.00
22138,2011-01-24,47,228.45
22138,2011-01-31,47,232.65
22138,2011-02-07,17,84.15
22138,2011-02-14,69,319.63
22138,2011-02-21,156,710.84
22138,2011-02-28,47,245.97
22138,2011-03-07,52,240.60
22138,2011-03-14,70,341.38
22138,2011-03-21,78,375.14
22138,2011-03-28,49,242.55
22138,2011-04-04,59,275.25
22138,2011-04-11,53,262.35
22138,2011-04-18,52,274.92
22138,2011-04-25,10,49.50
22138,2011-05-02,119,527.69
22138,2011-05-09,93,466.91
22138,2011-05-16,69,324.75
22138,2011-05-23,39,193.05
22138,2011-05-30,55,249.15
22138,2011-06-06,165,732.75
22138,2011-06-13,88,402.00
22138,2011-06-20,27,145.33
22138,2011-06-27,12,59.40
22138,2011-07-04,37,188.99
22138,2011-07-11,53,262.35
22138,2011-07-18,70,340.92
22138,2011-07-25,35,173.25
22138,2011-08-01,36,184.04
22138,2011-08-08,40,209.68
22138,2011-08-15,115,518.85
22138,2011-08-22,42,207.90
22138,2011-08-29,17,95.83
22138,2011-09-05,69,341.55
22138,2011-09-12,124,563.40
22138,2011-09-19,483,2488.29
22138,2011-09-26,119,598.89
22138,2011-10-03,111,566.97
22138,2011-10-10,100,547.56
22138,2011-10-17,161,792.55
22138,2011-10-24,203,943.49
22138,2011-10-31,220,1107.76
22138,2011-11-07,331,1581.81
22138,2011-11-14,297,1519.75
22138,2011-11-21,238,1213.86
22138,2011-11-28,190,954.34
22138,2011-12-05,199,971.13
22143,2009-11-30,49,118.30
22143,2009-12-07,7,16.90
22143,2009-12-14,13,33.90
22143,2009-12-21,5,21.50
22143,2010-01-11,3,12.72
22143,2010-01-18,2,6.31
22143,2010-01-25,1,4.21
22143,2010-02-08,6,12.60
22143,2010-02-15,1,2.10
22143,2010-02-22,6,12.60
22143,2010-05-03,6,12.60
22143,2010-05-17,1,4.21
22143,2010-06-14,2,8.42
22143,2010-07-12,6,12.60
22143,2010-07-19,11,23.10
22143,2010-07-26,7,14.70
22143,2010-08-02,144,266.40
22143,2010-08-09,65,124.50
22143,2010-08-16,1,2.10
22143,2010-08-23,18,37.80
22143,2010-08-30,1,2.10
22143,2010-09-06,21,46.21
22143,2010-09-13,36,75.60
22143,2010-09-27,6,12.60
22143,2010-10-18,26,54.60
22143,2010-10-25,4,8.40
22146,2009-11-30,6,11.70
22146,2009-12-07,9,17.55
22146,2009-12-14,136,229.20
22146,2010-01-04,43,71.85
22146,2010-01-11,17,35.41
22146,2010-01-18,168,291.60
22146,2010-01-25,68,120.60
22146,2010-02-01,96,177.46
22146,2010-02-08,42,81.90
22146,2010-02-15,167,303.91
22146,2010-02-22,534,897.30
22146,2010-03-01,47,91.65
22146,2010-03-08,13,25.35
22146,2010-03-29,55,254.25
22146,2010-06-21,1,1.95
22146,2010-07-12,4,7.80
22146,2010-09-06,9,17.55
22146,2010-11-22,1,1.95
22146,2011-01-24,1,1.95
22148,2009-11-30,6,11.70
22148,2009-12-07,3,5.85
22148,2009-12-14,135,250.75
22148,2010-01-04,40,66.00
22148,2010-01-11,33,64.35
22148,2010-01-18,157,270.15
22148,2010-01-25,146,260.70
22148,2010-02-01,200,354.00
22148,2010-02-08,117,230.41
22148,2010-02-15,72,130.66
22148,2010-02-22,282,477.90
22148,2010-03-01,2,3.90
22148,2010-03-08,9,37.89
22148,2010-03-15,5,21.05
22148,2010-03-22,5,21.05
22148,2010-03-29,77,327.23
22148,2010-04-26,1,1.95
22148,2010-06-21,1,1.95
22148,2010-08-02,2,3.90
22148,2010-09-06,12,23.40
22148,2010-11-08,2,3.90
22148,2010-11-15,1,1.95
22148,2010-12-20,1,4.21
22148,2011-01-03,74,132.30
22148,2011-01-10,30,60.68
22148,2011-01-17,20,41.18
22148,2011-01-24,103,207.39
22148,2011-01-31,49,99.91
22148,2011-02-07,59,115.05
22148,2011-02-14,307,528.83
22148,2011-02-21,241,436.13
22148,2011-02-28,74,146.48
22148,2011-03-07,150,296.86
22148,2011-03-14,116,237.10
22148,2011-03-21,174,329.48
22148,2011-03-28,321,827.49
22148,2011-04-04,57,124.23
22148,2011-04-11,84,163.80
22148,2011-04-18,7,28.91
22148,2011-05-09,12,23.40
22148,2011-06-06,1,4.13
22148,2011-07-04,2,3.90
22148,2011-07-11,2,8.26
22148,2011-08-01,12,23.40
22148,2011-09-26,12,23.40
22148,2011-10-10,3,5.85
22148,2011-10-24,1,4.13
22148,2011-11-14,8,15.60
22148,2011-11-21,7,13.65
22148,2011-11-28,12,23.40
22172,2009-11-30,10,102.70
22172,2009-12-07,12,110.85
22172,2009-12-14,8,76.85
22172,2010-01-11,4,34.00
22172,2010-01-18,18,180.12
22172,2010-01-25,9,84.98
22172,2010-02-01,7,59.50
22172,2010-02-08,5,42.50
22172,2010-02-15,6,51.00
22172,2010-02-22,3,25.50
22172,2010-03-01,10,93.48
22172,2010-03-08,3,50.94
22172,2010-03-15,14,112.20
22172,2010-03-22,8,68.00
22172,2010-03-29,10,93.48
22172,2010-04-05,18,153.00
22172,2010-04-12,16,136.00
22172,2010-04-19,49,446.98
22172,2010-04-26,14,152.92
22172,2010-05-03,7,76.46
22172,2010-05-10,22,187.00
22172,2010-05-17,8,76.48
22172,2010-05-24,7,59.50
22172,2010-05-31,8,68.00
22172,2010-06-07,16,136.00
22172,2010-06-14,4,34.00
22172,2010-06-21,4,42.48
22172,2010-06-28,17,136.00
22172,2010-07-05,11,110.46
22172,2010-07-12,19,169.98
22172,2010-07-19,13,118.98
22172,2010-07-26,16,144.48
22172,2010-08-02,1,8.50
22172,2010-09-27,1,8.50
22177,2009-11-30,10,111.25
22177,2009-12-07,7,81.40
22177,2009-12-14,3,41.60
22177,2009-12-21,8,79.60
22177,2010-01-04,2,19.90
22177,2010-01-11,12,188.02
22177,2010-01-18,10,110.78
22177,2010-01-25,17,202.99
22177,2010-02-01,15,160.53
22177,2010-02-08,11,143.29
22177,2010-02-15,19,171.65
22177,2010-02-22,7,69.65
22177,2010-03-01,6,82.26
22177,2010-03-08,17,163.03
22177,2010-03-15,3,29.85
22177,2010-03-22,13,129.35
22177,2010-03-29,119,842.17
22177,2010-04-05,5,49.75
22177,2010-04-12,7,69.65
22177,2010-04-19,11,143.29
22177,2010-04-26,10,99.50
22177,2010-05-03,2,19.90
22177,2010-08-23,12,102.00
22214,2009-11-30,6,15.30
22214,2009-12-07,6,15.30
22214,2009-12-14,1,5.17
22214,2009-12-21,96,201.60
22214,2010-01-04,6,15.30
22214,2010-02-01,7,20.36
22214,2010-02-15,6,15.30
22214,2010-02-22,24,61.20
22214,2010-03-01,12,30.60
22214,2010-03-29,2,7.61
22214,2010-04-12,6,15.30
22214,2010-04-19,2,5.10
22214,2010-05-10,6,15.30
22214,2010-05-17,42,107.10
22214,2010-06-07,4,10.20
22214,2010-06-14,6,15.30
22214,2010-06-28,14,35.70
22214,2010-07-19,1,5.06
22214,2010-08-02,4,20.24
22214,2010-08-16,24,61.20
22214,2010-08-30,6,15.30
22214,2010-09-06,7,17.85
22214,2010-09-27,16,40.80
22214,2010-10-04,1,2.55
22214,2010-10-11,48,100.80
22214,2010-11-15,3,7.65
22214,2010-12-13,35,89.25
22214,2010-12-20,4,6.64
22214,2011-01-03,17,28.22
22214,2011-01-10,27,44.55
22214,2011-01-17,19,30.97
22214,2011-01-24,6,15.30
22214,2011-02-07,1,4.96
22214,2011-02-14,1,2.55
22214,2011-02-28,6,15.30
22214,2011-03-14,6,15.30
22214,2011-03-21,1,4.96
22214,2011-04-18,4,10.20
22214,2011-05-02,1,4.96
22214,2011-05-09,1,2.55
22214,2011-05-30,2,9.92
22214,2011-06-20,8,20.40
22214,2011-07-11,6,15.30
22214,2011-08-15,7,20.26
22214,2011-08-22,7,17.85
22214,2011-08-29,1,4.96
22214,2011-09-05,1,2.55
22214,2011-10-03,3,10.06
22214,2011-10-24,1,4.96
22214,2011-11-07,1,4.96
22214,2011-11-14,1,4.96
22214,2011-12-05,26,24.71
22218,2009-11-30,54,221.90
22218,2009-12-07,7,38.55
22218,2009-12-14,11,55.55
22218,2009-12-21,41,171.05
22218,2010-01-04,18,76.50
22218,2010-01-11,55,238.99
22218,2010-01-18,45,187.69
22218,2010-01-25,30,123.94
22218,2010-02-08,9,42.47
22218,2010-02-15,33,140.91
22218,2010-02-22,2,8.50
22218,2010-03-01,9,42.47
22218,2010-03-08,17,93.35
22218,2010-03-15,30,140.82
22218,2010-03-22,4,29.66
22218,2010-03-29,15,76.41
22218,2010-04-05,35,140.97
22218,2010-04-12,12,51.00
22218,2010-04-19,12,63.66
22218,2010-04-26,38,195.92
22218,2010-05-03,54,238.60
22218,2010-05-10,8,34.00
22218,2010-05-17,1,8.47
22218,2010-05-24,79,309.97
22218,2010-05-31,12,67.88
22218,2010-06-07,41,162.25
22218,2010-06-14,13,63.69
22218,2010-06-21,95,424.39
22218,2010-06-28,13,63.69
22218,2010-07-05,46,183.50
22218,2010-07-12,11,50.97
22218,2010-07-19,5,25.47
22218,2010-07-26,9,38.25
22218,2010-08-02,46,208.82
22218,2010-08-09,7,33.97
22218,2010-08-16,107,415.19
22218,2010-08-23,32,145.10
22218,2010-08-30,3,21.19
22218,2010-09-06,12,55.22
22218,2010-09-13,31,128.19
22218,2010-09-20,4,25.44
22218,2010-09-27,18,80.72
22218,2010-10-04,10,46.72
22218,2010-10-11,59,235.19
22218,2010-10-18,37,149.97
22218,2010-11-01,3,12.75
22218,2010-11-15,1,4.25
22218,2010-12-13,1,4.25
22220,2009-11-30,15,149.25
22220,2009-12-07,8,79.60
22220,2009-12-14,7,91.41
22220,2010-01-04,4,39.80
22220,2010-01-11,12,102.00
22220,2010-01-18,4,50.23
22220,2010-01-25,39,353.25
22220,2010-02-01,6,70.13
22220,2010-02-08,6,59.70
22220,2010-02-15,12,119.40
22220,2010-02-22,6,70.13
22220,2010-03-01,28,278.60
22220,2010-03-15,15,131.85
22220,2010-03-22,9,99.98
22220,2010-03-29,7,80.08
22220,2010-04-05,14,139.30
22220,2010-04-12,5,49.75
22220,2010-04-19,40,345.80
22220,2010-04-26,6,59.70
22220,2010-05-03,14,139.30
22220,2010-05-10,23,211.45
22220,2010-05-17,3,40.28
22220,2010-05-24,16,141.80
22220,2010-05-31,8,79.60
22220,2010-06-07,5,49.75
22220,2010-06-14,16,141.80
22220,2010-06-21,12,119.40
22220,2010-06-28,5,49.75
22220,2010-07-05,13,129.35
22220,2010-07-12,2,19.90
22220,2010-07-19,6,59.70
22220,2010-07-26,2,19.90
22220,2010-08-02,8,79.60
22220,2010-08-09,8,110.89
22220,2010-08-16,8,79.60
22220,2010-08-23,7,69.65
22220,2010-08-30,13,133.98
22220,2010-09-06,17,169.15
22220,2010-09-13,6,59.70
22220,2010-09-20,3,29.85
22220,2010-09-27,25,231.35
22220,2010-10-04,2,19.90
22220,2010-10-11,9,99.98
22220,2010-10-18,8,79.60
22220,2010-10-25,1,9.95
22220,2010-11-01,4,39.80
22220,2010-11-08,4,39.80
22220,2010-11-15,5,49.75
22220,2010-11-22,4,39.80
22220,2010-11-29,15,131.85
22220,2010-12-20,1,20.38
22220,2011-01-03,1,9.95
22220,2011-01-10,15,131.85
22220,2011-01-17,2,29.91
22220,2011-01-24,3,29.85
22220,2011-01-31,2,19.90
22220,2011-02-07,3,39.86
22220,2011-02-14,7,79.66
22220,2011-02-21,5,59.76
22220,2011-02-28,7,79.66
22220,2011-03-07,4,39.80
22220,2011-03-14,5,69.77
22220,2011-03-21,5,49.75
22220,2011-03-28,7,139.72
22220,2011-04-25,1,9.95
22220,2011-05-09,2,19.90
22220,2011-05-23,2,19.90
22220,2011-06-06,2,19.90
22220,2011-06-13,5,49.75
22220,2011-07-04,2,19.90
22220,2011-07-11,3,39.86
22220,2011-07-25,2,19.90
22220,2011-08-01,2,19.90
22220,2011-08-15,7,69.65
22220,2011-08-22,2,19.90
22220,2011-09-05,4,39.80
22220,2011-09-12,1,9.95
22220,2011-09-19,3,29.85
22220,2011-09-26,4,39.80
22220,2011-10-03,2,19.90
22220,2011-10-10,3,29.85
22220,2011-10-17,2,19.90
22220,2011-10-24,2,19.90
22220,2011-10-31,6,79.72
22220,2011-11-07,16,141.80
22220,2011-11-14,1,9.95
22220,2011-11-21,3,29.85
22220,2011-11-28,14,55.30
22220,2011-12-05,73,215.35
22241,2009-11-30,60,75.00
22241,2009-12-07,3,3.75
22241,2009-12-14,30,40.14
22241,2010-01-11,350,275.08
22241,2010-01-18,51,67.53
22241,2010-01-25,160,201.26
22241,2010-02-01,166,210.02
22241,2010-02-08,101,131.29
22241,2010-02-15,400,450.32
22241,2010-02-22,112,150.08
22241,2010-03-01,214,272.54
22241,2010-03-08,63,102.69
22241,2010-03-15,158,213.88
22241,2010-03-22,143,208.99
22241,2010-03-29,245,660.31
22241,2010-04-05,7,15.05
22241,2010-04-12,6,7.50
22241,2010-04-19,8,11.26
22241,2010-04-26,16,21.26
22241,2010-05-10,8,11.26
22241,2010-05-24,1,2.51
22241,2010-06-21,1,1.25
22241,2010-07-05,2,2.50
22241,2010-08-16,1,2.51
22241,2010-09-06,18,22.50
22241,2010-09-13,4,5.00
22241,2010-09-20,26,32.50
22241,2010-09-27,12,15.00
22241,2010-10-11,1,1.25
22241,2010-10-25,8,10.00
22241,2010-11-01,2,2.50
22241,2010-11-08,3,3.75
22241,2010-11-15,7,10.01
22241,2010-11-22,12,15.00
22241,2010-11-29,2,2.50
22241,2010-12-06,4,5.00
22241,2010-12-20,3,7.53
22241,2011-01-03,64,82.52
22241,2011-01-10,23,30.01
22241,2011-01-17,74,99.76
22241,2011-01-24,155,202.22
22241,2011-01-31,45,57.46
22241,2011-02-07,145,184.88
22241,2011-02-14,74,94.92
22241,2011-02-21,59,77.38
22241,2011-02-28,126,174.44
22241,2011-03-07,340,419.42
22241,2011-03-14,113,164.24
22241,2011-03-21,183,250.53
22241,2011-03-28,287,338.65
22241,2011-04-04,54,96.54
22241,2011-04-11,125,156.25
22241,2011-04-18,65,139.33
22241,2011-04-25,1,2.46
22241,2011-05-09,3,4.96
22241,2011-05-30,1,1.25
22241,2011-06-27,4,9.84
22241,2011-07-25,1,1.25
22241,2011-08-08,1,1.25
22241,2011-09-05,4,5.00
22241,2011-09-19,2,2.50
22241,2011-10-10,3,3.75
22241,2011-10-17,2,4.92
22241,2011-11-14,3,6.17
22241,2011-11-21,12,15.00
22253,2009-11-30,66,82.50
22253,2009-12-07,24,31.32
22253,2009-12-14,42,57.78
22253,2009-12-21,2,5.14
22253,2010-01-04,12,15.00
22253,2010-01-11,18,23.76
22253,2010-01-18,229,249.77
22253,2010-01-25,51,65.01
22253,2010-02-01,37,46.25
22253,2010-02-08,15,20.01
22253,2010-02-15,218,238.54
22253,2010-02-22,29,38.77
22253,2010-03-01,49,62.51
22253,2010-03-08,29,42.55
22253,2010-03-15,43,56.27
22253,2010-03-22,43,53.75
22253,2010-03-29,52,65.00
22253,2010-04-05,10,10.60
22270,2009-11-30,16,60.00
22270,2009-12-07,2,7.50
22270,2009-12-14,4,15.00
22270,2010-01-04,4,15.00
22270,2010-01-11,26,97.50
22270,2010-01-18,72,252.72
22270,2010-01-25,12,45.00
22270,2010-02-01,22,82.50
22270,2010-02-08,20,75.00
22270,2010-02-15,29,108.75
22270,2010-02-22,45,172.62
22270,2010-03-01,11,41.25
22270,2010-03-08,17,67.62
22270,2010-03-15,85,309.21
22270,2010-03-22,21,86.49
22270,2010-03-29,20,121.44
22270,2010-04-05,1,3.75
22270,2010-04-12,1,3.75
22270,2010-04-19,2,7.50
22270,2010-04-26,6,22.50
22270,2010-05-03,10,37.50
22270,2010-05-24,2,7.50
22270,2010-06-14,2,7.50
22270,2010-06-21,1,3.75
22270,2010-07-05,1,3.75
22270,2010-07-19,1,3.75
22270,2010-07-26,1,3.75
22270,2010-08-09,1,7.62
22270,2010-09-06,1,3.75
22270,2010-09-20,2,7.50
22270,2010-09-27,4,15.00
22270,2010-11-08,6,22.50
22270,2010-12-13,13,48.75
22270,2011-01-03,9,33.75
22270,2011-01-10,8,30.00
22270,2011-01-17,3,11.25
22270,2011-01-24,5,26.17
22270,2011-01-31,8,41.13
22270,2011-02-07,8,30.00
22270,2011-02-14,20,75.00
22270,2011-02-21,53,181.47
22270,2011-02-28,23,86.25
22270,2011-03-07,3,11.25
22270,2011-03-14,21,78.75
22270,2011-03-21,1,3.75
22270,2011-03-28,15,56.25
22270,2011-04-04,10,48.63
22270,2011-04-11,4,15.00
22270,2011-04-18,5,33.59
22270,2011-05-30,4,15.00
22270,2011-06-27,1,3.75
22270,2011-09-05,20,75.00
22270,2011-09-26,2,7.50
22270,2011-10-03,1,3.75
22270,2011-10-31,1,7.46
22270,2011-11-14,2,7.50
22270,2011-11-21,4,15.00
22275,2009-11-30,36,306.00
22275,2009-12-07,34,305.35
22275,2009-12-14,43,371.65
22275,2009-12-21,8,68.00
22275,2010-01-04,3,25.50
22275,2010-01-11,92,717.38
22275,2010-01-18,12,110.48
22275,2010-01-25,34,294.04
22275,2010-02-01,16,136.00
22275,2010-02-08,8,68.00
22275,2010-02-15,7,67.98
22275,2010-02-22,26,204.00
22275,2010-03-01,27,227.78
22275,2010-03-08,7,84.94
22275,2010-03-15,4,34.00
22275,2010-03-22,21,168.30
22275,2010-03-29,14,119.00
22275,2010-04-05,3,25.50
22275,2010-04-12,53,414.80
22275,2010-04-19,75,583.10
22275,2010-04-26,7,67.98
22275,2010-05-03,7,59.50
22275,2010-05-10,8,68.00
22275,2010-05-17,16,136.00
22275,2010-05-24,31,263.50
22275,2010-05-31,8,76.48
22275,2010-06-07,53,409.70
22275,2010-06-14,17,142.80
22275,2010-06-21,10,83.30
22275,2010-06-28,26,221.00
22275,2010-07-05,23,203.98
22275,2010-07-12,4,50.96
22275,2010-07-19,16,136.00
22275,2010-07-26,6,51.00
22275,2010-08-02,9,76.50
22275,2010-08-09,5,42.50
22275,2010-08-16,11,93.50
22275,2010-08-23,17,144.50
22275,2010-09-06,8,68.00
22275,2010-09-13,13,110.50
22275,2010-09-20,14,119.00
22275,2010-09-27,24,204.00
22275,2010-10-04,3,25.50
22275,2010-10-11,11,93.50
22275,2010-10-18,10,93.48
22275,2010-11-01,1,8.50
22275,2010-11-29,69,527.85
22281,2009-11-30,2,11.90
22281,2009-12-07,5,36.80
22281,2010-01-04,2,11.90
22281,2010-01-11,180,759.00
22281,2010-01-18,8,54.37
22281,2010-01-25,17,101.15
22281,2010-02-01,10,59.50
22281,2010-02-08,13,77.35
22281,2010-02-15,8,47.60
22281,2010-02-22,8,61.14
22281,2010-03-01,25,216.45
22281,2010-03-08,19,201.06
22281,2010-03-15,48,367.78
22281,2010-03-22,24,264.66
22281,2010-03-29,4,44.11
22281,2010-04-05,3,17.85
22281,2010-05-24,2,11.90
22281,2010-10-11,1,5.95
22281,2010-11-15,1,5.95
22281,2010-11-22,2,11.90
22281,2010-12-13,1,12.72
22281,2011-01-10,2,11.90
22281,2011-01-17,3,17.85
22281,2011-01-24,13,83.86
22281,2011-01-31,7,48.16
22281,2011-02-07,13,83.86
22281,2011-02-14,8,73.64
22281,2011-02-21,10,59.50
22281,2011-02-28,6,35.70
22281,2011-03-07,14,89.81
22281,2011-03-14,13,96.88
22281,2011-03-21,11,78.47
22281,2011-03-28,9,60.06
22281,2011-04-04,8,73.64
22281,2011-04-11,2,11.90
22281,2011-04-18,5,49.28
22281,2011-04-25,2,11.90
22281,2011-07-11,1,12.46
22281,2011-10-31,2,11.90
22281,2011-12-05,2,11.90
22286,2009-11-30,13,23.23
22286,2009-12-21,1,1.65
22286,2010-01-11,336,359.40
22286,2010-01-18,42,69.30
22286,2010-01-25,86,141.90
22286,2010-02-01,13,21.45
22286,2010-02-08,27,46.26
22286,2010-02-15,26,44.61
22286,2010-02-22,23,39.66
22286,2010-03-01,60,102.42
22286,2010-03-08,30,50.52
22286,2010-03-15,45,75.96
22286,2010-03-22,50,85.92
22286,2010-03-29,39,78.03
22286,2010-08-23,12,19.80
22286,2010-11-22,12,19.80
22286,2010-12-06,1,3.36
22286,2010-12-13,3,6.66
22286,2011-01-03,1,1.65
22286,2011-01-10,24,39.60
22286,2011-01-17,15,24.75
22286,2011-01-24,25,42.89
22286,2011-02-07,38,65.98
22286,2011-02-14,36,59.40
22286,2011-02-21,42,77.50
22286,2011-02-28,27,49.47
22286,2011-03-07,33,59.37
22286,2011-03-14,38,65.98
22286,2011-03-21,23,42.87
22286,2011-03-28,13,21.45
22286,2011-04-04,19,41.19
22286,2011-04-11,28,46.20
22286,2011-04-18,31,62.63
22286,2011-06-06,24,9.36
22286,2011-06-20,3,6.97
22286,2011-06-27,86,45.58
22286,2011-07-04,28,14.36
22286,2011-07-11,6,7.50
22286,2011-07-18,109,74.33
22286,2011-07-25,29,11.31
22286,2011-08-01,24,9.36
22286,2011-08-15,54,21.06
22286,2011-08-22,105,40.95
22286,2011-08-29,1,0.39
22286,2011-09-19,17,6.63
22286,2011-10-03,27,10.53
22286,2011-10-10,48,18.72
22286,2011-10-17,121,47.19
22286,2011-10-24,8,3.12
22286,2011-10-31,12,4.68
22286,2011-11-07,16,6.24
22286,2011-11-14,25,12.65
22286,2011-11-21,6,2.34
22286,2011-11-28,3,1.17
22290,2009-12-07,6,12.60
22290,2009-12-14,1,4.30
22290,2010-01-04,2,4.20
22290,2010-01-11,306,432.60
22290,2010-01-18,34,71.40
22290,2010-01-25,36,75.60
22290,2010-02-01,67,140.70
22290,2010-02-08,16,35.71
22290,2010-02-15,19,42.01
22290,2010-02-22,34,75.62
22290,2010-03-01,35,73.50
22290,2010-03-08,51,115.54
22290,2010-03-15,65,135.00
22290,2010-03-22,15,39.94
22290,2010-03-29,1,2.10
22291,2009-11-30,3,4.35
22291,2009-12-14,3,4.35
22291,2010-01-11,793,883.45
22291,2010-01-18,79,114.55
22291,2010-01-25,88,127.60
22291,2010-02-01,84,121.80
22291,2010-02-08,52,79.99
22291,2010-02-15,39,58.08
22291,2010-02-22,135,182.88
22291,2010-03-01,144,200.73
22291,2010-03-08,104,147.53
22291,2010-03-15,96,140.73
22291,2010-03-22,67,101.74
22291,2010-03-29,5,10.31
22291,2010-04-05,25,37.78
22291,2010-04-19,7,11.68
22291,2010-04-26,1,2.98
22291,2010-05-10,12,25.05
22291,2010-06-07,24,34.80
22291,2010-07-12,3,8.94
22291,2010-07-19,2,2.90
22291,2010-07-26,30,43.50
22291,2010-08-09,2,4.43
22291,2010-08-16,24,34.80
22291,2010-09-13,15,21.75
22291,2010-09-20,24,34.80
22291,2010-10-04,24,34.80
22291,2010-10-11,10,16.03
22291,2010-10-18,6,8.70
22291,2010-11-08,1,1.45
22291,2010-11-22,4,7.33
22291,2010-12-06,24,34.80
22291,2010-12-13,48,69.60
22291,2011-01-03,31,44.95
22291,2011-01-17,56,81.20
22291,2011-01-24,38,55.10
22291,2011-01-31,55,81.22
22291,2011-02-07,4,7.27
22291,2011-02-14,80,116.00
22291,2011-02-21,103,156.70
22291,2011-02-28,53,79.79
22291,2011-03-07,125,181.25
22291,2011-03-14,103,150.82
22291,2011-03-21,85,139.42
22291,2011-03-28,155,226.22
22291,2011-04-04,21,37.80
22291,2011-04-11,53,76.85
22291,2011-04-18,9,18.93
22291,2011-05-09,9,13.05
22291,2011-05-16,6,8.70
22291,2011-05-23,27,39.15
22291,2011-05-30,2,2.90
22291,2011-06-06,2,2.90
22291,2011-06-20,6,8.70
22291,2011-06-27,30,42.30
22291,2011-07-04,37,51.05
22291,2011-07-11,8,10.00
22291,2011-07-18,40,54.80
22291,2011-07-25,13,18.85
22291,2011-08-01,14,20.30
22291,2011-08-15,24,34.80
22291,2011-09-05,24,34.80
22291,2011-09-19,24,34.80
22291,2011-09-26,6,8.70
22291,2011-11-21,2,2.90
22302,2009-11-30,76,196.42
22302,2009-12-07,84,198.00
22302,2009-12-14,60,160.86
22302,2010-01-04,24,61.20
22302,2010-01-11,48,122.40
22302,2010-01-18,63,144.45
22302,2010-01-25,53,147.70
22302,2010-02-01,80,187.80
22302,2010-02-08,25,63.75
22302,2010-02-15,42,105.96
22302,2010-02-22,84,198.00
22302,2010-03-01,24,61.20
22302,2010-03-08,6,15.30
22302,2010-03-15,34,96.74
22302,2010-03-22,21,53.55
22302,2010-03-29,7,20.36
22302,2010-04-05,8,20.40
22302,2010-04-12,55,124.05
22302,2010-04-19,73,172.46
22302,2010-04-26,106,247.94
22302,2010-05-03,30,76.50
22302,2010-05-10,12,30.60
22302,2010-05-17,38,101.92
22302,2010-05-24,45,117.26
22302,2010-05-31,18,45.90
22302,2010-06-07,403,677.73
22302,2010-06-14,49,124.95
22302,2010-06-21,43,93.45
22302,2010-06-28,39,101.96
22302,2010-07-05,66,152.10
22302,2010-07-12,330,491.58
22302,2010-07-19,99,241.27
22302,2010-07-26,405,600.75
22302,2010-08-02,3,7.65
22302,2010-08-16,6,15.30
22302,2010-08-23,36,75.60
22302,2010-09-06,2,5.10
22302,2010-09-20,3,7.65
22302,2010-10-11,3,7.65
22302,2010-12-13,48,106.20
22302,2010-12-20,53,135.15
22302,2011-01-03,72,167.40
22302,2011-01-10,13,35.56
22302,2011-01-17,31,95.92
22302,2011-01-24,55,142.66
22302,2011-01-31,18,45.90
22302,2011-02-07,45,98.55
22302,2011-02-14,6,15.30
22302,2011-02-21,120,289.80
22302,2011-02-28,12,30.60
22302,2011-03-07,78,182.70
22302,2011-03-14,60,136.80
22302,2011-03-21,77,180.15
22302,2011-03-28,58,131.70
22302,2011-04-04,12,30.60
22302,2011-04-11,11,28.05
22302,2011-04-18,39,104.27
22302,2011-04-25,49,124.95
22302,2011-05-02,69,166.98
22302,2011-05-09,96,228.60
22302,2011-05-16,30,76.50
22302,2011-05-23,12,30.60
22302,2011-05-30,7,20.26
22302,2011-06-06,12,30.60
22302,2011-06-13,8,20.40
22302,2011-06-20,55,124.05
22302,2011-06-27,6,15.30
22302,2011-07-04,37,96.76
22302,2011-07-11,6,15.30
22302,2011-07-18,55,126.46
22302,2011-07-25,14,38.11
22302,2011-08-01,24,61.20
22302,2011-08-08,44,96.00
22302,2011-08-15,15,38.25
22302,2011-08-22,43,109.65
22302,2011-08-29,19,50.86
22302,2011-09-05,18,45.90
22302,2011-09-12,20,51.00
22302,2011-09-19,37,96.76
22302,2011-09-26,26,66.30
22302,2011-10-03,19,50.86
22302,2011-10-10,30,76.50
22302,2011-10-17,84,181.80
22302,2011-10-24,34,86.70
22302,2011-10-31,438,499.14
22302,2011-11-07,22,65.74
22302,2011-11-14,78,182.70
22302,2011-11-21,14,35.70
22302,2011-11-28,55,142.66
22302,2011-12-05,46,126.94
22303,2009-11-30,83,216.89
22303,2009-12-07,87,208.27
22303,2009-12-14,59,155.69
22303,2009-12-21,6,15.30
22303,2010-01-04,24,61.20
22303,2010-01-11,24,61.20
22303,2010-01-18,36,91.80
22303,2010-01-25,39,106.98
22303,2010-02-01,80,187.80
22303,2010-02-08,54,137.70
22303,2010-02-15,118,277.40
22303,2010-02-22,123,281.25
22303,2010-03-01,32,81.60
22303,2010-03-08,12,30.60
22303,2010-03-15,42,107.10
22303,2010-03-22,33,84.15
22303,2010-03-29,49,111.26
22303,2010-04-05,50,111.30
22303,2010-04-12,61,139.35
22303,2010-04-19,50,116.32
22303,2010-04-26,96,212.40
22303,2010-05-03,144,318.60
22303,2010-05-10,19,50.96
22303,2010-05-17,30,76.50
22303,2010-05-24,93,223.46
22303,2010-05-31,12,30.60
22303,2010-06-07,44,114.71
22303,2010-06-14,43,109.65
22303,2010-06-21,26,71.32
22303,2010-06-28,99,238.76
22303,2010-07-05,66,152.10
22303,2010-07-12,18,60.96
22303,2010-07-19,111,271.87
22303,2010-07-26,28,71.40
22303,2010-08-02,33,84.15
22303,2010-08-09,14,35.70
22303,2010-08-16,36,91.80
22303,2010-08-23,120,257.40
22303,2010-08-30,24,61.20
22303,2010-09-06,60,153.00
22303,2010-09-13,24,61.20
22303,2010-09-20,111,250.65
22303,2010-09-27,93,239.66
22303,2010-10-04,38,101.92
22303,2010-10-11,102,243.90
22303,2010-10-18,46,117.30
22303,2010-10-25,36,91.80
22303,2010-11-15,2,5.10
22303,2010-12-13,10,35.54
22303,2010-12-20,48,122.40
22303,2011-01-03,66,152.10
22303,2011-01-10,37,96.76
22303,2011-01-17,44,117.02
22303,2011-01-24,97,233.56
22303,2011-01-31,42,107.10
22303,2011-02-07,39,83.25
22303,2011-02-14,48,106.20
22303,2011-02-21,198,440.10
22303,2011-02-28,48,106.20
22303,2011-03-07,31,81.46
22303,2011-03-14,81,197.58
22303,2011-03-21,72,167.40
22303,2011-03-28,73,169.95
22303,2011-04-04,12,30.60
22303,2011-04-11,29,73.95
22303,2011-04-18,70,185.73
22303,2011-04-25,61,155.55
22303,2011-05-02,86,212.74
22303,2011-05-09,72,183.60
22303,2011-05-16,38,96.90
22303,2011-05-23,62,141.90
22303,2011-05-30,31,81.46
22303,2011-06-06,24,61.20
22303,2011-06-13,25,66.16
22303,2011-06-20,72,167.40
22303,2011-06-27,18,45.90
22303,2011-07-04,30,76.50
22303,2011-07-11,54,121.50
22303,2011-07-18,66,152.10
22303,2011-07-25,14,38.11
22303,2011-08-01,24,61.20
22303,2011-08-08,38,96.90
22303,2011-08-15,12,30.60
22303,2011-08-22,36,91.80
22303,2011-08-29,8,25.22
22303,2011-09-05,24,61.20
22303,2011-09-12,19,50.86
22303,2011-09-19,36,91.80
22303,2011-09-26,21,55.96
22303,2011-10-03,31,79.05
22303,2011-10-10,30,76.50
22303,2011-10-17,96,212.40
22303,2011-10-24,36,91.80
22303,2011-10-31,444,514.44
22303,2011-11-07,47,131.90
22303,2011-11-14,78,182.70
22303,2011-11-21,35,96.48
22303,2011-11-28,49,127.36
22303,2011-12-05,60,167.46
22323,2009-11-30,10,54.94
22323,2009-12-14,3,20.29
22323,2010-01-04,96,408.00
22323,2010-01-11,1,4.95
22323,2010-01-18,1,10.17
22323,2010-02-15,9,44.55
22323,2010-02-22,4,7.80
22323,2010-03-01,10,28.50
22323,2010-03-08,3,5.85
22323,2010-03-15,4,7.80
22323,2010-03-22,64,118.62
22323,2010-03-29,12,23.40
22323,2010-04-12,32,62.40
22323,2010-04-19,15,45.07
22323,2010-04-26,14,27.30
22323,2010-05-03,38,74.10
22323,2010-05-10,1,4.21
22323,2010-05-17,7,27.21
22323,2010-05-24,17,39.93
22323,2010-05-31,5,18.79
22323,2010-06-07,10,19.50
22323,2010-06-14,8,22.38
22323,2010-06-21,33,82.43
22323,2010-06-28,18,44.14
22323,2010-07-05,18,37.36
22323,2010-07-12,3,10.37
22323,2010-07-19,30,63.02
22323,2010-07-26,5,21.05
22323,2010-08-02,15,33.77
22323,2010-08-09,18,37.36
22323,2010-08-16,2,3.90
22323,2010-08-23,29,58.81
22323,2010-08-30,4,16.84
22323,2010-09-06,16,33.46
22323,2010-09-13,13,27.61
22323,2010-09-20,13,25.35
22323,2010-09-27,15,36.03
22323,2010-10-04,12,23.40
22323,2010-10-18,1,1.95
22323,2010-11-08,1,1.95
22323,2010-11-15,11,21.45
22323,2010-11-22,15,29.25
22323,2011-01-10,1,1.95
22347,2009-11-30,95,130.63
22347,2009-12-07,75,105.63
22347,2009-12-14,94,130.70
22347,2009-12-21,25,32.57
22347,2010-01-04,8,10.00
22347,2010-01-11,27,45.39
22347,2010-01-18,12,15.00
22347,2010-01-25,12,20.04
22347,2010-02-01,14,17.50
22347,2010-02-08,20,25.00
22347,2010-02-15,72,91.26
22347,2010-03-01,42,52.50
22347,2010-03-08,20,27.52
22347,2010-03-15,16,20.00
22347,2010-03-22,16,25.04
22347,2010-03-29,24,30.00
22347,2010-04-05,15,22.53
22347,2010-04-12,12,15.00
22347,2010-04-19,526,572.06
22347,2010-04-26,18,22.50
22347,2010-05-03,30,32.94
22347,2010-05-10,56,72.52
22347,2010-05-17,204,216.24
22347,2010-05-24,49,62.51
22347,2010-05-31,35,45.01
22347,2010-06-07,425,456.25
22347,2010-06-14,1,2.51
22347,2010-06-21,5,6.25
22347,2010-06-28,300,318.00
22347,2010-07-05,432,457.92
22347,2010-08-16,42,45.66
22353,2009-11-30,87,245.43
22353,2009-12-07,55,153.35
22353,2009-12-14,105,245.99
22353,2009-12-21,16,48.66
22353,2010-01-04,12,30.60
22353,2010-01-11,102,243.14
22353,2010-01-18,205,464.34
22353,2010-01-25,56,155.35
22353,2010-02-01,21,66.10
22353,2010-02-08,134,317.21
22353,2010-02-15,152,343.64
22353,2010-02-22,29,78.97
22353,2010-03-01,59,155.47
22353,2010-03-08,106,245.81
22353,2010-03-15,76,183.00
22353,2010-03-22,124,289.20
22353,2010-03-29,55,193.60
22353,2010-04-05,39,104.47
22353,2010-04-12,29,73.95
22353,2010-04-19,42,132.20
22353,2010-04-26,93,242.17
22353,2010-05-03,155,343.38
22353,2010-05-10,124,296.73
22353,2010-05-17,71,188.20
22353,2010-05-24,35,94.27
22353,2010-05-31,61,168.10
22353,2010-06-07,98,264.96
22353,2010-06-14,45,122.28
22353,2010-06-21,35,111.84
22353,2010-06-28,101,235.57
22353,2010-07-05,53,145.19
22353,2010-07-12,88,231.93
22353,2010-07-19,91,212.58
22353,2010-07-26,48,129.93
22353,2010-08-02,70,183.52
22353,2010-08-09,78,302.17
22353,2010-08-16,71,188.58
22353,2010-08-23,63,175.71
22353,2010-08-30,18,84.52
22353,2010-09-06,60,155.51
22353,2010-09-20,6,35.46
22353,2010-09-27,4,23.64
22353,2010-10-04,3,17.73
22353,2010-10-11,4,23.64
22353,2010-10-18,1,5.91
22353,2010-10-25,3,17.73
22353,2010-11-08,1,5.91
22353,2011-01-31,1,2.55
22353,2011-02-07,10,25.50
22353,2011-02-14,12,30.60
22353,2011-02-21,3,7.65
22353,2011-02-28,3,7.65
22353,2011-03-14,3,7.65
22353,2011-03-21,1,2.55
22353,2011-03-28,4,10.20
22353,2011-04-04,4,10.20
22353,2011-04-11,13,33.15
22353,2011-04-18,6,15.30
22353,2011-05-02,1,2.55
22400,2010-03-29,24,25.44
22400,2010-04-05,1,1.25
22400,2010-04-12,36,45.00
22400,2010-04-19,50,63.76
22400,2010-04-26,14,17.50
22400,2010-05-03,3,3.75
22400,2010-05-10,25,31.25
22400,2010-05-17,13,16.25
22400,2010-05-24,15,18.75
22400,2010-05-31,2,2.50
22400,2010-06-07,23,28.75
22400,2010-06-14,84,105.00
22400,2010-06-21,25,31.25
22400,2010-06-28,3,3.75
22400,2010-07-05,3,5.01
22400,2010-07-12,16,20.00
22400,2010-07-19,13,16.25
22400,2010-07-26,36,45.00
22400,2010-08-02,27,33.75
22400,2010-08-16,372,465.00
22400,2010-08-30,1,1.25
22400,2010-09-06,53,66.25
22400,2010-09-13,36,45.00
22400,2010-09-20,18,22.50
22400,2010-10-11,2,2.50
22400,2010-10-25,14,18.76
22400,2010-11-01,50,62.50
22400,2010-11-08,3,3.75
22400,2010-11-15,77,96.25
22400,2010-11-22,18,22.50
22400,2010-11-29,16,20.00
22400,2010-12-06,1,1.25
22400,2010-12-13,13,16.25
22400,2010-12-20,12,15.00
22400,2011-01-24,1,1.25
22400,2011-01-31,12,15.00
22400,2011-02-28,14,17.50
22400,2011-03-07,1,1.25
22400,2011-03-21,13,17.46
22400,2011-03-28,20,25.00
22400,2011-04-04,24,30.00
22400,2011-04-11,3,3.75
22400,2011-04-18,2,2.50
22400,2011-05-02,13,16.25
22400,2011-05-09,15,19.96
22400,2011-05-23,12,15.00
22400,2011-06-06,2,2.50
22400,2011-06-13,12,15.00
22400,2011-07-04,77,40.35
22400,2011-07-11,210,81.90
22400,2011-07-18,29,11.31
22400,2011-07-25,86,35.61
22400,2011-08-01,51,19.89
22400,2011-08-08,8,5.19
22400,2011-08-15,12,4.68
22400,2011-08-22,104,40.56
22400,2011-08-29,15,5.85
22400,2011-09-05,87,33.93
22400,2011-09-12,15,5.85
22400,2011-09-19,12,4.68
22400,2011-09-26,51,24.03
22400,2011-10-03,41,15.99
22400,2011-10-10,44,17.16
22400,2011-10-17,50,19.50
22400,2011-10-24,37,14.43
22400,2011-10-31,41,15.99
22400,2011-11-07,96,39.51
22400,2011-11-14,72,28.08
22400,2011-11-21,16,6.24
22400,2011-11-28,54,25.20
22400,2011-12-05,10,5.97
22410,2010-03-22,54,67.50
22410,2010-03-29,101,117.13
22410,2010-04-05,48,60.00
22410,2010-04-12,74,92.50
22410,2010-04-19,73,93.77
22410,2010-04-26,28,37.52
22410,2010-05-03,51,61.47
22410,2010-05-10,21,27.51
22410,2010-05-17,30,37.50
22410,2010-05-24,18,22.50
22410,2010-05-31,14,18.76
22410,2010-06-07,17,21.25
22410,2010-06-14,24,30.00
22410,2010-06-21,13,16.25
22410,2010-06-28,23,28.75
22410,2010-07-05,19,23.75
22410,2010-07-12,19,23.75
22410,2010-07-19,2,5.02
22410,2010-07-26,24,30.00
22410,2010-08-02,14,17.50
22410,2010-08-09,12,15.00
22410,2010-08-16,17,23.77
22410,2010-08-23,49,62.51
22410,2010-08-30,8,12.52
22410,2010-09-06,25,31.25
22410,2010-09-13,49,63.77
22410,2010-09-20,25,31.25
22410,2010-09-27,60,75.00
22410,2010-10-04,26,32.50
22410,2010-10-11,24,30.00
22410,2010-10-18,43,53.75
22410,2010-10-25,13,17.51
22410,2010-11-01,49,62.51
22410,2010-11-08,22,27.50
22410,2010-11-15,25,31.25
22410,2010-11-22,14,18.76
22410,2010-11-29,1,2.51
22410,2010-12-13,12,15.00
22410,2010-12-20,1,2.51
22410,2011-01-03,2,3.76
22410,2011-01-17,2,2.50
22410,2011-01-24,4,5.00
22410,2011-01-31,2,3.71
22410,2011-02-07,4,5.00
22410,2011-02-21,12,15.00
22410,2011-02-28,1,1.25
22410,2011-03-14,1,1.25
22410,2011-03-21,6,8.71
22410,2011-03-28,2,2.50
22410,2011-04-04,13,16.25
22410,2011-04-11,1,1.25
22410,2011-05-02,1,1.25
22410,2011-05-09,1,1.25
22410,2011-05-23,2,3.71
22410,2011-06-27,12,15.00
22410,2011-07-04,1,2.46
22410,2011-07-18,4,5.00
22410,2011-08-15,2,2.50
22410,2011-08-29,14,17.50
22410,2011-09-05,3,4.96
22410,2011-09-12,2,2.50
22410,2011-09-19,13,16.25
22410,2011-09-26,13,16.25
22410,2011-10-03,3,3.75
22410,2011-10-17,13,17.46
22410,2011-10-31,1,1.25
22410,2011-11-07,1,2.46
22410,2011-11-14,1,1.25
22410,2011-11-21,2,3.71
22410,2011-11-28,7,14.80
22410,2011-12-05,78,30.42
22496,2010-01-25,7,20.65
22496,2010-02-01,13,38.35
22496,2010-02-08,7,23.61
22496,2010-02-15,36,106.20
22496,2010-02-22,26,76.70
22496,2010-03-01,30,91.46
22496,2010-03-08,3,11.81
22496,2010-03-15,18,53.10
22496,2010-03-29,23,123.85
22496,2010-04-05,12,35.40
22496,2010-04-12,20,59.00
22496,2010-04-19,36,91.80
22496,2010-04-26,6,17.70
22496,2010-05-03,3,8.85
22496,2010-05-10,17,50.15
22496,2010-05-17,26,76.70
22496,2010-05-24,6,17.70
22496,2010-05-31,9,26.55
22496,2010-06-07,6,17.70
22496,2010-06-14,6,17.70
22496,2010-06-21,7,20.65
22496,2010-06-28,11,32.45
22496,2010-07-12,2,5.90
22496,2010-07-19,2,5.90
22496,2010-07-26,1,2.95
22496,2010-08-02,7,20.65
22496,2010-08-09,2,5.90
22496,2010-08-16,13,38.35
22496,2010-08-30,36,91.80
22496,2010-09-06,8,26.56
22496,2010-09-13,15,44.25
22496,2010-09-20,1,2.95
22496,2010-09-27,13,41.31
22496,2010-10-11,7,20.65
22496,2010-10-18,1,2.95
22496,2010-10-25,5,14.75
22496,2010-11-01,11,32.45
22496,2010-11-08,4,14.76
22496,2010-11-15,10,29.50
22496,2010-11-22,14,44.26
22496,2010-11-29,2,8.86
22496,2010-12-06,1,5.91
22496,2010-12-13,7,20.65
22496,2011-01-03,5,14.75
22496,2011-01-10,6,17.70
22496,2011-01-17,4,11.80
22496,2011-01-24,1,5.79
22496,2011-01-31,2,5.90
22496,2011-02-07,1,2.95
22496,2011-02-14,1,2.95
22496,2011-02-21,1,2.95
22496,2011-02-28,2,5.90
22496,2011-03-07,4,11.80
22496,2011-04-04,2,5.90
22496,2011-04-18,6,17.70
22496,2011-05-02,2,5.90
22496,2011-05-09,1,2.95
22496,2011-05-16,1,2.95
22496,2011-05-23,4,11.80
22496,2011-06-06,2,5.90
22496,2011-06-20,1,2.95
22496,2011-07-11,9,29.39
22496,2011-07-25,1,2.95
22496,2011-08-01,2,5.90
22496,2011-08-08,4,11.80
22496,2011-08-29,2,11.58
22496,2011-09-05,1,2.95
22496,2011-09-12,2,5.90
22496,2011-09-19,6,17.70
22496,2011-09-26,9,29.39
22496,2011-10-03,3,8.85
22496,2011-10-10,8,26.44
22496,2011-10-17,9,29.39
22496,2011-10-24,7,20.65
22496,2011-10-31,7,20.65
22496,2011-11-07,5,14.75
22496,2011-11-14,6,20.54
22496,2011-11-21,2,8.74
22496,2011-11-28,5,14.75
22496,2011-12-05,111,87.69
22520,2010-03-22,32,27.20
22520,2010-03-29,84,92.88
22520,2010-04-05,70,61.93
22520,2010-04-12,232,184.72
22520,2010-04-19,186,171.06
22520,2010-04-26,135,115.56
22520,2010-05-03,103,86.80
22520,2010-05-10,24,21.21
22520,2010-05-17,62,53.51
22520,2010-05-24,41,35.66
22520,2010-05-31,47,41.57
22520,2010-06-07,95,80.00
22520,2010-06-14,43,36.55
22520,2010-06-21,30,30.36
22520,2010-06-28,28,23.80
22520,2010-07-05,82,72.94
22520,2010-07-12,13,11.05
22520,2010-07-19,31,28.78
22520,2010-07-26,6,5.10
22520,2010-08-02,2,1.70
22520,2010-08-09,4,5.02
22520,2010-08-23,17,14.45
22520,2010-08-30,4,6.64
22520,2010-09-06,1,0.85
22520,2010-09-13,13,11.05
22520,2010-09-20,7,10.81
22520,2010-09-27,14,11.90
22520,2010-10-04,4,3.40
22520,2010-10-11,75,63.75
22520,2010-10-18,1,0.85
22520,2010-10-25,10,8.50
22520,2010-11-01,20,17.00
22520,2010-11-08,20,17.00
22520,2010-11-15,28,25.42
22520,2010-11-22,7,5.95
22520,2010-11-29,5,5.06
22520,2010-12-13,2,2.51
22520,2010-12-20,1,0.85
22520,2011-01-03,15,12.75
22520,2011-01-10,27,22.95
22520,2011-01-17,28,23.80
22520,2011-01-31,31,30.25
22520,2011-02-07,26,22.10
22520,2011-02-14,45,39.03
22520,2011-02-21,50,44.06
22520,2011-02-28,39,33.15
22520,2011-03-07,22,21.04
22520,2011-03-14,51,43.35
22520,2011-03-21,17,14.45
22520,2011-03-28,59,50.15
22520,2011-04-04,36,31.38
22520,2011-04-11,47,39.95
22520,2011-04-18,60,51.00
22520,2011-04-25,37,31.45
22520,2011-05-02,40,34.78
22520,2011-05-09,62,52.70
22520,2011-05-16,24,20.40
22522,2010-03-22,30,25.50
22522,2010-03-29,59,60.40
22522,2010-04-05,72,63.63
22522,2010-04-12,224,177.92
22522,2010-04-19,147,128.19
22522,2010-04-26,137,128.60
22522,2010-05-03,100,83.44
22522,2010-05-10,20,17.00
22522,2010-05-17,60,51.81
22522,2010-05-24,22,19.51
22522,2010-05-31,7,7.57
22522,2010-06-07,70,57.94
22522,2010-06-14,18,15.30
22522,2010-06-21,23,19.55
22522,2010-06-28,26,22.10
22522,2010-07-05,52,44.20
22522,2010-07-12,13,11.05
22522,2010-07-19,28,23.80
22522,2010-07-26,6,5.10
22522,2010-08-02,2,1.70
22522,2010-08-09,4,5.02
22522,2010-08-23,11,9.35
22522,2010-08-30,1,1.66
22522,2010-09-06,13,11.05
22522,2010-09-13,14,11.90
22522,2010-09-27,14,11.90
22522,2010-10-04,2,1.70
22522,2010-10-11,73,62.05
22522,2010-10-18,1,0.85
22522,2010-10-25,9,7.65
22522,2010-11-01,18,15.30
22522,2010-11-08,10,8.50
22522,2010-11-15,16,15.22
22522,2010-11-22,7,5.95
22522,2010-11-29,5,5.06
22522,2010-12-13,2,2.51
22522,2010-12-20,13,11.05
22522,2011-01-03,196,141.64
22522,2011-01-10,27,22.95
22522,2011-01-17,29,26.21
22522,2011-01-31,26,22.10
22522,2011-02-07,8,6.80
22522,2011-02-14,35,30.53
22522,2011-02-21,48,40.80
22522,2011-02-28,17,14.45
22522,2011-03-07,17,15.23
22522,2011-03-14,39,33.15
22522,2011-03-21,8,6.80
22522,2011-03-28,31,26.35
22522,2011-04-04,33,28.05
22522,2011-04-11,23,19.55
22522,2011-04-18,42,35.70
22522,2011-04-25,31,26.35
22522,2011-05-02,39,33.93
22522,2011-05-09,52,44.20
22522,2011-05-16,36,30.60
22522,2011-05-23,34,29.68
22522,2011-05-30,16,14.38
22522,2011-06-06,22,18.70
22522,2011-06-13,13,11.83
22522,2011-06-27,2,1.70
22522,2011-07-04,3,2.55
22522,2011-07-11,2,1.70
22522,2011-07-25,12,10.20
22522,2011-08-15,18,15.30
22522,2011-09-05,4,3.40
22522,2011-09-26,1,0.85
22522,2011-10-17,29,24.65
22522,2011-10-24,5,4.25
22522,2011-11-07,13,11.05
22522,2011-11-14,3,2.55
22522,2011-11-21,2,1.70
22522,2011-12-05,1,0.85
22596,2010-07-12,149,107.93
22596,2010-07-19,17,15.26
22596,2010-07-26,76,64.60
22596,2010-08-02,347,276.23
22596,2010-08-09,142,120.70
22596,2010-08-16,118,100.30
22596,2010-08-23,213,181.05
22596,2010-08-30,270,218.07
22596,2010-09-06,130,110.50
22596,2010-09-13,184,156.40
22596,2010-09-20,407,327.23
22596,2010-09-27,300,255.00
22596,2010-10-04,407,346.76
22596,2010-10-11,84,71.40
22596,2010-10-18,1,0.85
22596,2010-11-08,23,19.55
22596,2010-11-15,1,0.85
22596,2011-06-13,26,32.50
22596,2011-06-20,5,6.25
22596,2011-06-27,12,15.00
22596,2011-07-04,14,18.71
22596,2011-07-11,16,23.63
22596,2011-07-18,117,152.30
22596,2011-07-25,25,31.25
22596,2011-08-01,24,30.00
22596,2011-08-08,24,30.00
22596,2011-08-15,19,23.75
22596,2011-08-22,25,31.25
22596,2011-08-29,12,15.00
22596,2011-09-05,72,90.00
22596,2011-09-12,255,288.51
22596,2011-09-19,128,163.53
22596,2011-09-26,185,231.25
22596,2011-10-03,189,239.88
22596,2011-10-10,126,157.50
22596,2011-10-17,251,319.80
22596,2011-10-24,214,278.39
22596,2011-10-31,155,213.11
22596,2011-11-07,395,702.33
22596,2011-11-14,201,289.97
22596,2011-11-21,109,150.77
22596,2011-11-28,277,337.19
22596,2011-12-05,626,271.05
22612,2010-03-22,4,15.00
22612,2010-03-29,7,26.25
22612,2010-04-05,16,60.00
22612,2010-04-12,41,145.11
22612,2010-04-19,11,45.12
22612,2010-04-26,13,48.75
22612,2010-05-03,49,184.74
22612,2010-05-10,26,101.37
22612,2010-05-17,17,63.75
22612,2010-05-24,39,153.99
22612,2010-05-31,12,48.87
22612,2010-06-07,23,86.25
22612,2010-06-14,26,97.50
22612,2010-06-21,16,63.87
22612,2010-06-28,1,7.62
22612,2010-07-05,9,37.62
22612,2010-07-12,16,60.00
22612,2010-07-19,89,316.74
22612,2010-07-26,10,45.24
22612,2010-08-02,8,30.00
22612,2010-08-09,10,37.50
22612,2010-08-16,5,18.75
22612,2010-08-23,6,26.37
22612,2010-09-27,547,2264.58
22634,2010-05-17,70,626.90
22634,2010-05-24,25,237.15
22634,2010-05-31,32,306.80
22634,2010-06-07,12,119.40
22634,2010-06-14,9,89.55
22634,2010-06-21,3,29.85
22634,2010-06-28,109,968.55
22634,2010-07-05,16,169.63
22634,2010-07-12,12,119.40
22634,2010-07-19,28,255.40
22634,2010-07-26,22,207.30
22634,2010-08-02,27,251.25
22634,2010-08-09,11,109.45
22634,2010-08-16,6,59.70
22634,2010-08-23,12,107.80
22634,2010-08-30,32,295.20
22634,2010-09-06,29,298.98
22634,2010-09-13,14,149.73
22634,2010-09-20,56,499.20
22634,2010-09-27,65,606.15
22634,2010-10-04,30,319.36
22634,2010-10-11,84,761.85
22634,2010-10-18,26,247.10
22634,2010-10-25,23,228.85
22634,2010-11-01,26,258.70
22634,2010-11-08,49,494.85
22634,2010-11-15,53,564.15
22634,2010-11-22,19,189.05
22634,2010-11-29,57,520.75
22634,2010-12-06,29,253.80
22634,2010-12-13,29,265.35
22634,2010-12-20,5,49.75
22634,2011-01-03,6,80.56
22634,2011-01-10,4,39.80
22634,2011-01-17,5,49.75
22634,2011-01-24,33,305.15
22634,2011-01-31,4,39.80
22634,2011-02-07,3,29.85
22634,2011-02-14,26,223.90
22634,2011-02-21,7,69.65
22634,2011-02-28,27,233.85
22634,2011-03-07,10,99.50
22634,2011-03-14,19,187.46
22634,2011-03-21,16,141.80
22634,2011-03-28,24,215.60
22634,2011-04-04,12,129.41
22634,2011-04-11,6,59.70
22634,2011-04-18,10,87.90
22634,2011-04-25,6,59.70
22634,2011-05-02,7,69.65
22634,2011-05-09,13,127.76
22634,2011-05-16,6,59.70
22634,2011-05-23,4,39.80
22634,2011-05-30,10,87.90
22634,2011-06-06,9,77.95
22634,2011-06-13,3,39.86
22634,2011-06-20,22,195.70
22634,2011-06-27,1,9.95
22634,2011-07-04,7,69.65
22634,2011-07-11,9,89.55
22634,2011-07-18,19,165.85
22634,2011-07-25,10,87.90
22634,2011-08-01,26,229.70
22634,2011-08-08,13,117.75
22634,2011-08-15,47,409.65
22634,2011-08-22,11,109.45
22634,2011-08-29,3,59.88
22634,2011-09-05,4,39.80
22634,2011-09-12,5,59.76
22634,2011-09-19,28,243.80
22634,2011-09-26,15,137.65
22634,2011-10-03,16,147.60
22634,2011-10-10,7,69.65
22634,2011-10-17,14,127.70
22634,2011-10-24,8,89.61
22634,2011-10-31,17,161.76
22634,2011-11-07,28,249.60
22634,2011-11-14,28,277.01
22634,2011-11-21,14,137.71
22634,2011-11-28,40,373.21
22634,2011-12-05,15,159.26
22656,2010-07-12,5,1475.00
22656,2010-07-19,2,590.00
22656,2010-08-02,2,590.00
22656,2010-08-09,3,885.00
22656,2010-08-23,1,295.00
22656,2010-09-06,1,295.00
22656,2010-09-27,2,590.00
22656,2010-10-18,1,295.00
22656,2010-11-15,2,590.00
22656,2010-12-13,6,750.00
22656,2010-12-20,2,250.00
22656,2011-01-10,1,125.00
22656,2011-02-07,1,125.00
22656,2011-02-28,2,250.00
22656,2011-03-07,3,375.00
22656,2011-03-14,1,295.00
22656,2011-03-21,1,295.00
22656,2011-03-28,1,125.00
22656,2011-04-04,1,125.00
22656,2011-04-25,1,295.00
22656,2011-05-23,1,125.00
22656,2011-05-30,1,125.00
22656,2011-06-06,2,250.00
22656,2011-06-20,1,125.00
22656,2011-10-10,1,50.00
22687,2010-06-28,1,7.49
22687,2010-07-19,1,7.49
22687,2010-07-26,14,104.86
22687,2010-08-02,3,22.47
22687,2010-08-09,8,59.92
22687,2010-08-23,13,85.97
22687,2010-08-30,1,14.43
22687,2010-09-20,21,171.59
22687,2010-09-27,34,255.54
22687,2010-10-04,49,382.09
22687,2010-10-11,30,239.46
22687,2010-10-18,47,346.68
22687,2010-10-25,9,90.07
22687,2010-11-01,18,137.58
22687,2010-11-08,50,402.93
22687,2010-11-15,4,67.92
22687,2010-11-22,2,33.96
22687,2011-03-14,1,15.79
22687,2011-06-20,4,31.80
22687,2011-08-01,2,15.90
22687,2011-08-15,28,198.60
22687,2011-08-22,8,63.60
22687,2011-08-29,6,54.78
22687,2011-09-05,3,33.13
22687,2011-09-12,487,2292.25
22687,2011-09-19,14,132.26
22687,2011-09-26,6,42.48
22687,2011-10-03,1,8.25
22687,2011-10-31,3,24.75
22687,2011-11-07,7,108.03
22687,2011-11-14,1,16.63
22687,2011-11-21,8,133.04
22687,2011-11-28,3,49.89
22687,2011-12-05,8,133.04
22711,2010-05-24,25,10.50
22711,2010-05-31,75,31.50
22711,2010-06-07,25,10.50
22711,2010-06-14,75,31.50
22711,2010-06-21,75,31.50
22711,2010-06-28,125,52.50
22711,2010-07-05,75,31.50
22711,2010-07-12,100,42.00
22711,2010-07-19,75,31.50
22711,2010-07-26,25,10.50
22711,2010-08-02,75,31.50
22711,2010-08-09,100,42.00
22711,2010-08-16,25,10.50
22711,2010-08-23,50,21.00
22711,2010-08-30,25,10.50
22711,2010-09-06,25,10.50
22711,2010-09-13,75,31.50
22711,2010-09-20,150,63.00
22711,2010-09-27,150,63.00
22711,2010-10-04,75,31.50
22711,2010-10-11,200,84.00
22711,2010-10-18,175,73.50
22711,2010-10-25,50,21.00
22711,2010-11-01,100,42.00
22711,2010-11-08,25,10.50
22711,2010-11-15,75,31.50
22711,2010-11-22,25,10.50
22711,2010-11-29,400,136.00
22711,2010-12-13,25,10.50
22711,2010-12-20,25,10.50
22711,2011-01-03,175,73.50
22711,2011-01-17,25,10.50
22711,2011-01-24,50,21.00
22711,2011-01-31,50,21.00
22711,2011-02-14,25,10.50
22711,2011-02-21,75,31.50
22711,2011-02-28,50,21.00
22711,2011-03-14,125,52.50
22711,2011-03-21,100,42.00
22711,2011-03-28,100,42.00
22711,2011-04-04,27,11.34
22711,2011-04-11,125,52.50
22711,2011-04-25,50,21.00
22711,2011-05-02,25,10.50
22711,2011-05-09,275,115.50
22711,2011-05-16,75,31.50
22711,2011-05-30,25,10.50
22711,2011-06-06,25,10.50
22711,2011-06-13,25,10.50
22711,2011-06-20,75,31.50
22711,2011-07-04,100,42.00
22711,2011-07-11,75,31.50
22711,2011-07-18,200,68.00
22711,2011-07-25,50,21.00
22711,2011-08-01,25,10.50
22711,2011-08-08,25,10.50
22711,2011-08-15,25,10.50
22711,2011-08-22,25,10.50
22711,2011-08-29,100,42.00
22711,2011-09-05,25,10.50
22711,2011-09-19,75,31.50
22711,2011-09-26,25,10.50
22711,2011-10-03,75,31.50
22711,2011-10-10,25,10.50
22711,2011-10-17,100,42.00
22711,2011-10-24,150,63.00
22711,2011-10-31,75,31.50
22711,2011-11-07,75,31.50
22711,2011-11-28,50,21.00
22711,2011-12-05,75,31.50
22760,2010-10-04,4,51.00
22760,2010-10-11,12,153.00
22760,2010-10-18,11,140.25
22760,2010-10-25,19,220.65
22760,2010-11-01,4,51.00
22760,2010-11-08,12,154.94
22760,2010-11-15,11,142.19
22760,2010-11-22,7,89.25
22760,2010-11-29,6,114.72
22760,2010-12-06,1,12.75
22760,2010-12-13,12,165.74
22760,2010-12-20,1,25.49
22760,2011-01-10,6,65.70
22760,2011-01-17,23,253.65
22760,2011-01-24,13,156.36
22760,2011-01-31,9,128.37
22760,2011-02-07,4,51.00
22760,2011-02-14,1,12.75
22760,2011-02-21,8,91.20
22760,2011-02-28,2,25.50
22760,2011-03-07,3,38.25
22760,2011-03-14,6,65.70
22760,2011-03-28,2,25.50
22760,2011-04-04,7,113.67
22760,2011-04-11,14,178.50
22760,2011-04-18,4,63.21
22760,2011-04-25,2,25.50
22760,2011-05-02,3,38.25
22760,2011-05-09,4,51.00
22760,2011-05-23,18,218.70
22760,2011-05-30,2,25.50
22760,2011-06-06,3,50.46
22760,2011-06-13,9,139.17
22760,2011-06-20,1,12.75
22760,2011-06-27,9,114.75
22760,2011-07-04,13,165.75
22760,2011-07-11,19,254.46
22760,2011-08-01,9,114.75
22760,2011-08-08,3,50.46
22760,2011-08-22,6,76.50
22760,2011-09-05,54,591.30
22905,2010-09-13,4,11.80
22905,2010-09-20,137,375.11
22905,2010-09-27,16,47.20
22905,2010-10-04,24,70.80
22905,2010-10-11,49,144.55
22905,2010-10-18,111,330.41
22905,2010-10-25,41,123.91
22905,2010-11-01,11,35.41
22905,2010-11-08,27,85.57
22905,2010-11-15,53,159.31
22905,2010-11-22,23,70.81
22905,2010-11-29,7,20.65
22905,2010-12-06,5,17.71
22905,2010-12-13,17,61.99
22905,2011-01-03,12,35.40
22905,2011-01-10,42,123.90
22905,2011-01-17,1,2.95
22905,2011-02-14,5,14.75
22905,2011-02-21,6,17.70
22905,2011-02-28,4,11.80
22905,2011-03-07,3,8.85
22905,2011-03-21,3,8.85
22905,2011-03-28,3,8.85
22905,2011-04-04,2,8.74
22905,2011-04-18,12,35.40
22905,2011-05-02,12,35.40
22905,2011-05-09,2,5.90
22905,2011-05-30,6,20.54
22905,2011-06-20,6,17.70
22905,2011-07-18,27,72.45
22905,2011-07-25,2,5.90
22905,2011-08-01,2,5.90
22905,2011-08-15,1,2.95
22905,2011-08-22,12,35.40
22905,2011-08-29,9,23.12
22905,2011-09-05,1,2.46
22905,2011-09-12,2,5.90
22905,2011-09-19,7,19.67
22905,2011-09-26,4,11.80
22905,2011-10-03,2,4.92
22905,2011-10-10,6,15.25
22905,2011-10-17,93,238.92
22905,2011-10-24,8,23.11
22905,2011-10-31,25,67.38
22905,2011-11-07,15,41.31
22905,2011-11-14,31,79.69
22905,2011-11-21,26,64.94
22905,2011-11-28,72,169.86
22905,2011-12-05,89,157.23
22950,2010-09-13,22,31.90
22950,2010-09-20,984,1328.43
22950,2010-09-27,1209,1640.91
22950,2010-10-04,331,490.66
22950,2010-10-11,391,538.15
22950,2010-10-18,135,195.75
22950,2010-10-25,4,5.80
22950,2010-11-01,2,2.90
22950,2010-11-08,29,49.70
22950,2010-11-15,17,36.89
22950,2011-06-06,12,17.40
22950,2011-06-13,1,2.92
22950,2011-07-04,156,197.40
22950,2011-07-11,109,159.52
22950,2011-07-18,25,36.25
22950,2011-07-25,793,1093.72
22950,2011-08-01,300,377.40
22950,2011-08-08,36,52.20
22950,2011-08-15,319,404.95
22950,2011-08-22,79,114.55
22950,2011-08-29,496,635.74
22950,2011-09-05,467,619.55
22950,2011-09-12,657,867.72
22950,2011-09-19,591,853.62
22950,2011-09-26,173,255.26
22950,2011-10-03,417,610.53
22950,2011-10-10,263,359.90
22950,2011-10-17,189,274.05
22950,2011-10-24,104,150.80
22950,2011-10-31,11,32.12
22950,2011-11-07,12,17.40
22959,2010-09-06,50,21.00
22959,2010-09-13,50,21.00
22959,2010-09-20,475,183.50
22959,2010-09-27,725,304.50
22959,2010-10-04,475,199.50
22959,2010-10-11,625,262.50
22959,2010-10-18,725,304.50
22959,2010-10-25,425,178.50
22959,2010-11-01,762,288.04
22959,2010-11-08,550,215.00
22959,2010-11-15,25,10.50
22959,2010-11-29,13,5.46
22959,2010-12-13,12,5.04
22959,2011-07-11,200,68.00
22959,2011-07-25,50,21.00
22959,2011-08-01,25,10.50
22959,2011-08-08,50,21.00
22959,2011-08-15,325,120.50
22959,2011-08-22,50,21.00
22959,2011-09-05,75,31.50
22959,2011-09-12,375,145.50
22959,2011-09-19,250,105.00
22959,2011-09-26,275,115.50
22959,2011-10-03,325,136.50
22959,2011-10-10,275,115.50
22959,2011-10-17,250,105.00
22959,2011-10-24,100,42.00
22959,2011-10-31,325,136.50
22959,2011-11-07,550,231.00
22959,2011-11-14,175,73.50
22959,2011-11-21,425,178.50
22959,2011-11-28,651,273.42
22959,2011-12-05,125,52.50
35160,2009-11-30,177,124.53
35160,2009-12-07,16,13.60
35160,2009-12-14,1,0.85
35160,2010-01-11,288,207.36
35160,2010-01-25,7,5.95
35160,2010-02-08,8,6.80
35160,2010-02-15,16,13.60
35160,2010-02-22,4,3.40
35160,2010-03-01,150,108.78
35160,2010-03-08,17,14.45
35160,2010-03-15,8,6.80
35160,2010-03-22,20,17.00
35160,2010-04-05,1,0.85
35160,2010-04-12,288,207.36
35160,2010-04-26,4,3.40
35160,2010-05-03,26,18.98
35160,2010-05-10,148,99.88
35160,2010-05-17,32,27.20
35160,2010-05-31,8,6.80
35160,2010-06-07,36,25.92
35160,2010-06-14,24,20.40
35160,2010-06-21,144,96.48
35160,2010-06-28,8,6.80
35160,2010-07-12,36,25.92
35160,2010-07-19,8,6.80
35160,2010-07-26,1,0.85
35160,2010-08-02,16,13.60
35160,2010-08-09,8,6.80
35160,2010-08-16,12,10.20
35160,2010-08-23,296,214.16
35160,2010-08-30,48,34.56
35160,2010-09-06,32,27.20
35160,2010-09-27,4,3.40
35160,2010-10-04,92,68.84
35160,2010-10-11,196,141.12
35400,2009-11-30,83,1213.25
35400,2009-12-07,22,250.75
35400,2009-12-14,15,167.85
35400,2009-12-21,1,17.35
35400,2010-01-04,2,17.90
35400,2010-01-11,1,16.98
35400,2010-04-19,2,33.96
35400,2010-06-21,12,101.40
35400,2010-06-28,4,35.80
35400,2010-07-19,13,116.35
35400,2010-07-26,2,17.90
35400,2010-08-02,38,308.10
35400,2010-08-09,9,80.55
35400,2010-08-16,13,116.35
35400,2010-08-23,41,350.95
35400,2010-08-30,15,142.28
35400,2010-09-06,16,159.26
35400,2010-09-13,33,303.38
35400,2010-09-20,79,699.08
35400,2010-09-27,192,1670.58
35400,2010-10-04,111,969.54
35400,2010-10-11,101,968.25
35400,2010-10-18,153,1385.65
35400,2010-10-25,115,1093.61
35400,2010-11-01,136,1401.89
35400,2010-11-08,113,1107.77
35400,2010-11-15,101,1088.76
35400,2010-11-22,10,145.71
35400,2010-12-13,1,8.95
35400,2011-01-31,4,35.80
35400,2011-11-21,5,44.75
35810A,2009-11-30,6,12.60
35810A,2009-12-07,29,53.26
35810A,2009-12-14,1,4.30
35810A,2009-12-21,3,10.70
35810A,2010-01-04,2,4.20
35810A,2010-01-11,26,44.76
35810A,2010-01-18,1,4.21
35810A,2010-01-25,5,10.50
35810A,2010-02-01,10,29.44
35810A,2010-02-08,12,25.20
35810A,2010-02-15,11,33.65
35810A,2010-02-22,26,54.60
35810A,2010-03-01,2,8.42
35810A,2010-03-08,3,8.41
35810A,2010-03-15,14,33.62
35810A,2010-03-22,2,6.31
35810A,2010-03-29,5,18.94
35810A,2010-04-05,6,12.60
35810A,2010-04-12,8,16.80
35810A,2010-04-19,10,29.44
35810A,2010-04-26,30,53.16
35810A,2010-05-03,1,4.21
35810A,2010-05-10,7,16.81
35810A,2010-05-17,1,4.21
35810A,2010-05-31,2,6.31
35810A,2010-06-07,2,8.42
35810A,2010-06-14,4,12.62
35810A,2010-06-21,14,33.62
35810A,2010-07-05,9,25.23
35810A,2010-07-12,1,4.21
35810A,2010-07-26,6,12.60
35810A,2010-08-02,49,45.01
35810A,2010-08-09,25,24.61
35810A,2010-08-16,52,57.64
35810A,2010-08-23,132,112.20
35810A,2010-09-06,12,25.20
35810A,2010-09-13,18,37.80
35810A,2010-09-20,2,6.31
35810A,2010-09-27,6,12.60
35810A,2010-10-04,4,10.51
35810A,2010-10-11,12,25.20
35810A,2010-11-01,1,4.21
35810A,2010-12-13,7,16.81
35810A,2011-01-10,8,20.86
35810A,2011-01-17,8,20.86
35810A,2011-01-24,8,20.86
35810A,2011-01-31,1,4.13
35810A,2011-02-14,5,10.50
35810A,2011-02-21,3,10.36
35810A,2011-02-28,7,16.73
35810A,2011-03-14,26,24.84
35810A,2011-03-21,2,4.92
35810A,2011-03-28,42,34.86
35810A,2011-04-04,24,19.92
35810A,2011-04-11,36,29.88
35810A,2011-04-18,25,22.38
35810A,2011-04-25,1,2.46
35810A,2011-05-02,48,39.84
35810A,2011-05-09,24,19.92
35810A,2011-05-16,57,47.31
35810A,2011-05-23,3,2.49
35810A,2011-06-06,72,59.76
35810A,2011-06-20,36,29.88
35810A,2011-06-27,12,9.96
35810A,2011-07-04,5,12.30
35810A,2011-07-11,13,12.42
35810A,2011-07-18,61,52.26
35810A,2011-07-25,12,9.96
35810A,2011-08-01,24,19.92
35810A,2011-08-29,2,4.92
35810A,2011-09-05,24,19.92
35810A,2011-09-12,2,4.92
35810A,2011-09-19,1,2.46
35810A,2011-09-26,1,2.46
35810A,2011-10-03,13,12.42
35810A,2011-10-10,15,12.45
35810A,2011-10-24,6,4.98
35811A,2009-11-30,6,12.60
35811A,2009-12-07,29,53.26
35811A,2009-12-14,1,4.30
35811A,2009-12-21,3,10.70
35811A,2010-01-04,2,4.20
35811A,2010-01-11,32,57.36
35811A,2010-01-18,3,8.41
35811A,2010-01-25,5,10.50
35811A,2010-02-01,2,8.42
35811A,2010-02-08,12,25.20
35811A,2010-02-15,3,12.63
35811A,2010-02-22,28,58.80
35811A,2010-03-01,2,8.42
35811A,2010-03-08,3,8.41
35811A,2010-03-15,14,33.62
35811A,2010-03-22,2,6.31
35811A,2010-03-29,6,21.04
35811A,2010-04-05,6,12.60
35811A,2010-04-12,8,16.80
35811A,2010-04-19,9,25.23
35811A,2010-04-26,30,53.16
35811A,2010-05-03,1,4.21
35811A,2010-05-10,7,16.81
35811A,2010-05-17,1,4.21
35811A,2010-05-31,2,6.31
35811A,2010-06-07,2,8.42
35811A,2010-06-14,5,14.72
35811A,2010-06-21,8,21.02
35811A,2010-07-05,9,25.23
35811A,2010-07-12,2,6.31
35811A,2010-07-26,9,18.90
35811A,2010-08-02,49,45.01
35811A,2010-08-09,73,65.41
35811A,2010-08-16,52,57.64
35811A,2010-09-20,1,2.10
35811A,2010-10-04,7,14.70
35832,2009-11-30,8,89.90
35832,2009-12-07,5,43.85
35832,2009-12-14,1,13.00
35832,2010-01-11,2,25.44
35832,2010-05-03,3,17.85
35832,2010-06-21,12,35.40
35832,2010-07-19,35,113.02
35832,2010-07-26,18,53.10
35832,2010-08-02,50,147.50
35832,2010-08-09,90,265.50
35832,2010-08-16,14,41.30
35832,2010-08-23,13,38.35
35832,2010-08-30,4,11.80
35832,2010-09-06,25,93.29
35832,2010-09-13,98,289.10
35832,2010-09-20,250,737.50
35832,2010-09-27,119,354.01
35832,2010-10-04,177,538.07
35832,2010-10-11,264,787.68
35832,2010-10-18,202,601.82
35832,2010-10-25,203,610.69
35832,2010-11-01,146,439.58
35962,2009-11-30,66,154.00
35962,2009-12-07,67,149.50
35962,2009-12-14,51,137.90
35962,2009-12-21,6,25.80
35962,2010-01-11,2,8.60
35962,2010-05-03,13,29.41
35962,2010-05-17,25,54.61
35962,2010-06-21,49,105.01
35962,2010-07-05,1,4.21
35962,2010-07-12,13,29.41
35962,2010-07-19,7,14.70
35962,2010-07-26,16,42.04
35962,2010-08-02,37,77.70
35962,2010-08-09,43,90.30
35962,2010-08-16,2,4.20
35962,2010-08-23,5,12.61
35962,2010-08-30,1,4.21
35962,2010-09-06,16,33.60
35962,2010-09-13,22,73.63
35962,2010-09-20,59,126.01
35962,2010-09-27,41,86.10
35962,2010-10-04,37,77.70
35962,2010-10-11,3,12.63
35962,2010-10-18,11,23.10
37410,2009-11-30,217,200.08
37410,2009-12-07,110,154.28
37410,2009-12-14,16,80.92
37410,2009-12-21,3,49.44
37410,2010-01-04,12,15.00
37410,2010-01-11,5,6.25
37410,2010-01-18,6018,608.70
37410,2010-01-25,9,55.89
37410,2010-02-15,19165,1946.33
37410,2010-02-22,84,76.20
37410,2010-03-15,13,31.13
37410,2010-03-22,7,23.63
37410,2010-04-05,48,40.80
37424,2009-11-30,9,10.20
37424,2009-12-07,15,15.30
37424,2009-12-14,22,27.20
37424,2009-12-21,2,3.40
37424,2010-01-04,1,0.85
37424,2010-01-11,6,9.96
37424,2010-01-18,18,15.30
37424,2010-01-25,15,15.18
37424,2010-02-15,15,15.18
37424,2010-02-22,12,10.20
37424,2010-03-08,3,4.98
37424,2010-03-22,9,10.08
37424,2010-03-29,2,3.32
37424,2010-04-05,2,3.32
37424,2010-04-12,5,6.68
37424,2010-04-19,1,0.85
37424,2010-04-26,2,3.32
37424,2010-05-03,1,1.66
37424,2010-05-17,5,7.49
37424,2010-05-24,626,190.52
37424,2010-05-31,97,63.10
37424,2010-06-07,7,5.95
37424,2010-06-14,1,0.85
37424,2010-06-21,2,3.32
37424,2010-06-28,1,1.66
37424,2010-07-05,2,2.51
37424,2010-07-12,5,8.30
37424,2010-07-19,4,5.83
37424,2010-07-26,24,23.64
37424,2010-08-02,7,5.95
37424,2010-08-09,2115,278.73
37424,2010-08-16,14,13.52
37424,2010-09-06,1,1.66
37424,2010-09-13,1,1.66
37424,2010-09-20,2,2.51
37424,2010-09-27,2113,276.22
37424,2010-10-04,10,11.74
37424,2010-10-11,9,8.46
37424,2010-10-18,11,13.40
37424,2010-10-25,9,11.70
37424,2010-11-01,3,3.36
37424,2010-11-08,25,22.87
37424,2010-11-15,17,14.45
37441,2009-11-30,18,37.80
37441,2009-12-07,12,25.20
37441,2009-12-14,27,89.40
37441,2010-01-11,9,51.60
37441,2010-01-18,9,50.76
37441,2010-01-25,2,25.44
37441,2010-02-01,30,94.86
37441,2010-02-15,7,25.32
37441,2010-02-22,6,12.60
37441,2010-03-01,6,12.60
37441,2010-03-08,3,16.92
37441,2010-03-15,78,145.80
37441,2010-03-22,30,63.00
37441,2010-03-29,2,25.44
37441,2010-04-05,2,25.44
37441,2010-04-12,24,50.40
37441,2010-04-19,6,12.60
37441,2010-04-26,42,79.20
37441,2010-05-10,116,237.84
37441,2010-05-17,2,25.44
37441,2010-05-24,43,91.92
37441,2010-05-31,12,25.20
37441,2010-06-07,187,358.32
37441,2010-06-14,24,50.40
37441,2010-06-21,6,12.60
37441,2010-08-02,3,6.30
37482B,2009-11-30,6,15.30
37482B,2009-12-21,1,17.35
37482B,2010-01-18,6,15.30
37482B,2010-02-22,480,408.00
37482B,2010-03-01,1,16.98
37482B,2010-03-15,6,15.30
37482B,2010-03-29,505,445.38
37482B,2010-04-19,246,209.10
37482B,2010-07-26,1,2.55
37492B,2009-11-30,3,18.82
37492B,2009-12-07,1,4.65
37492B,2009-12-14,63,112.95
37492B,2009-12-21,96,158.40
37492B,2010-01-04,12,19.80
37492B,2010-01-11,1,4.65
37492B,2010-01-18,2,9.30
37492B,2010-02-08,1,4.65
37492B,2010-02-15,1,4.65
37492B,2010-03-01,16,38.40
37492B,2010-03-22,168,277.20
37492B,2010-03-29,13,24.45
37492B,2010-04-19,4,18.60
37492B,2010-04-26,13,24.45
37492B,2010-05-03,12,19.80
37492B,2010-05-17,3,13.95
37492B,2010-05-24,2,9.30
37492B,2010-05-31,17,43.05
37492B,2010-06-14,4,18.60
37492B,2010-06-21,12,19.80
37492B,2010-06-28,1,4.65
37492B,2010-07-05,2,9.30
37492B,2010-07-12,4,18.60
37492B,2010-07-19,12,19.80
37492B,2010-07-26,12,19.80
37492B,2010-08-02,13,24.45
37492B,2010-10-04,1,4.65
37494A,2009-11-30,46,133.66
37494A,2009-12-07,55,188.02
37494A,2009-12-14,29,125.72
37494A,2009-12-21,7,42.28
37494A,2010-01-04,11,32.45
37494A,2010-01-11,17,53.11
37494A,2010-01-18,16,59.04
37494A,2010-01-25,19,59.01
37494A,2010-02-01,3,17.73
37494A,2010-02-08,1,5.91
37494A,2010-02-15,37,97.71
37494A,2010-03-29,1,5.91
37502,2009-11-30,141,389.91
37502,2009-12-07,112,348.28
37502,2009-12-14,50,166.04
37502,2009-12-21,5,30.20
37502,2010-01-04,30,88.50
37502,2010-01-18,46,141.62
37502,2010-01-25,51,153.41
37502,2010-02-01,26,85.58
37502,2010-02-08,3,11.81
37502,2010-02-15,22,64.90
37502,2010-02-22,36,106.20
37502,2010-03-01,14,41.30
37502,2010-03-08,20,59.00
37502,2010-03-15,79,213.85
37502,2010-03-22,29,88.51
37502,2010-03-29,20,59.00
37502,2010-04-05,21,64.91
37502,2010-04-12,26,76.70
37502,2010-04-19,15,44.25
37502,2010-04-26,20,59.00
37502,2010-05-10,29,85.55
37502,2010-05-17,15,44.25
37502,2010-05-24,1,2.95
37502,2010-05-31,8,23.60
37502,2010-06-07,13,41.31
37502,2010-06-14,1,2.95
37502,2010-06-21,7,20.65
37502,2010-06-28,15,47.21
37502,2010-07-05,14,41.30
37502,2010-07-12,1,2.95
37502,2010-07-26,2,5.90
37503,2009-11-30,72,819.15
37503,2009-12-07,121,1258.00
37503,2009-12-14,221,2277.05
37503,2009-12-21,20,293.00
37503,2010-01-04,180,1800.60
37503,2010-01-11,18,224.94
37503,2010-01-18,45,474.15
37503,2010-01-25,66,681.58
37503,2010-02-01,44,484.36
37503,2010-02-08,21,225.75
37503,2010-02-15,81,822.75
37503,2010-02-22,67,686.33
37503,2010-03-01,51,559.61
37503,2010-03-08,41,473.95
37503,2010-03-15,63,668.53
37503,2010-03-22,142,1455.62
37503,2010-03-29,53,581.99
37503,2010-04-05,59,593.45
37503,2010-04-12,120,1192.80
37503,2010-04-19,46,505.86
37503,2010-04-26,49,507.55
37503,2010-05-03,48,548.32
37503,2010-05-10,70,723.70
37503,2010-05-17,33,386.19
37503,2010-05-24,37,398.63
37503,2010-05-31,33,366.11
37503,2010-06-07,221,1971.39
37503,2010-06-14,44,494.84
37503,2010-06-21,57,655.55
37503,2010-06-28,46,494.50
37503,2010-07-05,72,755.68
37503,2010-07-12,32,354.48
37503,2010-07-19,60,667.72
37503,2010-07-26,136,1067.20
40018E,2009-11-30,19,37.05
40018E,2009-12-07,11,23.80
40018E,2009-12-14,17,42.55
40018E,2009-12-21,1,4.30
40018E,2010-01-04,8,15.60
40018E,2010-01-11,82,141.36
40018E,2010-01-18,6,16.22
40018E,2010-01-25,7,18.17
40018E,2010-02-01,4,10.06
40018E,2010-02-08,15,29.25
40018E,2010-02-15,15,40.55
40018E,2010-02-22,12,25.66
40018E,2010-03-01,18,37.36
40018E,2010-03-08,19,52.87
40018E,2010-03-15,38,87.66
40018E,2010-03-22,11,23.71
40018E,2010-03-29,24,55.84
40018E,2010-04-12,1,1.95
40018E,2010-04-19,15,40.55
40018E,2010-04-26,11,21.45
40018E,2010-05-03,22,56.46
40018E,2010-05-10,20,39.00
40018E,2010-07-19,10,19.50
40018F,2009-11-30,10,19.50
40018F,2009-12-14,1,4.30
40018F,2010-01-04,17,33.15
40018F,2010-01-11,5,9.75
40018F,2010-01-18,1,4.21
40018F,2010-01-25,326,635.70
40018F,2010-02-01,7,18.17
40018F,2010-02-08,11,21.45
40018F,2010-02-15,2,8.42
40018F,2010-02-22,2,3.90
40018F,2010-03-01,95,164.45
40018F,2010-03-08,4,12.32
40018F,2010-03-15,23,44.85
40018F,2010-03-22,13,25.35
40018F,2010-03-29,10,19.50
40018F,2010-04-05,6,11.70
40018F,2010-04-12,2,3.90
40018F,2010-04-19,32,66.92
40018F,2010-04-26,14,27.30
40018F,2010-05-03,4,7.80
40018F,2010-05-10,24,46.80
40018F,2010-05-17,108,194.32
40018F,2010-05-24,32,62.40
40018F,2010-05-31,4,12.32
40018F,2010-06-07,30,60.76
40018F,2010-06-14,19,39.31
40018F,2010-06-21,116,212.18
40018F,2010-06-28,76,148.20
40018F,2010-07-05,25,48.75
40018F,2010-07-19,9,17.55
40018F,2010-07-26,6,13.96
40018F,2010-08-02,3,5.85
40018F,2010-08-09,3,5.85
40018F,2010-08-16,2,3.90
40018F,2010-08-23,4,7.80
40018F,2010-08-30,47,79.69
44230,2009-11-30,5,39.75
44230,2009-12-07,28,184.44
44230,2009-12-14,13,199.43
44230,2009-12-21,1,7.95
44230,2010-01-04,3,23.85
44230,2010-01-11,3,35.43
44230,2010-01-18,3,23.85
44230,2010-01-25,25,160.59
44230,2010-02-22,44,292.56
44230,2010-03-01,13,95.85
44230,2010-03-15,1,7.95
44230,2010-04-05,3,23.85
44230,2010-04-12,12,76.32
44230,2010-04-19,3,47.01
44230,2010-05-10,2,15.90
44230,2010-05-24,25,172.17
44230,2010-05-31,19,131.97
44230,2010-06-07,7,55.65
44230,2010-06-14,25,160.59
44230,2010-06-21,8,63.60
44230,2010-06-28,2,15.90
44230,2010-07-05,2,15.90
44230,2010-07-12,15,111.75
44230,2010-07-26,68,1304.88
44230,2010-08-23,16,106.53
44230,2010-10-04,1,7.95
45008C,2009-11-30,2,17.90
45008C,2009-12-14,2,36.44
45008C,2010-01-18,1,17.83
45008C,2010-01-25,22,161.10
45008C,2010-02-01,2,17.90
45008C,2010-02-15,3,35.73
45008C,2010-03-01,4,35.80
45008C,2010-03-15,3,35.73
45008C,2010-04-05,6,22.50
45008C,2010-04-19,6,89.22
45008C,2010-04-26,5,53.63
45008C,2010-05-03,8,71.60
45008C,2010-05-24,3,26.85
45008C,2010-05-31,2,26.78
45008C,2010-06-07,3,35.73
45008C,2010-06-14,6,53.70
45008C,2010-06-21,1,17.83
45008C,2010-06-28,2,17.90
45008C,2010-07-12,2,17.90
46138B,2009-12-07,4,27.64
46138B,2009-12-14,1,6.91
46138B,2010-01-11,4,7.80
46138B,2010-05-24,1,1.95
46138B,2010-05-31,3,5.85
46138B,2010-06-28,1,6.77
46138B,2010-07-19,4,27.08
46138B,2010-07-26,3,5.85
46138B,2010-08-09,1,6.77
46138B,2010-08-16,1,6.77
46138B,2010-08-23,2,3.90
46138B,2010-10-18,1,1.95
46138B,2010-11-08,2,3.90
46138B,2010-12-20,2,3.90
46138B,2011-04-18,4,7.80
46138B,2011-05-02,1,0.85
46138B,2011-05-23,3,2.55
46138B,2011-06-27,10,8.50
46138B,2011-07-04,18,15.30
46138B,2011-07-18,1,0.85
46138B,2011-10-24,2,1.70
46138B,2011-11-07,2,1.70
46775A,2009-11-30,3,104.22
46775A,2009-12-07,2,33.90
46775A,2009-12-14,1,34.74
46775A,2010-01-11,47,534.84
46775A,2010-01-18,29,319.58
46775A,2010-02-22,1,16.95
46775E,2009-12-07,1,16.95
46775E,2009-12-14,3,104.22
46775E,2010-01-11,44,488.72
46775E,2010-01-18,21,231.42
46775E,2010-01-25,2,27.97
46775E,2010-02-01,4,61.87
46775E,2010-02-08,3,44.92
46775E,2010-02-15,4,44.08
46775E,2010-03-01,7,89.00
46775E,2010-03-08,5,55.10
46775E,2010-03-15,2,33.90
46775E,2010-04-05,1,16.95
46775E,2010-07-05,1,16.95
46775E,2010-09-06,3,50.85
47502,2009-12-07,1,26.04
47502,2009-12-14,71,709.25
47502,2010-01-04,220,2189.00
47502,2010-01-11,16,190.28
47502,2010-01-18,16,176.00
47502,2010-01-25,20,199.00
47502,2010-02-15,1,12.75
47502,2010-02-22,12,137.74
47502,2010-03-01,6,76.50
47502,2010-03-08,21,211.75
47502,2010-03-15,2,25.50
47502,2010-03-22,68,711.74
47502,2010-03-29,2,25.50
47502,2010-04-26,5,63.75
47502,2010-05-03,11,112.25
47502,2010-05-10,14,150.50
47502,2010-05-17,10,99.50
47502,2010-05-31,10,99.50
47502,2010-06-07,11,112.25
47502,2010-06-21,4,63.74
47502,2010-06-28,1,12.75
47502,2010-07-05,28,326.48
47502,2010-07-12,4,51.00
47502,2010-07-19,24,275.48
47502,2010-07-26,2,38.24
47502,2010-08-02,11,124.99
47502,2010-08-09,7,114.73
47502,2010-08-16,31,323.99
47502,2010-08-23,3,63.73
47502,2010-08-30,7,106.33
47502,2010-09-13,1,25.49
47503E,2009-12-07,28,35.00
47503E,2009-12-14,13,16.25
47503E,2010-01-11,2,2.50
47503E,2010-01-18,36,45.00
47503E,2010-01-25,2,2.50
47503E,2010-02-15,6696,1004.40
47503E,2010-02-22,12,15.00
47503E,2010-04-26,3,3.75
47503E,2010-05-03,1,1.25
47503E,2010-05-10,3,3.75
47503E,2010-05-17,25,31.25
47503E,2010-06-07,1,1.25
47503E,2010-06-14,12,15.00
47503E,2010-07-05,4,5.00
47503E,2010-09-13,3,3.75
47503E,2010-09-27,1,1.25
47503F,2009-11-30,38,62.70
47503F,2009-12-07,22,36.30
47503F,2009-12-14,1,1.65
47503F,2010-02-15,2504,626.00
47503F,2010-03-01,1,1.65
47503F,2010-03-08,5,8.25
47503K,2009-11-30,25,48.75
47503K,2009-12-07,19,48.80
47503K,2009-12-14,17,35.50
47503K,2009-12-21,1,4.30
47503K,2010-01-04,84,84.60
47503K,2010-01-11,16,31.20
47503K,2010-01-18,1,4.21
47503K,2010-02-01,24,46.80
47503K,2010-02-08,12,23.40
47503K,2010-02-15,2892,887.40
47503K,2010-02-22,12,23.40
47503K,2010-03-01,18,39.62
47503K,2010-03-08,14,29.56
47503K,2010-03-15,2,3.90
47503K,2010-03-22,2,3.90
47503K,2010-03-29,1,1.95
47503K,2010-04-05,1,1.95
47503K,2010-04-12,4,7.80
47503K,2010-04-26,12,23.40
47503K,2010-05-17,1,1.95
47503K,2010-05-24,3,5.85
47503K,2010-06-07,5,9.75
47503K,2010-06-14,12,23.40
47503K,2010-06-21,1,1.95
47504E,2009-11-30,30,46.65
47504E,2009-12-07,2,2.50
47504E,2009-12-14,1,1.25
47504E,2010-01-04,4,5.00
47504E,2010-01-11,3,3.75
47504E,2010-01-18,1,1.25
47504E,2010-02-01,2,5.46
47504E,2010-02-15,4177,630.61
47504E,2010-03-01,36,45.00
47504E,2010-03-08,14,17.50
47504E,2010-03-15,1,1.25
47504E,2010-03-22,13,19.21
47504E,2010-03-29,1,4.21
47504E,2010-04-05,1,4.21
47504E,2010-04-12,9,11.25
47504E,2010-04-26,5,6.25
47504E,2010-05-03,2,2.50
47504E,2010-05-17,4,16.84
47504E,2010-06-07,12,15.00
47504E,2010-06-21,38,53.42
47504E,2010-06-28,13,16.25
47504E,2010-07-05,1,1.25
47504E,2010-07-19,5,6.25
47504E,2010-08-09,5,6.25
47504E,2010-08-16,1,1.25
47504E,2010-09-13,1,1.25
47504E,2010-10-11,5,6.25
47505,2009-11-30,16,85.51
47505,2009-12-07,35,162.76
47505,2009-12-14,23,120.16
47505,2009-12-21,2,9.90
47505,2010-01-04,6,29.70
47505,2010-01-18,48,220.80
47505,2010-01-25,18,89.10
47505,2010-02-01,14,75.37
47505,2010-02-08,33,146.55
47505,2010-02-15,44,219.21
47505,2010-02-22,50,236.77
47505,2010-03-01,28,138.60
47505,2010-03-08,38,177.37
47505,2010-03-15,11,60.52
47505,2010-03-22,37,183.15
47505,2010-03-29,46,206.70
47505,2010-04-05,72,339.60
47505,2010-04-12,66,309.90
47505,2010-04-19,40,207.36
47505,2010-04-26,102,474.59
47505,2010-05-31,3,14.85
47505,2010-06-07,6,23.90
47556B,2009-11-30,41,124.04
47556B,2009-12-07,77,227.15
47556B,2009-12-14,62,189.08
47556B,2009-12-21,4,24.16
47556B,2010-01-04,56,165.20
47556B,2010-01-11,26,88.54
47556B,2010-01-18,79,238.97
47556B,2010-01-25,32,94.40
47556B,2010-02-01,19,67.89
47556B,2010-02-08,23,67.85
47556B,2010-02-15,76,227.16
47556B,2010-02-22,18,53.10
47556B,2010-03-01,43,129.81
47556B,2010-03-08,33,100.31
47556B,2010-03-15,77,241.95
47556B,2010-03-22,46,135.70
47556B,2010-03-29,39,118.01
47556B,2010-04-05,53,156.35
47556B,2010-04-12,29,85.55
47556B,2010-04-19,54,162.82
47556B,2010-04-26,56,168.16
47556B,2010-05-03,16,53.12
47556B,2010-05-10,58,182.94
47556B,2010-05-17,178,470.46
47556B,2010-05-24,33,97.35
47556B,2010-05-31,25,73.75
47556B,2010-06-07,217,587.27
47556B,2010-06-14,29,85.55
47556B,2010-06-21,85,262.59
47556B,2010-06-28,83,242.45
47556B,2010-07-05,162,423.26
47556B,2010-07-12,54,159.30
47556B,2010-07-19,25,76.71
47556B,2010-07-26,39,115.05
47556B,2010-08-02,30,91.46
47556B,2010-08-09,26,79.66
47556B,2010-08-16,33,100.31
47556B,2010-08-23,25,73.75
47556B,2010-08-30,21,64.91
47556B,2010-09-06,39,115.05
47556B,2010-09-13,74,218.30
47556B,2010-09-20,38,118.02
47556B,2010-09-27,54,162.26
47556B,2010-10-04,62,188.82
47556B,2010-10-11,51,153.41
47556B,2010-10-18,35,103.25
47556B,2010-10-25,42,123.90
47556B,2010-11-01,66,197.66
47556B,2010-11-08,44,129.80
47556B,2010-11-15,19,56.05
47556B,2011-01-10,1300,3315.00
47556B,2011-04-18,1300,2730.00
47568,2009-11-30,59,128.30
47568,2009-12-07,30,67.40
47568,2009-12-14,54,128.80
47568,2009-12-21,13,29.50
47568,2010-01-04,1,2.10
47568,2010-01-11,74,137.10
47568,2010-01-18,38,86.13
47568,2010-01-25,29,63.01
47568,2010-02-01,23,52.52
47568,2010-02-08,10,23.11
47568,2010-02-15,14,31.51
47568,2010-02-22,4,8.40
47568,2010-03-01,125,227.83
47568,2010-03-08,43,109.29
47568,2010-03-15,70,132.83
47568,2010-03-22,68,142.80
47568,2010-03-29,48,110.65
47568,2010-04-05,183,324.91
47568,2010-04-12,48,100.80
47568,2010-04-19,52,134.52
47568,2010-04-26,110,252.10
47568,2010-05-03,93,181.13
47568,2010-05-10,72,151.20
47568,2010-05-17,29,63.01
47568,2010-05-24,123,263.12
47568,2010-05-31,80,160.16
47568,2010-06-07,100,214.22
47568,2010-06-14,50,107.11
47568,2010-06-21,76,176.48
47568,2010-06-28,97,207.92
47568,2010-07-05,131,260.93
47568,2010-07-12,114,225.23
47568,2010-07-19,87,186.92
47568,2010-07-26,43,94.52
47568,2010-08-02,111,218.93
47568,2010-08-09,68,149.13
47568,2010-08-16,19,39.90
47570,2009-11-30,3,43.00
47570,2009-12-07,2,21.30
47570,2009-12-14,17,181.05
47570,2009-12-21,12,127.80
47570,2010-01-04,3,31.95
47570,2010-01-11,4,42.60
47570,2010-01-18,12,138.38
47570,2010-01-25,1,21.23
47570,2010-02-01,5,53.25
47570,2010-02-08,9,106.43
47570,2010-02-15,14,149.10
47570,2010-02-22,8,95.78
47570,2010-03-01,13,138.45
47570,2010-03-08,6,74.48
47570,2010-03-15,5,63.83
47570,2010-03-22,11,138.31
47570,2010-03-29,6,74.48
47570,2010-04-05,7,85.13
47570,2010-04-12,63,562.95
47570,2010-04-19,17,202.21
47570,2010-04-26,2,21.30
47581B,2009-12-07,1,26.04
47581B,2009-12-14,1,12.75
47581B,2009-12-21,2,52.08
47581B,2010-01-04,1,12.75
47581B,2010-01-11,1,25.49
47581B,2010-01-18,1,12.75
47581B,2010-01-25,4,51.00
47581B,2010-02-01,5,76.49
47581B,2010-02-08,2,25.50
47581B,2010-02-15,1,25.49
47581B,2010-02-22,1,12.75
47581B,2010-03-01,1,12.75
47581B,2010-03-15,1,12.75
47581B,2010-03-22,2,38.24
47581B,2010-03-29,1,25.49
47581B,2010-04-05,1,12.75
47581B,2010-04-12,4,51.00
47581B,2010-04-19,9,178.45
47581B,2010-05-03,2,25.50
47581B,2010-05-10,4,51.00
47581B,2010-05-17,1,12.75
47581B,2010-05-24,1,12.75
47587A,2009-11-30,3,5.10
47587A,2009-12-07,1,1.70
47587A,2009-12-14,4,6.80
47587A,2009-12-21,1,1.70
47587A,2010-01-04,10,8.50
47587A,2010-01-11,3,5.06
47587A,2010-01-18,6,9.96
47587A,2010-01-25,10,8.50
47587A,2010-02-08,1,1.66
47587A,2010-02-22,24,4.56
47587A,2010-03-01,72,13.68
47587A,2010-03-08,9,14.94
47587A,2010-03-15,161,32.06
47587A,2010-05-10,2401,985.66
47589,2009-12-14,3,16.35
47589,2010-01-11,1,11.26
47589,2010-01-18,2,10.90
47589,2010-02-08,1,5.45
47589,2010-02-15,3,16.35
47589,2010-02-22,7,38.15
47589,2010-03-08,4,21.80
47589,2010-03-15,3,16.35
47589,2010-03-22,1,5.45
47589,2010-04-05,4,21.80
47589,2010-04-12,5,27.25
47589,2010-04-19,6,38.27
47589,2010-04-26,3,16.35
47589,2010-05-10,1,5.45
47589,2010-05-17,33,179.85
47589,2010-05-24,7,38.15
47589,2010-05-31,1,5.45
47589,2010-06-07,6,32.70
47589,2010-06-14,3,16.35
47589,2010-06-21,9,49.05
47589,2010-06-28,15,81.75
47589,2010-07-05,5,27.25
47589,2010-07-12,6,32.70
47589,2010-07-19,5,27.25
47589,2010-07-26,7,38.15
47589,2010-08-02,5,27.25
47589,2010-08-09,9,49.05
47589,2010-08-23,4,21.80
47589,2010-09-06,5,27.25
47589,2010-09-27,3,16.35
47589,2010-11-08,1,5.45
47589,2010-11-15,4,21.80
47589,2011-01-03,1,5.45
47589,2011-02-14,3,16.35
47589,2011-05-23,9,49.05
47591C,2009-11-30,104,204.25
47591C,2009-12-07,140,250.05
47591C,2009-12-14,54,110.00
47591C,2009-12-21,3,5.85
47591C,2010-01-04,1,1.95
47591C,2010-01-11,19,37.05
47591C,2010-01-18,33,64.35
47591C,2010-01-25,16,33.46
47591C,2010-02-01,10,21.76
47591C,2010-02-08,20,41.26
47591C,2010-02-15,81,142.95
47591C,2010-02-22,136,230.40
47591C,2010-03-01,27,52.65
47591C,2010-03-08,102,251.70
47591C,2010-03-15,38,74.10
47591C,2010-03-22,62,105.90
47591C,2010-03-29,16,31.20
47591C,2010-04-05,21,40.95
47591C,2010-04-12,9,17.55
47591C,2010-04-19,5,9.75
47591C,2010-04-26,18,35.10
47591C,2010-05-03,3,5.85
47591C,2010-05-10,14,27.30
47591C,2010-05-17,4,7.80
47591C,2010-05-24,4,7.80
47591C,2010-05-31,8,17.86
47591C,2010-06-07,10,19.50
47591C,2010-06-14,26,50.70
47591C,2010-06-21,15,31.51
47591C,2010-06-28,50,82.50
47591C,2010-07-05,2,8.42
47591C,2010-07-12,1,1.95
47591C,2010-07-19,1,1.95
47591C,2010-08-02,1,1.95
47591C,2010-08-09,1,1.95
48195,2009-11-30,11,74.25
48195,2009-12-07,4,27.00
48195,2009-12-14,133,574.87
48195,2009-12-21,3,27.37
48195,2010-01-04,4,27.00
48195,2010-01-11,22,168.08
48195,2010-01-18,3,20.25
48195,2010-01-25,4,40.64
48195,2010-02-01,14,87.24
48195,2010-02-08,6,44.94
48195,2010-02-15,8,59.92
48195,2010-02-22,4,29.96
48195,2010-03-01,5,37.45
48195,2010-03-08,2,21.06
48195,2010-03-15,5,37.45
48195,2010-03-22,9,73.49
48195,2010-03-29,3,28.55
48195,2010-04-05,2,14.98
48195,2010-04-12,11,82.39
48195,2010-04-19,6,57.10
48195,2010-04-26,6,57.10
48195,2010-05-03,3,22.47
48195,2010-05-10,1,7.49
48195,2010-05-31,1,7.49
48195,2010-07-19,1,14.43
48197,2009-11-30,8,68.24
48197,2009-12-07,17,113.87
48197,2009-12-14,182,828.48
48197,2009-12-21,3,41.61
48197,2010-01-04,37,225.75
48197,2010-01-11,32,255.16
48197,2010-01-18,23,160.89
48197,2010-01-25,7,81.35
48197,2010-02-01,20,134.56
48197,2010-02-08,1,7.49
48197,2010-02-15,11,94.55
48197,2010-02-22,10,87.06
48197,2010-03-01,27,215.91
48197,2010-03-08,20,168.80
48197,2010-03-15,11,100.63
48197,2010-03-22,12,108.12
48197,2010-03-29,31,258.03
48197,2010-04-05,15,107.03
48197,2010-04-12,15,100.95
48197,2010-04-19,20,174.88
48197,2010-04-26,17,115.93
48197,2010-05-03,8,84.24
48197,2010-05-10,28,186.92
48197,2010-05-17,15,113.11
48197,2010-05-24,11,131.03
48197,2010-05-31,10,99.22
48197,2010-06-07,41,285.05
48197,2010-06-14,13,103.45
48197,2010-06-21,11,137.97
48197,2010-06-28,12,96.82
48197,2010-07-05,17,140.25
48197,2010-07-12,193,893.79
48197,2010-07-19,19,177.01
48197,2010-07-26,1,7.49
72008,2009-11-30,177,74.78
72008,2009-12-07,365,145.10
72008,2009-12-14,101,43.74
72008,2009-12-21,4,2.12
72008,2010-01-04,146,61.32
72008,2010-01-11,181,67.82
72008,2010-01-18,48,20.16
72008,2010-01-25,211,79.98
72008,2010-02-01,236,90.48
72008,2010-02-08,36,15.12
72008,2010-02-15,44,18.48
72008,2010-02-22,24,10.08
72008,2010-03-01,113,46.74
72008,2010-03-08,50,20.70
72008,2010-03-15,14,5.88
72008,2010-03-22,118,49.56
72008,2010-03-29,145,52.26
72008,2010-04-05,40,16.80
72008,2010-04-12,85,35.70
72008,2010-04-19,18,7.56
72008,2010-04-26,78,32.76
72008,2010-05-03,206,77.88
72008,2010-05-17,51,21.42
72008,2010-05-24,32,14.28
72008,2010-05-31,42,17.64
72008,2010-06-07,49,20.58
72008,2010-06-14,16,6.72
72008,2010-06-21,37,15.96
72008,2010-06-28,42,17.64
72008,2010-07-05,193,72.42
72008,2010-07-12,50,21.00
72008,2010-07-19,66,27.72
72008,2010-07-26,30,12.60
72008,2010-08-09,15,6.30
72008,2010-08-16,26,10.92
72008,2010-08-23,17,7.56
72008,2010-08-30,16,6.72
72008,2010-09-06,107,49.08
72008,2010-09-13,17,7.14
72008,2010-09-20,47,19.74
72008,2010-09-27,80,30.48
72008,2010-10-04,40,16.80
72008,2010-10-11,13,5.46
72008,2010-10-18,13,5.88
72008,2010-10-25,310,112.92
72008,2010-11-01,12,5.04
72008,2010-11-08,59,24.78
72484,2009-11-30,52,65.00
72484,2009-12-07,62,38.38
72484,2009-12-14,175,100.07
72484,2009-12-21,98,41.62
72484,2010-01-04,283,144.95
72484,2010-01-11,450,229.68
72484,2010-01-18,73,50.75
72484,2010-01-25,89,69.49
72484,2010-02-01,47,61.27
72484,2010-02-08,484,183.92
72484,2010-03-01,5,6.25
72529W,2009-11-30,44,119.44
72529W,2009-12-07,5,14.96
72529W,2009-12-14,20,44.58
72529W,2010-01-11,5,21.05
72529W,2010-06-07,16,33.92
72529W,2010-07-12,4,8.48
72529W,2010-07-19,1,2.12
72529W,2010-08-02,6,12.72
72529W,2010-08-16,4,8.48
72529W,2010-08-23,130,220.56
72529W,2010-08-30,11,25.41
72529W,2010-09-06,64,108.16
72529W,2010-09-13,36,76.32
72529W,2010-09-20,100,186.57
72529W,2010-09-27,19,40.28
72750A,2009-11-30,8,15.60
72750A,2009-12-14,16,31.20
72750A,2010-01-04,1,5.95
72750A,2010-01-11,16,31.20
72750A,2010-01-25,128,249.60
72750A,2010-02-15,8,15.60
72750A,2010-03-01,16,31.20
72750A,2010-03-22,8,15.60
72750A,2010-03-29,120,234.00
72750A,2010-04-12,20,55.00
72750A,2010-04-19,42,81.90
72750B,2009-12-14,16,31.20
72750B,2010-01-04,25,52.75
72750B,2010-01-11,8,15.60
72750B,2010-01-25,128,249.60
72750B,2010-02-08,8,15.60
72750B,2010-02-15,8,15.60
72750B,2010-04-12,4,23.80
72750B,2010-04-19,80,156.00
72750B,2010-05-03,16,31.20
72750B,2010-05-17,2,11.90
72750B,2010-05-31,2,11.90
72750B,2010-06-28,12,39.40
72750B,2010-07-05,16,31.20
72750B,2010-07-12,16,31.20
72750B,2010-07-19,8,15.60
72750B,2010-07-26,10,27.50
72750B,2010-08-02,8,15.60
72750B,2010-08-09,8,15.60
72750B,2010-08-16,40,78.00
72750B,2010-08-30,8,15.60
72750B,2010-09-06,8,15.60
72750B,2010-09-13,16,31.20
72750B,2010-10-04,26,58.70
72750B,2010-10-11,10,27.50
72750B,2010-10-18,8,15.60
72750B,2010-11-08,5,13.75
72753B,2009-11-30,168,352.80
72753B,2009-12-07,25,58.18
72753B,2010-01-11,8,16.80
72753B,2010-01-25,120,252.00
72753B,2010-02-22,1,7.95
72753B,2010-03-01,8,16.80
72753B,2010-03-08,10,32.70
72753B,2010-03-22,105,220.50
72755C,2009-12-21,160,200.00
72755C,2010-01-11,32,40.00
72755C,2010-01-25,164,217.00
72755C,2010-02-01,4,17.00
72755C,2010-02-15,16,20.00
72755C,2010-02-22,17,24.25
72755C,2010-03-01,64,80.00
72755C,2010-03-22,135,168.75
72756,2009-11-30,997,1381.85
72756,2009-12-07,2318,3065.02
72756,2009-12-14,576,832.32
72756,2010-01-04,18,26.82
72756,2010-01-11,4,5.96
72756,2010-06-07,90,134.10
72756,2010-06-14,18,26.82
72799A,2009-11-30,24,61.20
72799A,2009-12-07,26,35.90
72799A,2009-12-14,243,308.85
72799A,2010-01-04,278,350.90
72799A,2010-01-11,6,17.70
72799A,2010-02-22,3,8.85
72799A,2010-03-01,2,5.90
72799A,2010-04-12,12,35.40
72799A,2010-04-19,4,11.80
72799A,2010-04-26,6,17.70
72799A,2010-05-24,1,2.95
72799A,2010-08-02,7,20.65
72800A,2009-11-30,7,23.09
72800A,2009-12-07,16,22.30
72800A,2009-12-14,294,250.68
72800A,2010-01-04,264,208.56
72800A,2010-01-11,5,25.41
72800A,2010-01-18,1,5.06
72800A,2010-02-01,3,7.65
72800A,2010-02-15,1,2.55
72800A,2010-02-22,8,20.40
72800A,2010-03-08,4,10.20
72800A,2010-03-15,38,80.70
72800A,2010-03-22,3,7.65
72800A,2010-03-29,2,5.10
72800A,2010-04-05,3,7.65
72800A,2010-04-12,2,5.10
72800A,2010-04-19,1,5.06
72800A,2010-04-26,13,33.15
72800A,2010-05-03,3,7.65
72800A,2010-05-10,9,22.95
72800F,2009-11-30,34,89.32
72800F,2009-12-07,69,91.47
72800F,2009-12-14,74,109.14
72800F,2009-12-21,5,12.75
72800F,2010-01-04,504,398.16
72800F,2010-01-11,3,15.18
72800F,2010-01-25,12,30.60
72800F,2010-02-08,3,7.65
72800F,2010-02-15,5,12.75
72800F,2010-02-22,16,40.80
72800F,2010-03-01,13,33.15
72800F,2010-03-08,7,20.36
72800F,2010-03-22,3,7.65
72800F,2010-03-29,2,5.10
72800F,2010-04-05,3,7.65
72800F,2010-04-12,3,7.65
72800F,2010-04-19,1,5.06
72800F,2010-04-26,1,2.55
72800F,2010-05-10,1,2.55
72800F,2010-05-24,2,5.10
72800F,2010-06-07,7,17.85
72800F,2010-06-14,1,2.55
72800F,2010-07-05,12,30.60
72800F,2010-08-09,5,12.75
72800F,2010-08-23,6,15.30
72800F,2010-09-13,6,15.30
72800F,2010-09-20,3,7.65
72800F,2010-09-27,6,15.30
72800F,2010-10-04,4,10.20
72800F,2010-10-11,1,2.55
72800F,2010-10-18,2,5.10
72800F,2010-10-25,1,2.55
72800F,2010-11-01,7,17.85
72800F,2010-11-15,3,7.65
79029,2009-11-30,14,32.00
79029,2009-12-07,2,3.90
79029,2009-12-14,93,184.65
79029,2010-01-04,7,13.65
79029,2010-01-11,4,12.32
79029,2010-01-18,14,38.60
79029,2010-01-25,29,58.81
79029,2010-02-01,13,27.61
79029,2010-02-08,166,282.76
79029,2010-02-15,28,54.60
79029,2010-02-22,29,56.55
79029,2010-03-01,106,187.36
79029,2010-03-08,97,169.81
79029,2010-03-15,177,304.21
79029,2010-03-22,102,179.56
79029,2010-03-29,119,204.17
79029,2010-04-05,304,508.66
79029,2010-04-12,109,190.95
79029,2010-04-19,43,117.75
79029,2010-04-26,131,268.17
79029,2010-05-03,80,160.52
79029,2010-05-10,194,337.36
79029,2010-05-17,69,139.07
79029,2010-05-24,150,290.74
79029,2010-05-31,113,211.81
79029,2010-06-07,190,348.06
79029,2010-06-14,71,140.71
79029,2010-06-21,40,84.78
79029,2010-06-28,161,301.39
79029,2010-07-05,145,266.17
79029,2010-07-12,56,113.72
79029,2010-07-19,74,142.54
79029,2010-07-26,24,60.36
79029,2010-08-02,3,5.85
79029,2010-08-09,1,1.95
79072,2009-11-30,38,398.50
79072,2009-12-07,37,381.75
79072,2009-12-14,53,592.75
79072,2009-12-21,25,299.35
79072,2010-01-04,15,141.25
79072,2010-01-11,19,209.91
79072,2010-01-18,3,36.88
79072,2010-01-25,8,93.66
79072,2010-02-01,19,180.08
79072,2010-02-08,4,39.80
79072,2010-02-15,13,128.38
79072,2010-02-22,10,106.53
79072,2010-03-01,21,229.07
79072,2010-03-08,10,141.68
79072,2010-03-15,9,96.58
79072,2010-03-29,1,16.98
79320,2009-11-30,59,264.76
79320,2009-12-07,41,186.15
79320,2009-12-14,55,312.24
79320,2009-12-21,8,39.60
79320,2010-01-04,11,54.45
79320,2010-01-11,8,45.67
79320,2010-01-18,34,151.50
79320,2010-01-25,25,129.82
79320,2010-02-01,28,121.80
79320,2010-02-08,1,11.02
79320,2010-02-15,29,132.82
79320,2010-02-22,17,84.15
79320,2010-03-01,16,79.20
79320,2010-03-08,28,121.80
79320,2010-03-15,33,169.42
79320,2010-03-22,8,39.60
79320,2010-03-29,24,102.00
79320,2010-04-05,10,49.50
79320,2010-04-12,2,9.90
79320,2010-04-19,34,151.50
79320,2010-04-26,19,112.26
79320,2010-05-03,14,81.44
79320,2010-05-10,5,30.82
79320,2010-05-17,58,265.64
79320,2010-05-24,36,167.47
79320,2010-05-31,12,65.47
79320,2010-06-07,14,75.37
79320,2010-06-14,36,167.47
79320,2010-06-21,21,103.95
79320,2010-06-28,1,4.95
79320,2010-07-05,30,143.84
79320,2010-07-12,25,123.75
79320,2010-07-19,1,4.95
79320,2010-07-26,15,74.25
79320,2010-08-02,29,132.82
79320,2010-08-16,3,20.92
79320,2010-08-23,43,190.45
79320,2010-08-30,11,60.52
79320,2010-09-06,58,252.10
79320,2010-09-13,1,11.02
79320,2010-09-20,1,11.02
79323B,2009-11-30,23,162.37
79323B,2009-12-07,10,74.62
79323B,2009-12-14,40,253.04
79323B,2009-12-21,1,13.87
79323B,2010-01-04,2,13.50
79323B,2010-01-11,8,67.94
79323B,2010-01-18,30,171.30
79323B,2010-01-25,10,67.50
79323B,2010-02-01,20,119.40
79323B,2010-02-15,2,13.50
79323B,2010-02-22,4,27.00
79323B,2010-03-01,5,33.75
79323B,2010-03-08,17,114.75
79323B,2010-03-15,4,27.00
79323B,2010-03-22,1,13.57
79323B,2010-03-29,5,33.75
79323B,2010-04-05,27,164.69
79323B,2010-04-12,4,27.00
79323B,2010-06-07,22,119.90
79323B,2011-02-07,8,54.00
79323G,2009-11-30,23,155.25
79323G,2009-12-07,76,464.84
79323G,2009-12-14,51,320.17
79323G,2009-12-21,1,6.75
79323G,2010-01-11,6,47.32
79323G,2010-01-18,14,94.50
79323G,2010-01-25,6,54.14
79323G,2010-02-01,11,74.25
79323G,2010-02-08,10,108.42
79323G,2010-02-15,2,13.50
79323G,2010-02-22,25,137.55
79323G,2010-03-01,27,157.87
79323G,2010-03-08,12,81.00
79323G,2010-03-15,28,157.80
79323G,2010-03-29,1,13.57
79323G,2010-04-05,4,27.00
79323G,2010-04-12,16,87.20
79323G,2010-04-19,1,6.75
79323GR,2009-11-30,14,101.62
79323GR,2009-12-07,40,238.80
79323GR,2009-12-14,88,507.52
79323GR,2009-12-21,1,6.75
79323GR,2010-01-04,9,60.75
79323GR,2010-01-11,15,114.89
79323GR,2010-01-18,7,54.07
79323GR,2010-01-25,31,178.05
79323GR,2010-02-01,33,191.55
79323GR,2010-02-08,4,27.00
79323GR,2010-02-15,1,6.75
79323GR,2010-02-22,26,182.32
79323GR,2010-03-01,100,571.00
79323GR,2010-03-15,8,54.00
79323GR,2010-03-22,18,121.50
79323GR,2010-03-29,35,218.69
79323GR,2010-04-05,25,137.55
79323GR,2010-04-12,76,429.80
79323GR,2010-04-19,1,6.75
79323LP,2009-11-30,82,498.22
79323LP,2009-12-07,105,615.15
79323LP,2009-12-14,145,829.87
79323LP,2009-12-21,72,392.40
79323LP,2010-01-04,45,272.55
79323LP,2010-01-11,54,346.94
79323LP,2010-01-18,74,443.92
79323LP,2010-01-25,107,642.29
79323LP,2010-02-01,64,369.60
79323LP,2010-02-08,1,6.75
79323LP,2010-02-15,46,279.30
79323LP,2010-02-22,56,360.44
79323LP,2010-03-01,111,652.07
79323LP,2010-03-08,20,135.00
79323LP,2010-03-15,91,543.07
79323LP,2010-03-22,59,367.05
79323LP,2010-03-29,41,245.55
79323LP,2010-04-05,34,205.12
79323LP,2010-04-12,142,802.50
79323LP,2010-04-19,6,40.50
79323LP,2010-08-16,72,392.40
79323LP,2010-10-25,6,40.50
79323P,2009-11-30,329,1952.91
79323P,2009-12-07,174,1130.42
79323P,2009-12-14,254,1577.14
79323P,2009-12-21,51,296.09
79323P,2010-01-04,25,168.75
79323P,2010-01-11,44,294.28
79323P,2010-01-18,82,529.12
79323P,2010-01-25,156,979.86
79323P,2010-02-01,95,547.65
79323P,2010-02-08,10,81.14
79323P,2010-02-15,100,601.86
79323P,2010-02-22,58,360.30
79323P,2010-03-01,98,574.72
79323P,2010-03-08,100,595.04
79323P,2010-03-15,185,1053.75
79323P,2010-03-22,99,619.49
79323P,2010-03-29,115,696.29
79323P,2010-04-05,111,631.27
79323P,2010-04-12,159,886.05
79323P,2010-04-19,8,54.00
79323P,2010-09-13,24,130.80
79323P,2011-01-10,4,27.00
79323S,2009-11-30,49,344.99
79323S,2009-12-07,170,974.54
79323S,2009-12-14,15,108.37
79323S,2009-12-21,1,13.87
79323S,2010-01-11,13,87.75
79323S,2010-01-18,6,40.50
79323S,2010-01-25,2,27.14
79323S,2010-02-01,15,108.07
79323S,2010-02-15,2,13.50
79323S,2010-02-22,1,13.57
79323S,2010-03-08,1,13.57
79323S,2010-03-15,6,40.50
79323S,2010-03-29,1,6.75
79323S,2010-04-05,3,20.25
79323S,2010-04-12,24,133.40
79323S,2010-04-19,1,6.75
79323S,2010-09-13,24,130.80
79323W,2009-11-30,440,2641.48
79323W,2009-12-07,198,1213.62
79323W,2009-12-14,334,1961.14
79323W,2009-12-21,102,592.18
79323W,2010-01-04,54,333.30
79323W,2010-01-11,103,666.95
79323W,2010-01-18,104,646.42
79323W,2010-01-25,194,1153.50
79323W,2010-02-01,130,752.70
79323W,2010-02-08,93,540.97
79323W,2010-02-15,85,545.45
79323W,2010-02-22,101,619.35
79323W,2010-03-01,167,998.87
79323W,2010-03-08,82,522.30
79323W,2010-03-15,169,1020.81
79323W,2010-03-22,167,1016.09
79323W,2010-03-29,115,696.29
79323W,2010-04-05,42,252.30
79323W,2010-04-12,106,621.90
79323W,2010-04-19,6,40.50
79323W,2010-05-10,22,148.50
79323W,2010-05-31,22,148.50
79323W,2010-08-16,144,784.80
79323W,2010-09-13,24,130.80
79341,2009-11-30,52,362.52
79341,2009-12-07,173,1033.11
79341,2009-12-14,25,175.87
79341,2009-12-21,3,41.61
79341,2010-01-04,1,6.75
79341,2010-01-11,5,40.57
79341,2010-01-18,14,94.50
79341,2010-01-25,19,135.07
79341,2010-02-01,6,54.14
79341,2010-02-08,7,47.25
79341,2010-02-15,1,13.57
79341,2010-02-22,18,128.32
79341,2010-03-01,13,87.75
79341,2010-03-08,18,128.32
79341,2010-03-15,4,33.82
79341,2010-03-22,301,1657.35
79341,2010-04-05,24,130.80
79341,2010-04-12,4,27.00
79341,2010-04-19,37,225.37
79342B,2009-11-30,57,337.95
79342B,2009-12-07,6,47.62
79342B,2009-12-14,7,47.25
79342B,2010-01-11,6,54.14
79342B,2010-01-18,16,108.00
79342B,2010-01-25,1,6.75
79342B,2010-02-01,8,54.00
79342B,2010-02-15,2,27.14
79342B,2010-02-22,1,13.57
79342B,2010-03-01,2,27.14
79342B,2010-03-08,8,67.64
79342B,2010-03-15,5,40.57
79342B,2010-04-05,1,6.75
82597,2009-11-30,41,90.50
82597,2009-12-07,30,71.80
82597,2009-12-14,39,97.30
82597,2010-01-04,30,63.00
82597,2010-01-11,5,14.72
82597,2010-01-18,65,118.93
82597,2010-01-25,27,60.92
82597,2010-02-01,31,65.10
82597,2010-02-08,7,14.70
82597,2010-02-15,41,88.21
82597,2010-02-22,6,12.60
82597,2010-03-01,68,127.34
82597,2010-03-08,25,54.61
82597,2010-03-15,12,31.53
82597,2010-03-22,27,56.70
82597,2010-03-29,33,71.41
82597,2010-04-05,24,50.40
82597,2010-04-12,27,56.70
82597,2010-04-19,29,62.31
82597,2010-04-26,17,35.70
82597,2010-05-03,22,50.42
82597,2010-05-10,34,77.73
82597,2010-05-17,27,60.92
82597,2010-05-24,27,51.78
82597,2010-05-31,20,48.33
82597,2010-06-07,30,69.33
82597,2010-06-14,13,27.30
82597,2010-06-21,50,109.22
82597,2010-06-28,6,14.71
82597,2010-07-05,15,31.50
82597,2010-07-12,44,94.51
82597,2010-07-19,1,2.10
82597,2010-07-26,26,58.82
82597,2010-08-02,85,160.93
82597,2010-08-09,41,90.32
82597,2010-08-16,22,46.20
82597,2010-08-23,29,63.01
82597,2010-08-30,18,37.80
82597,2010-09-06,2,4.20
82597,2010-09-13,51,87.42
82597,2010-09-20,14,29.40
82597,2010-09-27,32,71.42
82597,2010-10-04,3,6.30
82597,2010-10-18,17,35.70
82597,2010-10-25,22,46.20
82597,2010-11-01,1,4.21
82607A,2009-11-30,25,32.57
82607A,2009-12-14,9,15.21
82607A,2010-01-11,9,21.63
82607A,2010-01-18,30,45.06
82607A,2010-01-25,17,21.25
82607A,2010-02-01,81,95.91
82607A,2010-02-08,4,8.78
82607A,2010-02-15,13,18.77
82607A,2010-02-22,12,18.78
82607A,2010-03-01,12,20.04
82607A,2010-03-08,59,70.93
82607A,2010-03-15,16,25.04
82607A,2010-03-22,22,32.54
82607A,2010-03-29,16,25.04
82607A,2010-04-05,15,22.53
82607A,2010-04-12,11,13.75
82607A,2010-04-19,23,37.57
82607A,2010-04-26,29,42.55
82607A,2010-05-03,16,23.78
82607A,2010-05-10,5,7.51
82607A,2010-05-17,13,17.51
82607A,2010-05-24,3,7.53
82607A,2010-05-31,14,21.28
82607A,2010-06-07,2,2.50
82607A,2010-06-14,20,27.52
82607A,2010-06-21,1,2.51
82607A,2010-06-28,21,27.51
82607A,2010-07-05,4,10.04
82607A,2010-07-12,6,7.50
82607A,2010-07-19,12,15.00
82607A,2010-07-26,6,7.50
82607A,2010-08-02,10,13.76
82607A,2010-08-09,18,28.80
82607A,2010-08-16,4,7.52
82607A,2010-08-30,7,10.01
82607A,2010-09-06,12,15.00
82607A,2010-09-13,16,20.00
82607A,2010-09-20,6,7.50
82607A,2010-09-27,19,25.01
82607A,2010-10-04,15,20.01
82607A,2010-10-11,37,39.22
84016,2009-12-07,1,0.83
84016,2010-01-11,24,10.08
84016,2010-01-18,12,5.04
84016,2010-03-01,14,286.21
84016,2010-03-08,2,187.22
84016,2010-03-15,313,135.56
84016,2010-03-22,2,961.40
84016,2010-04-05,12,5.04
84016,2010-04-26,27,469.54
84016,2010-05-03,84,35.28
84016,2010-05-10,63,1183.19
84016,2010-05-17,45,69.12
84016,2010-05-24,125,52.50
84016,2010-05-31,61,25.62
84016,2010-06-07,68,28.56
84016,2010-06-14,15,6.69
84016,2010-06-21,1,272.27
84016,2010-07-05,36,15.12
84016,2010-07-19,36,15.12
84016,2010-07-26,36,15.12
84016,2011-04-25,2,1.66
84016,2011-09-12,25,10.50
84029C,2009-11-30,47,188.34
84029C,2009-12-07,62,221.36
84029C,2009-12-14,82,299.68
84029C,2009-12-21,9,45.84
84029C,2010-01-04,5,18.75
84279B,2009-11-30,3,21.05
84279B,2009-12-07,8,39.80
84279B,2009-12-14,21,93.45
84279B,2009-12-21,1,3.75
84279B,2010-01-04,148,503.16
84279B,2010-01-11,27,96.93
84279B,2010-01-18,22,82.90
84279B,2010-01-25,4,15.00
84279B,2010-02-01,7,35.69
84279B,2010-02-08,20,75.00
84279B,2010-02-15,28,100.68
84279B,2010-02-22,13,48.75
84279B,2010-03-01,29,108.75
84279B,2010-03-08,5,28.19
84279B,2010-03-15,31,112.33
84279B,2010-03-22,13,48.75
84279B,2010-03-29,7,26.25
84279B,2010-04-05,15,60.97
84279B,2010-04-12,14,52.50
84279B,2010-04-19,15,70.41
84279B,2010-04-26,28,105.00
84279B,2010-05-03,18,64.62
84279B,2010-05-10,23,86.25
84279B,2010-05-17,41,145.11
84279B,2010-05-24,29,104.43
84279B,2010-05-31,15,56.25
84279B,2010-06-07,11,41.25
84279B,2010-06-14,19,71.25
84279B,2010-06-28,1,3.75
84279B,2011-01-31,6,27.04
84279B,2011-02-07,6,27.04
84279B,2011-02-14,8,30.00
84279B,2011-02-21,3,20.33
84279B,2011-02-28,14,61.58
84279B,2011-03-07,3,15.79
84279B,2011-03-14,14,52.50
84279B,2011-03-21,17,68.29
84279B,2011-03-28,15,56.25
84279B,2011-04-04,29,104.43
84279B,2011-04-11,4,15.00
84279B,2011-04-18,21,83.29
84279B,2011-04-25,6,22.50
84279B,2011-05-02,10,42.04
84279B,2011-05-09,8,39.08
84279B,2011-05-16,5,23.29
84279B,2011-05-23,11,41.25
84279B,2011-05-30,4,15.00
84279B,2011-06-06,5,18.75
84279B,2011-06-13,6,22.50
84327A,2009-11-30,87,163.02
84327A,2009-12-07,34,71.40
84327A,2009-12-14,13,27.30
84327A,2009-12-21,1,2.10
84327A,2010-01-04,57,100.02
84327A,2010-01-11,2,4.20
84327A,2010-01-18,2,4.20
84327A,2010-01-25,19,42.01
84327A,2010-02-01,104,179.04
84327A,2010-02-08,30,63.00
84327A,2010-02-15,51,87.42
84327A,2010-02-22,2,4.20
84327A,2010-03-01,8,16.80
84327A,2010-03-08,4,8.40
84327A,2010-03-15,8,14.34
84327A,2010-03-22,1,2.10
84327A,2010-03-29,54,113.40
84327A,2010-04-05,6,12.60
84327A,2010-04-12,17,35.70
84327A,2010-04-19,10,21.00
84327A,2010-04-26,38,79.80
84327A,2010-05-03,42,88.20
84327A,2010-05-10,7,14.70
84327A,2010-05-17,13,27.30
84327A,2010-05-24,23,54.28
84327A,2010-05-31,153,262.26
84327A,2010-06-07,66,118.92
84327A,2010-06-14,9,18.90
84327A,2010-06-21,67,121.02
84327A,2010-06-28,15,29.04
84327A,2010-07-05,12,25.20
84327A,2010-07-12,1,2.10
84327A,2010-07-19,2,4.20
84327A,2010-07-26,1,2.10
84327A,2010-08-02,2,4.20
84396,2009-11-30,145,289.45
84396,2009-12-07,102,318.86
84396,2009-12-14,31,107.03
84396,2009-12-21,2,17.30
84396,2010-01-11,133,265.87
84396,2010-01-18,15,48.85
84396,2010-01-25,33,123.09
84396,2010-02-01,1,8.47
84396,2010-02-08,13,31.87
84396,2010-02-15,2,16.94
84396,2010-02-22,75,152.79
84405A,2009-11-30,3,38.25
84405A,2009-12-21,3,78.12
84405A,2010-01-25,1,12.75
84405A,2010-02-01,2,25.50
84405A,2010-03-15,2,25.50
84405A,2010-03-22,1,12.75
84405A,2010-03-29,2,25.50
84405A,2010-04-05,1,12.75
84405A,2010-04-12,3,38.25
84405A,2010-04-19,3,50.99
84405A,2010-05-03,3,38.25
84405A,2010-05-10,1,12.75
84405A,2010-05-24,1,12.75
84405A,2010-05-31,1,12.75
84405A,2010-06-07,3,38.25
84405A,2010-06-14,1,12.75
84405A,2010-06-21,1,12.75
84405A,2010-06-28,2,25.50
84405A,2010-07-05,2,25.50
84405A,2010-07-26,3,38.25
84405A,2010-08-02,30,148.50
84405A,2010-08-09,30,148.50
84405A,2010-08-16,7,42.45
84405A,2010-08-23,19,101.85
84405A,2010-08-30,1,12.75
84405A,2010-09-20,2,25.50
84405A,2010-10-04,1,12.75
84466,2009-11-30,113,134.17
84466,2009-12-07,24,48.48
84466,2009-12-14,69,103.41
84466,2009-12-21,219,212.91
84466,2010-01-25,5,6.25
84466,2010-02-01,98,100.90
84466,2010-02-08,2,2.50
84466,2010-02-15,159,155.55
84466,2010-02-22,12,15.00
84466,2010-03-01,5,6.25
84466,2010-03-08,12,15.00
84466,2010-03-15,28,35.00
84466,2010-03-22,85,84.65
84466,2010-03-29,6,7.50
84466,2010-04-05,372,357.00
84466,2010-04-19,4,10.04
84466,2011-02-21,1,1.25
84466,2011-03-14,7,8.75
84466,2011-04-04,4,5.00
84466,2011-05-02,6,7.50
84466,2011-05-09,4,5.00
84466,2011-05-16,16,20.00
84466,2011-05-23,4,5.00
84466,2011-06-13,3,3.75
84466,2011-07-11,1,1.25
84467,2009-11-30,1,39.95
84467,2009-12-07,1,39.95
84467,2010-02-22,8,156.40
84467,2010-03-01,74,1042.21
84467,2010-03-08,171,3365.07
84467,2010-03-15,144,2982.60
84467,2010-03-22,147,2811.15
84467,2010-03-29,26,662.74
84467,2010-04-05,179,4577.17
84467,2010-04-19,53,1350.97
84467,2010-04-26,2,79.90
84467,2010-05-10,1,39.95
84467,2010-05-24,2,79.90
84467,2010-05-31,1,39.95
84467,2010-06-07,3,119.85
84467,2010-06-28,1,39.95
84467,2010-07-26,2,49.95
84469,2009-11-30,1,6.95
84469,2009-12-07,3,20.85
84469,2009-12-14,1,6.95
84469,2010-01-04,4,27.80
84469,2010-01-18,3,35.81
84469,2010-01-25,13,82.68
84469,2010-02-01,8,55.60
84469,2010-02-08,3,43.29
84469,2010-02-22,4,57.72
84469,2010-03-01,161,502.43
84469,2010-03-08,125,404.23
84469,2010-03-15,301,895.95
84469,2010-03-22,37,109.15
84472,2009-11-30,2,91.90
84472,2009-12-07,1,45.95
84472,2009-12-14,8,378.56
84472,2010-01-04,1,45.95
84472,2010-01-11,3,137.85
84472,2010-01-25,3,137.85
84472,2010-02-01,1,45.95
84472,2010-02-08,1,45.95
84472,2010-02-15,1,45.95
84472,2010-02-22,3,137.85
84472,2010-03-01,3,137.85
84472,2010-03-15,2,91.90
84472,2010-03-29,1,85.06
84472,2010-04-05,1,45.95
84472,2010-04-12,1,45.95
84472,2010-04-19,53,1825.90
84472,2010-04-26,1,10.00
84472,2010-05-10,1,45.95
84507B,2009-11-30,27,68.85
84507B,2009-12-07,11,28.05
84507B,2009-12-14,19,53.69
84507B,2010-01-11,2,7.61
84507B,2010-01-18,13,33.15
84507B,2010-01-25,13,33.15
84507B,2010-02-15,6,15.30
84507B,2010-02-22,49,105.86
84507B,2010-03-01,22,63.63
84507B,2010-03-08,7,17.85
84507B,2010-03-15,6,12.60
84507B,2010-03-22,17,48.37
84507B,2010-03-29,6,12.60
84507B,2010-04-05,1,2.55
84507B,2010-04-26,7,17.85
84507B,2010-05-03,4,10.20
84507B,2010-05-10,1,2.55
84507B,2010-05-17,6,15.30
84507B,2010-05-24,1,5.06
84507B,2010-05-31,8,20.40
84507B,2010-06-07,1,5.06
84507B,2010-06-14,2,7.61
84507B,2010-06-21,2,10.12
84507B,2010-06-28,1,5.06
84507B,2010-07-05,1,5.06
84507B,2010-07-12,1,5.06
84507B,2010-07-19,2,5.10
84507B,2010-08-02,202,188.70
84507B,2010-08-09,51,48.45
84507B,2010-08-16,156,153.00
84507B,2010-08-23,443,397.76
84507B,2010-08-30,194,168.30
84507B,2010-09-06,7,17.85
84507B,2010-09-13,1,2.55
84507B,2010-09-20,3,7.65
84507B,2010-10-11,8,20.40
84507B,2010-11-01,5,12.75
84507B,2010-11-15,1,2.55
84507B,2010-11-29,3,7.65
84507B,2010-12-13,3,7.65
84507B,2011-01-17,1,2.55
84507B,2011-03-07,2,7.51
84507B,2011-03-14,2,5.10
84507B,2011-03-21,6,15.30
84507B,2011-04-04,1,4.96
84507B,2011-04-18,2,5.10
84507B,2011-05-23,4,10.20
84507B,2011-06-06,1,2.55
84507B,2011-06-20,6,15.30
84507B,2011-07-04,1,4.96
84507B,2011-07-18,1,2.55
84507B,2011-07-25,1,4.96
84507B,2011-08-01,2,7.51
84507B,2011-08-08,2,9.92
84507B,2011-08-15,1,2.55
84507B,2011-08-29,1,4.96
84507B,2011-09-05,2,5.10
84509F,2009-11-30,1,3.75
84509F,2009-12-07,2,7.50
84509F,2009-12-14,2,7.50
84509F,2010-01-04,16,60.00
84509F,2010-01-11,2,7.50
84509F,2010-01-25,2,7.50
84509F,2010-02-08,3,11.25
84509F,2010-02-15,8,30.00
84509F,2010-03-01,3,18.99
84509F,2010-03-15,4,15.00
84509F,2010-03-22,2,11.37
84509F,2010-03-29,1,3.75
84509F,2010-04-05,2,7.50
84509F,2010-04-12,2,7.50
84509F,2010-04-19,6,30.24
84509F,2010-04-26,4,15.00
84509F,2010-05-03,4,15.00
84509F,2010-05-10,4,15.00
84509F,2010-05-17,3,11.25
84509F,2010-05-24,2668,2013.00
84509F,2010-05-31,2,7.50
84509F,2010-06-14,4,15.00
84509F,2010-06-21,8,30.00
84509F,2010-07-05,6,22.50
84509F,2010-07-19,4,15.00
84509F,2010-07-26,1,3.75
84509F,2010-08-02,4,15.00
84509F,2010-08-16,6,22.50
84509F,2010-09-06,2,7.50
84509F,2010-10-04,4,15.00
84509F,2010-11-08,1,3.75
84510B,2009-11-30,71,97.99
84510B,2009-12-07,42,63.06
84510B,2009-12-14,80,119.80
84510B,2009-12-21,2,5.14
84510B,2010-01-04,126,138.50
84510B,2010-01-11,21,35.13
84510B,2010-01-18,29,40.03
84510B,2010-01-25,35,47.53
84510B,2010-02-01,147,171.05
84510B,2010-02-08,25,37.55
84510B,2010-02-15,36,47.52
84510B,2010-02-22,73,93.77
84510B,2010-03-01,163,180.31
84510B,2010-03-08,122,142.32
84510B,2010-03-15,25,33.77
84510B,2010-03-22,38,47.50
84510B,2010-03-29,32,42.52
84510B,2010-04-05,26,38.80
84510B,2010-04-12,28,35.00
84510B,2010-04-19,30,38.76
84510B,2010-04-26,6,7.50
84510B,2010-05-10,23,28.75
84510B,2010-05-17,4,5.00
84510B,2010-06-07,1,1.25
84510B,2010-07-05,2,2.50
84510B,2010-08-02,1,2.15
84578,2009-11-30,17,67.05
84578,2009-12-07,22,85.25
84578,2009-12-14,20,77.75
84578,2009-12-21,5,21.50
84578,2010-01-04,13,48.75
84578,2010-01-11,9,34.67
84578,2010-01-18,5,18.75
84578,2010-01-25,16,60.92
84578,2010-02-01,9,33.75
84578,2010-02-08,12,45.00
84578,2010-02-15,2,7.50
84578,2010-02-22,7,27.17
84578,2010-03-01,8,30.00
84578,2010-03-08,11,42.63
84578,2010-03-15,8,28.56
84578,2010-03-22,25,99.27
84578,2010-03-29,23,87.97
84578,2010-04-05,11,42.17
84615,2009-12-07,1,7.95
84615,2010-01-04,2,15.90
84615,2010-01-11,2,24.08
84615,2010-02-15,1,7.95
84615,2010-03-01,80,156.00
84615,2010-03-08,8,15.60
84615,2010-03-22,57,125.33
84615,2010-03-29,13,79.89
84615,2010-04-12,76,315.78
84619,2009-11-30,3,137.85
84619,2009-12-07,3,137.85
84619,2009-12-14,1,86.91
84619,2009-12-21,1,45.95
84619,2010-01-04,4,183.80
84619,2010-01-25,3,137.85
84619,2010-02-08,1,45.95
84619,2010-02-15,2,91.90
84619,2010-02-22,16,270.40
84619,2010-03-01,38,484.50
84620,2009-11-30,5,29.75
84620,2009-12-14,12,71.40
84620,2010-01-11,2,11.90
84620,2010-01-25,1,21.23
84620,2010-02-01,2,11.90
84620,2010-02-22,2,11.90
84620,2010-03-08,4,23.80
84620,2010-03-22,5,29.75
84620,2010-03-29,2,11.90
84620,2010-04-05,2,11.90
84620,2010-04-12,1,5.95
84620,2010-04-26,8,47.60
84620,2010-05-03,1,21.23
84620,2010-05-10,9,53.55
84620,2010-05-17,7,41.65
84620,2010-05-31,6,35.70
84620,2010-06-07,3,13.95
84620,2010-06-14,2,11.90
84620,2010-06-21,9,53.55
84620,2010-06-28,10,59.50
84620,2010-07-12,6,35.70
84620,2010-07-26,1,5.95
84620,2010-08-02,2,11.90
84620,2010-08-16,4,23.80
84620,2010-09-20,3,17.85
84620,2010-09-27,2,11.90
84620,2010-10-04,1,5.95
84620,2010-10-11,1,5.95
84620,2010-11-01,2,11.90
84620,2010-11-08,6,35.70
84620,2010-12-13,2,11.90
84625D,2009-11-30,4,11.80
84625D,2009-12-07,14,41.30
84625D,2009-12-14,72,61.20
84625D,2010-01-11,1,2.95
84625D,2010-01-18,24,20.40
84625D,2010-02-08,7,20.65
84625D,2010-02-15,48,40.80
84625D,2010-02-22,12,35.40
84625D,2010-03-15,30,38.10
84625D,2010-03-22,3,11.81
84625D,2010-04-05,2,5.90
84625D,2010-05-03,26,26.30
84625D,2010-05-17,24,20.40
84625D,2010-06-07,1,2.95
84625D,2010-07-12,24,20.40
84625D,2010-07-19,2,5.90
84625D,2010-07-26,24,20.40
84625D,2010-08-16,24,20.40
84625D,2010-09-06,24,20.40
84625D,2010-09-27,2,5.90
84625D,2010-10-04,33,46.95
84625D,2010-10-11,48,40.80
84625D,2010-10-25,64,88.00
84625D,2010-11-01,57,73.27
84625D,2010-11-08,50,52.62
84625D,2010-11-15,31,61.29
84653,2010-01-11,3,217.92
84653,2010-01-25,3,176.96
84653,2010-02-01,1,39.95
84653,2010-02-22,2,91.90
84653,2010-03-01,2,91.90
84653,2010-03-15,2,91.90
84653,2010-03-22,1,39.95
84664,2009-12-07,4,19.80
84664,2009-12-14,4,19.80
84664,2010-01-11,8,39.60
84664,2010-03-29,8,39.60
84664,2010-04-12,10,49.50
84664,2010-04-19,48,237.60
84664,2010-04-26,24,118.80
84664,2010-06-21,4,19.80
84664,2010-06-28,10,49.50
84664,2010-07-05,35,173.25
84664,2010-07-12,4,19.80
84664,2010-07-19,6,29.70
84664,2010-08-02,8,39.60
84664,2010-08-09,4,19.80
84664,2010-08-16,4,19.80
84664,2010-09-13,7,34.65
84664,2010-10-18,5,24.75
84666,2009-12-07,6,23.70
84666,2009-12-14,6,23.70
84666,2010-03-15,18,71.10
84666,2010-03-22,30,118.50
84666,2010-04-12,10,39.50
84666,2010-04-19,48,189.60
84666,2010-04-26,12,47.40
84666,2010-05-10,30,118.50
84666,2010-07-12,6,23.70
84666,2010-07-19,6,23.70
84666,2010-08-16,6,23.70
84666,2010-09-13,24,94.80
84666,2010-12-13,6,23.70
84666,2011-03-14,6,23.70
84666,2011-04-11,6,23.70
84666,2011-04-18,6,23.70
84670,2009-11-30,208,89.92
84670,2009-12-07,61,25.62
84670,2009-12-14,579,221.10
84670,2009-12-21,1,1.70
84670,2010-01-11,52,24.40
84670,2010-01-18,63,30.18
84670,2010-01-25,72,30.24
84670,2010-02-15,132,55.44
84670,2010-02-22,48,20.16
84670,2010-03-01,108,45.36
84670,2010-03-08,24,10.08
84670,2010-03-22,133,57.10
84670,2010-03-29,72,27.36
84670,2010-04-12,24,10.08
84670,2010-04-19,96,38.88
84670,2010-04-26,144,60.48
84670,2010-05-03,72,30.24
84670,2010-05-10,72,30.24
84670,2010-05-17,216,105.60
84670,2010-05-24,132,54.00
84670,2010-05-31,24,10.08
84670,2010-06-07,180,66.96
84670,2010-06-14,156,64.08
84670,2010-06-21,74,33.56
84670,2010-06-28,96,40.32
84670,2010-07-05,47,19.74
84670,2010-07-12,51,25.14
84670,2010-07-19,36,15.12
84670,2010-07-26,49,21.82
84670,2010-08-02,204,77.04
84670,2010-08-09,96,40.32
84670,2010-08-16,86,38.60
84670,2010-08-23,84,35.28
84670,2010-08-30,24,10.08
84670,2010-09-06,29,12.18
84670,2010-09-13,60,25.20
84670,2010-09-20,228,87.12
84670,2010-09-27,12,5.04
84670,2010-10-04,88,36.96
84670,2010-10-11,458,183.72
84670,2010-10-18,130,54.60
84670,2010-10-25,96,40.32
84670,2010-11-01,544,202.56
84670,2010-11-08,13,5.46
84670,2010-11-15,47,19.74
84670,2010-11-22,2,0.84
84676,2009-11-30,4,11.80
84676,2009-12-07,2,8.99
84676,2009-12-14,3,11.94
84676,2009-12-21,2,5.90
84676,2010-01-11,1,2.95
84676,2010-01-18,8,23.60
84676,2010-01-25,8,23.60
84676,2010-02-15,28,85.56
84676,2010-02-22,12,35.40
84676,2010-03-01,4,11.80
84676,2010-03-08,43,117.81
84676,2010-03-15,7,20.65
84676,2010-03-22,127,348.09
84676,2010-03-29,9,32.47
84676,2010-04-05,2,5.90
84676,2010-04-12,65,107.75
84676,2010-04-19,87,237.45
84676,2010-04-26,24,70.80
84676,2010-05-03,23,63.05
84676,2010-05-10,15,44.25
84676,2010-05-17,235,413.77
84676,2010-05-24,35,103.25
84676,2010-05-31,20,59.00
84676,2010-06-07,26,82.62
84676,2010-06-14,23,70.81
84676,2010-06-21,2,5.90
84676,2010-06-28,22,64.90
84676,2010-07-05,6,17.70
84676,2010-07-26,1,2.95
84676,2010-08-16,4,11.80
84686,2009-11-30,3,25.95
84686,2009-12-07,1,4.25
84686,2009-12-14,4,17.00
84686,2010-01-04,2,8.50
84686,2010-01-18,1,4.25
84686,2010-02-08,1,8.47
84686,2010-02-15,1,8.47
84686,2010-02-22,4,25.44
84686,2010-03-01,2,8.50
84686,2010-03-08,1,8.47
84686,2010-03-15,2,16.94
84686,2010-03-22,1,8.47
84686,2010-03-29,1,8.47
84686,2010-04-05,1,4.25
84686,2010-04-19,3,16.97
84686,2010-04-26,1,8.47
84686,2010-05-03,9,46.69
84686,2010-05-10,129,219.67
84686,2010-05-17,33,61.27
84686,2010-05-31,100,179.62
84686,2010-06-07,5,21.25
84686,2010-06-21,8,55.10
84686,2010-06-28,3,25.41
84686,2010-07-12,3,25.41
84686,2010-07-19,1,8.47
84686,2010-08-02,1,8.47
84686,2010-08-09,2,16.94
84686,2010-08-30,2,16.94
84686,2010-09-06,2,8.50
84686,2010-09-13,4,21.22
84686,2010-09-27,2,16.94
84686,2010-10-11,2,16.94
84686,2010-11-15,5,29.69
84686,2011-04-04,1,4.25
84686,2011-05-02,4,17.00
84686,2011-05-09,2,8.50
84686,2011-06-13,1,4.25
84686,2011-07-04,41,32.39
84688,2009-11-30,2,8.50
84688,2009-12-07,2,17.30
84688,2009-12-14,8,42.80
84688,2009-12-21,1,8.65
84688,2010-01-11,5,34.27
84688,2010-01-18,2,16.94
84688,2010-01-25,1,8.47
84688,2010-02-01,3,21.19
84688,2010-02-22,6,25.50
84688,2010-03-01,1,8.47
84688,2010-03-08,7,33.97
84688,2010-03-15,7,33.97
84688,2010-03-22,6,25.50
84688,2010-03-29,1,8.47
84688,2010-04-05,6,25.50
84688,2010-04-19,1,4.25
84688,2010-04-26,8,42.44
84688,2010-05-03,16,68.00
84688,2010-05-10,122,210.72
84688,2010-05-17,48,79.20
84688,2010-05-31,73,127.27
84688,2010-06-07,1,8.47
84688,2010-06-14,2,8.50
84688,2010-06-21,15,63.75
84688,2010-06-28,6,25.50
84688,2010-07-26,1,4.25
84688,2010-08-02,2,12.72
84688,2010-08-09,6,25.50
84688,2010-08-23,3,16.97
84688,2010-08-30,1,8.47
84688,2010-09-13,1,4.25
84688,2010-10-25,1,4.25
84688,2010-11-01,7,33.97
84688,2010-11-08,1,8.47
84688,2010-11-15,8,34.00
84688,2010-12-06,1,8.47
84688,2010-12-13,8,42.44
84688,2011-01-17,1,8.29
84688,2011-01-24,6,25.50
84688,2011-01-31,8,42.08
84688,2011-02-21,6,25.50
84688,2011-02-28,1,8.29
84688,2011-03-14,6,25.50
84688,2011-05-02,3,12.75
84688,2011-05-09,1,4.25
84691,2009-11-30,61,55.25
84691,2009-12-07,58,51.00
84691,2009-12-14,78,75.65
84691,2009-12-21,242,176.20
84691,2010-01-04,130,100.10
84691,2010-01-11,47,44.85
84691,2010-01-18,56,50.03
84691,2010-01-25,49,43.27
84691,2010-02-01,258,188.10
84691,2010-02-08,32,28.01
84691,2010-02-15,47,39.95
84691,2010-02-22,28,23.80
84691,2010-03-01,191,141.55
84691,2010-03-08,127,104.84
84691,2010-03-15,57,53.31
84691,2010-03-22,136,115.60
84691,2010-03-29,36,31.41
84691,2010-04-05,108,83.83
84691,2010-04-12,35,29.75
84691,2010-04-19,50,57.89
84691,2010-04-26,76,72.70
84691,2010-05-03,40,34.00
84691,2010-05-10,39,33.15
84691,2010-05-17,109,82.25
84691,2010-05-24,42,37.32
84691,2010-05-31,8,7.61
84691,2010-06-07,22,20.32
84691,2010-06-14,13,13.48
84691,2010-06-21,11,10.97
84691,2010-06-28,54,49.14
84691,2010-07-05,23,20.36
84691,2010-07-12,86,63.51
84691,2010-08-30,80,57.60
84691,2010-09-13,3,2.55
84691,2010-10-11,80,57.60
84691,2011-02-21,80,57.60
84691,2011-03-21,2,1.70
84691,2011-04-25,80,57.60
84691,2011-05-30,80,57.60
84750A,2009-11-30,24,56.20
84750A,2009-12-07,17,47.25
84750A,2009-12-14,32,100.00
84750A,2009-12-21,7,30.10
84750A,2010-01-04,40,68.40
84750A,2010-01-11,6,18.48
84750A,2010-01-18,32,66.92
84750A,2010-01-25,16,42.50
84750A,2010-02-01,17,35.41
84750A,2010-02-08,13,32.13
84750A,2010-02-15,57,103.81
84750A,2010-02-22,12,43.74
84750A,2010-03-01,20,45.78
84750A,2010-03-08,111,201.21
84750A,2010-03-15,38,71.28
84750A,2010-03-22,13,29.87
84750A,2010-03-29,13,34.39
84750A,2010-05-10,2,8.42
84750A,2010-10-11,12,27.92
84750A,2010-10-18,8,15.60
84750A,2010-10-25,2,3.90
84750A,2010-11-01,20,39.00
84750A,2010-11-08,8,20.12
84750A,2011-03-14,24,46.80
84750B,2009-11-30,2,6.25
84750B,2009-12-07,53,96.10
84750B,2009-12-14,11,28.50
84750B,2010-01-11,6,16.22
84750B,2010-01-18,15,40.55
84750B,2010-02-01,44,85.80
84750B,2010-02-08,2,3.90
84750B,2010-02-15,32,52.80
84750B,2010-02-22,4,16.84
84750B,2010-03-08,65,109.81
84750B,2010-03-15,1,4.21
84750B,2010-04-05,9,19.81
84750B,2010-04-19,6,25.26
84750B,2010-04-26,8,15.60
84750B,2010-05-10,32,52.80
84750B,2010-05-31,2,8.42
84750B,2010-06-21,9,17.55
84750B,2010-06-28,1,4.21
84750B,2010-07-26,16,31.20
84750B,2010-08-16,64,105.60
84750B,2010-08-23,8,15.60
84750B,2010-08-30,41,67.95
84750B,2010-09-06,2,8.42
84750B,2010-09-13,8,15.60
84750B,2010-09-20,12,23.40
84750B,2010-09-27,19,61.91
84750B,2010-10-11,17,35.41
84750B,2010-10-18,13,25.35
84750B,2010-10-25,8,15.60
84750B,2010-11-01,12,23.40
84750B,2010-11-08,14,29.56
84750B,2010-11-15,7,13.65
84750B,2010-11-22,5,9.75
84750B,2010-12-13,1,1.95
84750B,2011-01-10,3,5.85
84750B,2011-03-07,8,15.60
84750B,2011-03-28,8,15.60
84750B,2011-04-04,10,3.90
84750B,2011-04-11,25,9.75
84750B,2011-04-18,6,2.34
84761,2009-11-30,8,20.40
84761,2009-12-07,9,25.57
84761,2010-01-11,8,30.88
84761,2010-01-18,2,5.10
84761,2010-01-25,3,7.65
84761,2010-02-15,24,61.20
84761,2010-03-01,5,25.30
84761,2010-03-15,11,28.05
84761,2010-03-22,13,33.15
84761,2010-03-29,12,38.13
84761,2010-04-05,16,55.86
84761,2010-04-12,9,22.95
84761,2010-04-19,1,5.06
84761,2010-04-26,7,20.36
84761,2010-05-03,16,40.80
84761,2010-05-10,38,86.10
84761,2010-05-17,12,33.11
84761,2010-05-24,8,20.40
84761,2010-05-31,2,5.10
84761,2010-06-07,11,28.05
84761,2010-06-14,14,38.21
84761,2010-06-21,5,22.79
84761,2010-06-28,2,5.10
84761,2010-07-12,2,7.61
84761,2010-07-19,9,22.95
84761,2010-07-26,10,25.50
84761,2010-08-02,4,15.22
84761,2010-08-16,16,40.80
84761,2010-09-13,2,5.10
84762B,2009-11-30,1,8.65
84762B,2009-12-07,1,8.65
84762B,2009-12-14,3,25.95
84762B,2010-01-11,1,8.47
84762B,2010-02-01,1,8.47
84762B,2010-02-15,1,8.47
84762B,2010-02-22,1,10.75
84762B,2010-03-01,1,10.75
84762B,2010-03-22,2,19.22
84762B,2010-03-29,1,8.47
84762B,2010-04-12,8,47.60
84762B,2010-04-19,5,44.63
84762B,2010-04-26,26,162.02
84762B,2010-05-03,5,49.19
84762B,2010-05-10,2,19.22
84762B,2010-05-17,3,29.97
84762B,2010-05-24,12,86.04
84762B,2010-05-31,22,150.58
84762B,2010-06-07,13,94.51
84762B,2010-06-14,2,16.94
84762B,2010-06-28,1,8.47
84762B,2010-09-06,1,10.75
84762C,2009-12-07,2,17.30
84762C,2009-12-14,4,34.60
84762C,2009-12-21,1,8.65
84762C,2010-01-11,3,32.25
84762C,2010-01-18,1,8.47
84762C,2010-02-01,2,16.94
84762C,2010-02-22,1,8.47
84762C,2010-03-01,3,25.41
84762C,2010-03-08,1,8.47
84762C,2010-03-22,8,47.60
84762C,2010-03-29,2,16.94
84762C,2010-04-05,2,16.94
84762C,2010-04-12,11,79.85
84762C,2010-04-19,4,36.16
84762C,2010-04-26,27,168.21
84762C,2010-05-03,29,191.99
84762C,2010-05-10,3,32.25
84762C,2010-05-17,1,10.75
84782A,2009-11-30,2,25.50
84782A,2009-12-07,8,87.60
84782A,2009-12-14,1,12.75
84782A,2009-12-21,2,25.50
84782A,2010-01-18,4,51.00
84782A,2010-04-12,1,12.75
84782A,2010-05-31,1,12.75
84782A,2010-06-14,1,12.75
84782A,2010-06-21,4,51.00
84782A,2010-06-28,2,25.50
84782A,2010-07-05,17,187.95
84782A,2010-07-12,1,12.75
84782A,2010-07-19,2,25.50
84782A,2010-08-02,57,233.95
84782A,2010-08-09,8,31.60
84782A,2010-08-16,8,31.60
84791,2009-11-30,19,65.32
84791,2009-12-07,4,14.89
84791,2009-12-14,6,23.88
84791,2010-01-04,8,23.60
84791,2010-01-11,9,35.56
84791,2010-01-18,31,94.41
84791,2010-01-25,24,73.76
84791,2010-02-01,38,118.02
84791,2010-02-08,1,5.91
84791,2010-02-15,6,32.50
84791,2010-02-22,1,2.95
84791,2010-03-01,19,56.05
84791,2010-03-08,10,41.34
84791,2010-03-15,12,44.28
84791,2010-03-22,7,29.53
84791,2010-03-29,1,2.95
84791,2010-04-05,38,102.50
84791,2010-04-12,6,17.70
84791,2010-04-19,19,59.01
84791,2010-04-26,9,35.43
84791,2010-05-03,14,47.22
84791,2010-05-10,10,32.46
84791,2010-05-17,11,35.41
84791,2010-05-31,10,29.50
84791,2010-06-07,8,23.60
84791,2010-06-14,6,17.70
84791,2010-06-21,4,11.80
84791,2010-06-28,3,8.85
84791,2010-07-12,2,5.90
84791,2010-07-19,1,2.95
84795A,2009-11-30,1,7.95
84795A,2009-12-07,3,23.85
84795A,2010-01-11,1,7.95
84795A,2010-02-22,10,79.50
84795A,2010-03-01,1,7.95
84795A,2010-03-08,2,15.90
84795A,2010-03-15,5,48.78
84795A,2010-03-22,14,99.30
84795A,2010-03-29,4,31.80
84795A,2010-04-12,40,282.00
84795A,2010-04-19,14,99.30
84795A,2010-04-26,6,56.73
84795A,2010-05-03,9,71.55
84795A,2010-05-10,17,123.15
84795A,2010-05-17,10,88.53
84795A,2010-05-24,22,229.08
84795A,2010-05-31,2,33.96
84795A,2010-06-07,22,180.96
84795A,2010-06-14,10,79.50
84795A,2010-06-21,11,96.48
84795A,2010-06-28,4,31.80
84795A,2010-08-02,1,7.95
84795C,2009-11-30,3,23.85
84795C,2009-12-07,6,47.70
84795C,2009-12-14,2,15.90
84795C,2010-01-25,2,15.90
84795C,2010-02-08,2,15.90
84795C,2010-02-15,2,15.90
84795C,2010-02-22,15,119.25
84795C,2010-03-01,5,39.75
84795C,2010-03-08,4,31.80
84795C,2010-03-15,8,63.60
84795C,2010-03-22,4,31.80
84795C,2010-03-29,7,82.74
84795C,2010-04-05,1,16.98
84795C,2010-04-12,27,190.65
84795C,2010-04-19,16,124.23
84795C,2010-04-26,15,137.31
84795C,2010-05-03,8,90.69
84795C,2010-05-10,8,63.60
84795C,2010-05-17,12,104.43
84795C,2010-05-24,31,354.81
84795C,2010-05-31,7,73.71
84795C,2010-06-07,18,152.13
84795C,2010-06-14,19,169.11
84795C,2010-06-21,31,234.45
84795C,2010-06-28,44,325.80
84795C,2010-07-05,22,162.90
84795C,2010-07-12,3,23.85
84795C,2010-10-18,1,7.95
84795C,2011-01-31,2,15.90
84795D,2009-11-30,1,7.95
84795D,2010-01-25,2,15.90
84795D,2010-02-22,18,131.10
84795D,2010-03-01,5,48.78
84795D,2010-03-08,5,48.78
84795D,2010-03-15,13,112.38
84795D,2010-03-22,16,115.20
84795D,2010-03-29,4,31.80
84795D,2010-04-05,1,16.98
84795D,2010-04-12,3,23.85
84795D,2010-04-19,5,39.75
84795D,2010-04-26,12,104.43
84795D,2010-05-03,26,203.73
84795D,2010-05-10,17,135.15
84795D,2010-05-17,6,47.70
84795D,2010-05-24,25,216.81
84795D,2010-05-31,8,63.60
84795D,2010-06-07,6,47.70
84795D,2010-06-14,6,47.70
84795D,2010-06-21,4,31.80
84795D,2010-06-28,5,39.75
84795D,2010-08-02,1,7.95
84796A,2009-12-07,1,26.04
84796A,2010-03-01,1,12.75
84796A,2010-03-29,2,16.94
84796A,2010-04-19,2,25.50
84796A,2010-04-26,3,38.25
84796A,2010-05-10,98,396.14
84796A,2010-05-17,2,21.22
84796A,2010-05-24,24,94.80
84796A,2010-05-31,9,93.25
84796A,2010-06-07,9,127.29
84796A,2010-06-14,10,84.70
84796A,2010-06-21,5,42.35
84796A,2010-06-28,2,16.94
84796A,2010-07-05,12,101.64
84796A,2010-07-12,5,42.35
84796A,2010-07-19,10,84.70
84796A,2010-07-26,4,33.88
84796A,2010-08-02,4,38.16
84796A,2010-08-09,4,33.88
84796A,2010-08-16,4,33.88
84796A,2010-08-23,1,8.47
84796A,2010-08-30,10,110.38
84796A,2010-09-06,1,8.47
84796A,2010-09-20,3,25.41
84796A,2010-09-27,3,25.41
84796A,2010-10-04,1,8.47
84796A,2010-10-11,2,21.22
84796A,2010-10-25,1,12.75
84796A,2010-11-15,1,12.75
84796A,2010-12-13,1,8.47
84796A,2011-02-21,4,33.16
84796A,2011-02-28,1,8.29
84796A,2011-03-07,4,33.16
84796A,2011-03-14,1,8.29
84796A,2011-03-21,7,80.33
84796A,2011-03-28,2,21.04
84796A,2011-04-11,2,21.04
84796A,2011-04-18,1,8.29
84796A,2011-04-25,2,25.50
84796A,2011-06-13,3,33.79
84796A,2011-07-04,10,82.90
84796A,2011-07-11,6,54.20
84796A,2011-07-18,9,74.61
84796A,2011-07-25,7,58.03
84796A,2011-08-01,3,24.87
84796A,2011-08-08,10,82.90
84796A,2011-08-22,1,8.29
84796A,2011-08-29,2,16.58
84796A,2011-11-28,2,25.50
84797A,2009-11-30,1,11.26
84797A,2009-12-21,1,11.26
84797A,2010-01-25,1,34.08
84797A,2010-03-01,2,27.97
84797A,2010-03-29,2,22.04
84797A,2010-04-19,4,67.80
84797A,2010-04-26,6,77.98
84797A,2010-05-03,5,55.10
84797A,2010-05-10,91,510.73
84797A,2010-05-17,30,190.85
84797A,2010-05-24,119,667.68
84797A,2010-05-31,237,1883.34
84797B,2009-11-30,3,33.78
84797B,2009-12-14,2,69.48
84797B,2009-12-21,2,22.52
84797B,2010-03-01,1,16.95
84797B,2010-03-29,4,44.08
84797B,2010-04-19,4,67.80
84797B,2010-04-26,4,44.08
84797B,2010-05-03,2,22.04
84797B,2010-05-10,112,596.47
84797B,2010-05-17,54,309.65
84797B,2010-05-24,144,791.57
84797B,2010-05-31,12,59.40
84815,2009-12-07,7,29.75
84815,2009-12-14,7,34.15
84815,2009-12-21,1,8.65
84815,2010-01-11,4,17.00
84815,2010-01-18,16,68.00
84815,2010-01-25,4,21.22
84815,2010-02-01,3,12.75
84815,2010-02-08,6,25.50
84815,2010-02-15,2,12.72
84815,2010-02-22,2,8.50
84815,2010-03-01,9,42.47
84815,2010-03-15,2,16.94
84815,2010-03-22,4,17.00
84815,2010-03-29,4,21.22
84815,2010-04-05,1,8.47
84815,2010-04-12,3,12.75
84815,2010-04-19,10,46.72
84815,2010-04-26,9,46.69
84815,2010-05-03,6,25.50
84815,2010-05-10,3,12.75
84815,2010-05-17,4,25.44
84815,2010-05-24,815,648.41
84815,2010-06-07,7,29.75
84815,2010-06-14,1,8.47
84837,2009-11-30,13,192.33
84837,2009-12-07,6,76.50
84837,2009-12-14,3,38.25
84837,2009-12-21,2,38.79
84837,2010-01-04,7,89.25
84837,2010-01-11,7,114.73
84837,2010-01-18,21,281.23
84837,2010-01-25,5,63.75
84837,2010-02-01,9,102.75
84837,2010-02-08,3,38.25
84837,2010-02-15,15,167.25
84837,2010-02-22,9,127.49
84837,2010-03-01,14,178.50
84837,2010-03-08,9,114.75
84837,2010-03-15,12,153.74
84837,2010-03-22,9,114.75
84837,2010-03-29,13,153.75
84837,2010-04-05,6,76.50
84837,2010-04-12,1,12.75
84837,2010-04-19,10,128.24
84837,2010-04-26,23,257.25
84837,2010-05-03,3,38.25
84837,2010-05-10,4,51.00
84837,2010-05-17,6,76.50
84837,2010-05-24,3,50.99
84837,2010-05-31,7,89.25
84837,2010-06-07,13,153.75
84837,2010-06-14,6,76.50
84837,2010-06-21,1,12.75
84837,2010-06-28,6,76.50
84837,2010-07-05,3,38.25
84837,2010-07-12,2,25.50
84837,2010-07-26,1,12.75
84837,2010-08-02,1,12.75
84839,2009-11-30,28,195.75
84839,2009-12-07,56,348.75
84839,2009-12-14,36,243.50
84839,2009-12-21,200,676.00
84839,2010-01-04,18,109.50
84839,2010-01-11,32,228.44
84839,2010-01-18,24,173.94
84839,2010-01-25,29,189.72
84839,2010-02-01,23,155.25
84839,2010-02-08,13,99.69
84839,2010-02-15,56,353.94
84839,2010-02-22,27,182.25
84839,2010-03-01,11,65.85
84839,2010-04-26,27,158.25
84839,2010-05-03,51,326.16
84839,2010-05-10,28,194.97
84839,2010-05-17,38,262.47
84839,2010-05-24,33,234.69
84839,2010-05-31,31,191.22
84839,2010-06-07,39,269.22
84839,2010-06-14,22,136.50
84839,2010-06-21,15,107.22
84839,2010-06-28,16,119.94
84839,2010-07-05,14,100.47
84839,2010-07-12,54,328.44
84839,2010-07-19,22,134.10
84839,2010-07-26,35,212.25
84839,2010-08-02,29,183.75
84839,2010-08-09,27,170.25
84839,2010-08-16,19,134.22
84839,2010-08-23,68,422.94
84839,2010-08-30,41,246.72
84839,2010-09-06,18,127.47
84839,2010-09-13,23,143.25
84839,2010-09-20,16,108.00
84839,2010-09-27,15,89.25
84839,2010-10-04,38,238.47
84839,2010-10-11,228,953.00
84839,2010-10-18,36,219.00
84839,2010-10-25,2,13.50
84856S,2009-12-14,1,9.52
84856S,2010-01-04,3,13.95
84856S,2010-01-11,192,731.52
84856S,2010-02-01,6,27.90
84856S,2010-02-08,101,389.01
84856S,2010-02-22,55,220.10
84856S,2010-03-01,49,187.53
84856S,2010-03-08,3,13.95
84856S,2010-03-15,3,13.95
84856S,2010-03-22,1,4.65
84856S,2010-03-29,4,37.28
84856S,2010-04-12,1,4.65
84856S,2010-04-26,4,18.60
84856S,2010-05-10,5,23.25
84856S,2010-05-17,6,27.90
84856S,2010-05-31,2,9.30
84856S,2010-06-07,9,41.85
84856S,2010-06-21,4,18.60
84856S,2010-07-05,4,18.60
84856S,2010-07-12,5,23.25
84856S,2010-07-19,5,23.25
84856S,2011-03-28,4,18.60
84873A,2009-11-30,4,45.04
84873A,2009-12-21,11,123.86
84873A,2010-01-25,1,11.02
84873A,2010-02-15,4,44.08
84873A,2010-03-01,7,83.07
84873A,2010-03-29,14,154.28
84873A,2010-04-05,6,66.12
84873A,2010-04-26,6,66.12
84873A,2010-05-03,4,44.08
84873A,2010-05-10,4,55.94
84873A,2010-05-17,6,66.12
84873A,2010-05-24,47,517.94
84873A,2010-05-31,2,22.04
84873A,2010-07-12,2,33.90
84873A,2010-09-06,1,16.95
84873A,2011-05-16,1,16.95
84873A,2011-05-30,1,16.95
84905,2009-12-14,2,9.90
84905,2009-12-21,2,20.78
84905,2010-01-25,1,10.17
84905,2010-02-01,4,19.80
84905,2010-02-15,1,10.17
84905,2010-03-01,31,64.65
84905,2010-03-08,24,30.00
84905,2010-03-22,24,30.00
84905,2010-04-12,1,4.95
84905,2010-04-19,33,74.88
84905,2010-04-26,7,35.42
84905,2010-05-03,5,25.08
84905,2010-05-10,3,15.18
84905,2010-05-17,4,20.24
84905,2010-05-24,6,30.36
84905,2010-05-31,6,30.36
84905,2010-06-07,1,4.95
84905,2010-06-14,1,5.06
84905,2010-06-21,6,30.36
84905,2010-06-28,6,30.36
84905,2010-07-05,1,5.06
84905,2010-07-12,9,45.54
84905,2010-07-19,3,15.18
84905,2010-07-26,1,5.06
84905,2010-08-02,5,25.30
84905,2010-08-09,6,30.36
84905,2010-08-16,8,40.04
84905,2010-08-23,2,10.12
84905,2010-08-30,6,30.36
84905,2010-09-06,8,40.04
84905,2010-09-20,5,25.30
84905,2010-10-18,6,29.70
84905,2010-11-01,2,9.90
84905,2010-11-08,4,19.80
84905,2011-01-17,4,19.80
84905,2011-04-11,8,39.60
84905,2011-04-18,2,9.92
84905,2011-05-02,3,14.88
84905,2011-05-09,5,24.80
84905,2011-05-16,3,14.88
84905,2011-05-23,2,9.92
84905,2011-06-06,1,4.96
84905,2011-06-20,6,29.76
84905,2011-06-27,1,4.96
84908A,2010-02-01,1,6.95
84908A,2010-02-08,1,14.43
84908A,2010-03-01,24,46.80
84908A,2010-03-15,240,468.00
84908A,2010-03-22,120,234.00
84908A,2010-04-26,4,23.64
84908A,2010-05-03,2,11.82
84908A,2010-05-10,1,5.91
84908A,2010-05-31,2,11.82
84908A,2010-06-14,2,11.82
84908A,2010-06-21,8,48.32
84908A,2010-06-28,2,12.86
84908A,2010-07-12,2,11.82
84908A,2010-08-02,1,5.91
84908A,2010-08-09,3,17.73
84908A,2010-08-16,1,5.91
84908A,2010-08-23,2,11.82
84908A,2010-09-13,8,47.28
84908A,2010-09-20,2,11.82
84908A,2010-09-27,2,13.90
84908A,2010-10-04,1,5.91
84908A,2010-10-18,2,11.82
84908A,2010-11-08,2,11.82
84908B,2010-03-01,24,46.80
84908B,2010-03-15,240,468.00
84908B,2010-03-22,120,234.00
84908B,2010-04-19,1,5.91
84908B,2010-04-26,4,23.64
84908B,2010-05-03,4,23.64
84908B,2010-05-17,1,5.91
84908B,2010-05-31,5,29.55
84908B,2010-06-07,2,11.82
84908B,2010-06-21,3,18.77
84908B,2010-06-28,2,11.82
84908B,2010-07-12,4,23.64
84908B,2010-07-19,2,11.82
84908B,2010-08-02,1,5.91
84908B,2010-08-09,9,53.19
84908B,2010-08-16,1,5.91
84908B,2010-08-30,1,6.95
84908B,2010-09-06,2,11.82
84908B,2010-09-20,1,5.91
84908B,2010-10-18,1,5.91
84908B,2010-11-08,4,23.64
84908B,2010-11-15,3,17.73
84909A,2009-12-07,1,45.95
84909A,2010-01-25,1,45.95
84909A,2010-02-22,13,198.95
84909A,2010-03-01,93,1218.95
84909A,2010-03-08,4,51.00
84909A,2010-03-15,92,1173.00
84909A,2010-03-22,5,63.75
84918,2009-11-30,4,27.80
84918,2009-12-14,4,27.80
84918,2010-01-04,2,13.90
84918,2010-02-22,1,6.95
84918,2010-03-01,48,93.60
84918,2010-03-08,8,55.60
84918,2010-03-29,2,13.90
84918,2010-04-19,10,59.10
84918,2010-04-26,14,84.82
84918,2010-05-03,5,31.63
84918,2010-05-10,12,77.16
84918,2010-05-17,9,53.19
84918,2010-05-31,5,29.55
84918,2010-06-07,2,11.82
84918,2010-06-14,10,63.26
84918,2010-06-21,5,29.55
84918,2010-06-28,31,88.17
84918,2010-07-05,6,37.54
84918,2010-07-12,1,5.91
84918,2010-07-19,10,65.34
84918,2010-07-26,8,51.44
84918,2010-08-02,6,35.46
84918,2010-08-09,3,17.73
84918,2010-09-27,2,13.90
84919,2009-12-07,2,13.90
84919,2009-12-14,5,44.28
84919,2010-02-08,1,16.13
84919,2010-03-01,48,93.60
84919,2010-03-08,2,13.90
84919,2010-04-05,161,958.95
84919,2010-04-26,2,13.90
84919,2010-06-21,1,6.95
84919,2010-07-12,1,6.95
84919,2010-07-26,4,27.80
84919,2010-09-27,4,27.80
84919,2010-10-04,2,13.90
84919,2011-01-24,2,13.90
84919,2011-02-28,12,83.40
84919,2011-03-14,2,22.74
84919,2011-03-28,2,13.90
84919,2011-04-11,6,41.70
84919,2011-04-18,2,13.90
84919,2011-05-02,1,5.79
84919,2011-05-09,1,5.79
84919,2011-05-16,1,5.79
84919,2011-05-23,2,11.58
84919,2011-05-30,2,11.58
84919,2011-06-06,4,27.80
84919,2011-06-27,1,5.79
84919,2011-07-04,3,17.37
84919,2011-07-11,3,17.37
84919,2011-07-18,2,11.58
84919,2011-07-25,1,5.79
84919,2011-08-08,3,17.37
84919,2011-08-29,6,34.74
84919,2011-09-19,2,13.90
84937,2009-11-30,82,190.52
84937,2009-12-07,109,238.06
84937,2009-12-14,93,277.74
84937,2009-12-21,7,23.86
84937,2010-01-04,36,75.60
84937,2010-01-11,150,315.00
84937,2010-01-18,61,137.02
84937,2010-01-25,101,256.70
84937,2010-02-01,498,875.04
84937,2010-02-08,75,184.26
84937,2010-02-15,77,206.30
84937,2010-02-22,22,72.96
84937,2010-03-01,91,226.78
84937,2010-03-08,49,111.82
84937,2010-03-15,68,160.64
84937,2010-03-22,126,264.60
84937,2010-03-29,24,103.92
84937,2010-04-05,48,100.80
84937,2010-04-12,668,1198.62
84937,2010-04-19,69,171.66
84937,2010-04-26,80,185.84
84937,2010-05-03,9,18.90
84968B,2009-11-30,4,51.00
84968B,2009-12-07,6,76.50
84968B,2009-12-14,8,128.58
84968B,2009-12-21,2,52.08
84968B,2010-01-04,12,153.00
84968B,2010-01-11,72,808.09
84968B,2010-01-18,43,482.51
84968B,2010-01-25,1,25.49
84968B,2010-02-01,6,76.50
84968B,2010-02-08,2,38.24
84968B,2010-02-15,5,76.49
84968B,2010-02-22,6,114.72
84968B,2010-03-01,11,140.25
84968B,2010-03-08,1,25.49
84968B,2010-03-15,7,127.47
84968B,2010-03-22,3,50.99
84968B,2010-03-29,7,114.73
84968B,2010-04-05,13,165.75
84968B,2010-04-19,13,203.97
84968B,2010-04-26,8,140.22
84968B,2010-05-03,14,203.98
84968B,2010-05-10,17,216.75
84968B,2010-05-17,4,51.00
84968B,2010-05-24,15,203.99
84968B,2010-05-31,30,364.78
84968B,2010-06-07,16,229.48
84968B,2010-06-14,11,165.73
84968B,2010-06-21,1,12.75
84968B,2010-06-28,17,254.97
84968B,2010-07-05,7,140.21
84968B,2010-07-12,43,492.45
84968B,2010-07-19,16,204.00
84968B,2010-07-26,1,25.49
84968B,2010-08-02,7,89.25
84968B,2010-08-09,1,12.75
84968B,2010-09-06,1,12.75
84968B,2010-11-01,1,25.49
84968B,2011-03-14,1,12.75
84968B,2011-04-04,1,12.75
84990,2009-11-30,274,152.20
84990,2009-12-07,250,124.15
84990,2009-12-14,91,51.55
84990,2009-12-21,3,1.65
84990,2010-01-04,78,42.90
84990,2010-01-11,107,63.29
84990,2010-01-18,154,72.02
84990,2010-01-25,75,41.25
84990,2010-02-01,4,2.93
84990,2010-02-08,178,82.30
84990,2010-02-15,274,126.47
84990,2010-02-22,9,4.95
84990,2010-03-01,61,33.55
84990,2010-03-08,30,17.96
84990,2010-03-15,83,49.28
84990,2010-03-22,198,93.30
84990,2010-03-29,49,26.95
84990,2010-04-05,8,4.40
84990,2010-04-26,30,16.50
84990,2010-05-03,9,5.68
84990,2010-05-10,24,13.20
84990,2010-05-17,3,1.65
84990,2010-05-31,1,1.28
84990,2010-06-21,50,28.23
84990,2010-06-28,961,398.95
84990,2010-07-05,286,128.29
84990,2010-07-12,10,5.50
84990,2010-07-19,96,52.80
84990,2010-07-26,29,15.95
84990,2010-08-02,31,18.51
84990,2010-08-09,65,36.48
84990,2010-08-16,186,88.16
84990,2010-08-23,52,30.06
84990,2010-08-30,25,13.75
84990,2010-09-06,34,18.70
84990,2010-09-13,2,2.56
84990,2010-09-20,27,14.85
84990,2010-09-27,7,3.85
84990,2010-10-04,38,20.90
84990,2010-10-11,242,101.90
84990,2010-10-18,43,23.65
84990,2010-10-25,18,9.90
84990,2010-11-01,79,34.09
84990,2011-04-18,1,0.55
84990,2011-05-02,1,0.55
85014C,2009-11-30,216,725.85
85014C,2009-12-07,228,890.85
85014C,2009-12-14,21,139.05
85014C,2010-01-11,6,35.70
85014C,2010-01-18,4,23.80
85014C,2010-01-25,16,95.20
85014C,2010-02-01,5,29.75
85014C,2010-02-08,1,5.95
85014C,2010-02-15,5,29.75
85014C,2010-02-22,7,41.65
85014C,2010-03-01,12,91.71
85014C,2010-03-08,1,12.72
85014C,2010-03-15,3,17.85
85014C,2010-03-22,5,29.75
85014C,2010-04-12,3,17.85
85014C,2010-04-19,3,17.85
85014C,2010-04-26,1,5.95
85014C,2010-05-03,1,5.95
85014C,2010-05-17,5,29.75
85014C,2010-05-31,3,17.85
85014C,2010-06-07,1,5.95
85014D,2009-11-30,599,1864.85
85014D,2009-12-07,686,2341.55
85014D,2009-12-14,31,191.50
85014D,2009-12-21,3,24.90
85014D,2010-01-04,448,1391.20
85014D,2010-01-11,24,142.80
85014D,2010-01-18,19,113.05
85014D,2010-01-25,18,107.10
85014D,2010-02-01,5,29.75
85014D,2010-02-08,7,41.65
85014D,2010-02-15,7,41.65
85014D,2010-02-22,56,285.20
85014D,2010-03-01,15,89.25
85014D,2010-03-29,1,5.95
85031B,2009-11-30,33,60.87
85031B,2009-12-07,9,30.87
85031B,2009-12-14,5,17.15
85031B,2010-01-04,1,4.95
85031B,2010-01-18,3,10.08
85031B,2010-01-25,9,30.24
85031B,2010-02-01,1,3.36
85031B,2010-02-08,3,10.08
85031B,2010-02-15,1,3.36
85031B,2010-02-22,3,10.08
85031B,2010-03-01,28,43.44
85031B,2010-03-08,3,10.08
85031B,2010-03-15,6,23.34
85031B,2010-03-22,3,10.08
85031B,2010-03-29,123,160.08
85031B,2010-04-05,5,16.80
85031B,2010-04-12,24,30.00
85031B,2010-04-19,2,6.72
85031B,2010-04-26,24,30.00
85031B,2010-05-03,2,8.31
85031B,2010-05-17,3,14.85
85031B,2010-05-31,2,9.90
85031B,2010-06-21,1,4.95
85031B,2010-06-28,3,14.85
85031B,2010-07-05,1,3.36
85031B,2010-07-12,1,3.36
85031B,2010-07-26,1,4.95
85031B,2010-08-02,26,39.90
85031B,2010-08-09,49,63.36
85031B,2010-08-23,24,30.00
85031B,2010-08-30,6,24.93
85031B,2010-09-06,3,10.08
85031B,2010-09-13,1,3.36
85031B,2010-09-27,27,40.08
85031B,2010-10-04,1,3.36
85031B,2010-10-18,29,48.39
85031B,2010-10-25,29,51.57
85031B,2010-11-01,1,4.95
85031B,2010-12-13,1,4.95
85031C,2009-11-30,14,57.14
85031C,2009-12-07,28,99.08
85031C,2009-12-14,18,61.74
85031C,2009-12-21,5,17.15
85031C,2010-01-04,1,4.95
85031C,2010-01-11,3,10.08
85031C,2010-01-18,4,13.44
85031C,2010-01-25,9,31.83
85031C,2010-02-01,25,33.36
85031C,2010-02-08,4,13.44
85031C,2010-02-15,1,3.36
85031C,2010-02-22,6,24.93
85031C,2010-03-01,7,23.52
85031C,2010-03-08,11,36.96
85031C,2010-03-15,6,23.34
85031C,2010-03-22,7,28.29
85031C,2010-03-29,121,153.36
85031C,2010-04-05,2,6.72
85031C,2010-04-19,6,21.75
85031C,2010-05-03,3,11.67
85031C,2010-05-31,1,4.95
85031C,2010-06-21,2,8.31
85031C,2010-06-28,1,3.36
85031C,2010-07-26,24,30.00
85031C,2010-08-02,5,21.57
85031C,2010-08-16,1,3.36
85031C,2010-08-23,25,33.36
85031C,2010-08-30,24,30.00
85031C,2010-09-06,25,33.36
85031C,2010-09-13,2,9.90
85031C,2010-09-27,26,36.72
85031C,2010-10-04,29,46.80
85031C,2010-10-11,2,6.72
85031C,2010-10-18,25,33.36
85031C,2010-11-01,2,9.90
85031C,2010-11-08,2,9.90
85031C,2010-11-15,1,4.95
85031C,2010-12-13,3,14.85
85041,2009-11-30,80,124.18
85041,2009-12-07,109,160.65
85041,2009-12-14,147,215.53
85041,2010-01-11,7,11.55
85041,2010-01-25,16,26.40
85041,2010-02-08,5,8.25
85041,2010-02-15,80,122.40
85041,2010-02-22,8,20.04
85041,2010-03-01,27,44.55
85041,2010-03-08,12,19.80
85041,2010-03-15,40,81.39
85041,2010-03-29,10,16.50
85041,2010-04-05,197,286.65
85041,2010-04-19,3,10.08
85041,2010-04-26,19,31.35
85041,2010-05-03,16,24.00
85041,2010-05-10,2,3.30
85041,2010-05-17,25,42.96
85041,2010-05-24,39,64.35
85041,2010-05-31,1,1.65
85041,2010-06-07,33,54.45
85041,2010-06-14,96,139.20
85041,2010-06-21,2,3.30
85041,2010-06-28,1,1.65
85041,2010-07-05,4,6.60
85041,2010-07-12,879,977.34
85042,2009-11-30,152,729.37
85042,2009-12-07,160,766.84
85042,2009-12-14,113,525.75
85042,2009-12-21,4,19.80
85042,2010-01-04,218,944.70
85042,2010-01-11,68,303.00
85042,2010-01-18,37,183.15
85042,2010-01-25,83,377.25
85042,2010-02-01,71,317.85
85042,2010-02-08,3,14.85
85042,2010-02-15,79,357.45
85042,2010-02-22,38,171.30
85042,2010-03-01,84,365.40
85042,2010-03-08,42,191.10
85042,2010-03-15,92,405.00
85042,2010-03-22,51,235.65
85042,2010-03-29,150,641.70
85042,2010-04-05,91,400.05
85042,2010-04-12,5,24.75
85042,2010-04-19,18,89.10
85042,2010-04-26,124,563.40
85042,2010-05-03,5,24.75
85042,2010-05-17,4,19.80
85042,2010-05-24,8,39.60
85042,2010-05-31,12,59.40
85042,2010-06-07,61,268.35
85042,2010-06-14,65,304.95
85042,2010-06-21,6,29.70
85042,2010-06-28,26,128.70
85042,2010-07-05,148,631.80
85042,2010-07-12,10,49.50
85042,2010-07-19,20,99.00
85042,2010-07-26,39,193.05
85042,2010-08-02,24,118.80
85042,2010-08-09,20,99.00
85042,2010-08-16,61,285.15
85042,2010-08-23,73,327.75
85042,2010-08-30,52,240.60
85042,2010-09-06,46,210.90
85042,2010-09-13,60,263.40
85042,2010-09-20,109,489.15
85042,2010-09-27,41,202.95
85042,2010-10-04,7,34.65
85042,2010-10-11,90,411.90
85042,2010-10-18,15,74.25
85042,2010-11-15,1,4.95
85047,2009-11-30,76,470.05
85047,2009-12-07,75,496.95
85047,2009-12-14,60,415.00
85047,2009-12-21,7,51.10
85047,2010-01-04,33,190.35
85047,2010-01-11,14,88.90
85047,2010-01-18,4,25.40
85047,2010-01-25,58,349.10
85047,2010-02-01,33,196.72
85047,2010-02-08,19,120.65
85047,2010-02-15,13,101.66
85047,2010-02-22,8,50.80
85047,2010-03-01,6,38.10
85047,2010-03-08,36,215.77
85047,2010-03-22,13,82.55
85047,2010-03-29,31,177.65
85047,2010-04-05,6,50.84
85047,2010-04-12,24,133.20
85047,2010-04-19,9,57.15
85047,2010-04-26,19,120.65
85047,2010-05-03,3,19.05
85047,2010-05-10,4,31.77
85047,2010-05-17,4,25.40
85047,2010-05-24,2,12.70
85047,2010-06-07,18,114.30
85047,2010-06-14,19,120.65
85047,2010-06-21,4,31.77
85047,2010-06-28,13,82.55
85047,2010-07-12,5,38.12
85047,2010-07-19,11,76.22
85047,2010-07-26,14,101.64
85047,2010-08-02,14,88.90
85047,2010-08-09,31,184.02
85047,2010-08-16,18,114.30
85047,2010-08-23,10,76.24
85047,2010-08-30,13,88.92
85047,2010-09-06,5,31.75
85047,2010-09-13,42,260.24
85047,2010-09-20,23,152.42
85047,2010-09-27,35,228.62
85047,2010-10-04,96,552.00
85047,2010-10-11,47,317.56
85047,2010-10-18,64,406.40
85047,2010-10-25,9,57.15
85047,2010-11-01,3,19.05
85047,2011-01-24,3,19.05
85049B,2009-11-30,39,48.75
85049B,2009-12-07,43,55.07
85049B,2009-12-14,68,87.64
85049B,2010-01-04,12,15.00
85049B,2010-01-11,30,40.08
85049B,2010-01-18,38,48.76
85049B,2010-01-25,15,18.75
85049B,2010-02-01,74,92.50
85049B,2010-02-08,22,27.50
85049B,2010-02-15,51,65.01
85049B,2010-02-22,57,72.51
85049B,2010-03-01,49,61.25
85049B,2010-03-08,61,76.25
85049B,2010-03-15,58,73.76
85049B,2010-03-22,104,130.00
85049B,2010-03-29,69,87.51
85049B,2010-04-05,44,55.00
85049B,2010-04-12,27,33.75
85049B,2010-04-19,207,231.39
85049B,2010-04-26,37,46.25
85049B,2010-05-03,65,81.25
85049B,2010-05-10,38,47.50
85049B,2010-05-17,31,38.75
85049B,2010-05-24,53,67.51
85049B,2010-05-31,30,40.02
85049B,2010-06-07,33,41.25
85049B,2010-06-14,27,31.47
85049B,2010-06-21,37,48.77
85049B,2010-06-28,17,22.51
85049B,2010-07-05,41,51.25
85049B,2010-07-12,26,32.50
85049B,2010-07-19,9,11.25
85049B,2010-07-26,40,50.00
85049B,2010-08-02,68,85.00
85049B,2010-08-09,36,45.00
85049B,2010-08-16,48,60.00
85049B,2010-08-23,34,43.76
85049B,2010-08-30,13,16.25
85049B,2010-09-06,48,61.26
85049B,2010-09-13,28,35.00
85049B,2010-09-20,41,55.03
85049B,2010-09-27,29,36.25
85049B,2010-10-04,7,8.75
85049B,2010-10-11,59,73.75
85049B,2010-10-18,9,11.25
85049B,2010-10-25,5,7.51
85049B,2010-11-01,24,30.00
85049B,2010-11-08,45,56.25
85049B,2010-11-15,27,33.75
85049B,2010-11-22,5,6.25
85049B,2010-11-29,6,7.50
85049B,2010-12-06,6,7.50
85049B,2010-12-20,5,6.25
85049B,2011-01-03,25,31.25
85049B,2011-01-10,7,8.75
85049B,2011-01-17,3,3.75
85049B,2011-01-24,2,2.50
85049B,2011-03-28,1,2.46
85049B,2011-09-19,1,2.46
85060,2009-11-30,2,5.14
85060,2009-12-07,84,98.16
85060,2009-12-14,29,37.57
85060,2010-01-04,12,15.00
85060,2010-01-11,24,30.00
85060,2010-01-18,36,56.34
85060,2010-01-25,10,16.28
85060,2010-02-01,12,12.72
85060,2010-02-22,40,43.16
85060,2010-03-01,4,7.52
85060,2010-03-08,25,32.51
85060,2010-03-15,15,18.75
85060,2010-03-22,24,30.00
85060,2010-03-29,61,68.39
85060,2010-04-05,24,30.00
85060,2010-04-12,108,114.48
85060,2010-04-19,27,36.27
85060,2010-04-26,126,163.80
85060,2010-05-03,150,173.82
85060,2010-05-10,312,344.40
85060,2010-05-17,54,67.50
85060,2010-05-24,60,75.00
85060,2010-05-31,54,75.06
85060,2010-06-07,106,132.50
85060,2010-06-14,34,42.50
85060,2010-06-21,13,16.25
85060,2010-07-05,1,1.25
85060,2010-07-26,1,1.25
85063,2009-11-30,13,208.35
85063,2009-12-07,5,99.06
85063,2009-12-14,5,99.06
85063,2009-12-21,1,31.26
85063,2010-01-04,9,140.55
85063,2010-01-11,3,65.16
85063,2010-01-18,8,162.90
85063,2010-01-25,1,30.60
85063,2010-02-01,3,50.85
85063,2010-02-08,2,47.55
85063,2010-02-15,11,201.75
85063,2010-02-22,10,183.15
85063,2010-03-01,8,149.25
85063,2010-03-08,7,118.65
85063,2010-03-15,18,322.05
85063,2010-03-22,11,200.10
85063,2010-03-29,18,279.10
85063,2010-04-05,1,16.95
85063,2010-04-12,8,135.60
85063,2010-04-19,9,234.45
85063,2010-04-26,10,171.15
85063,2010-05-03,6,115.35
85063,2010-05-10,10,157.50
85063,2010-05-17,4,67.80
85063,2010-05-24,5,98.40
85063,2010-05-31,4,67.80
85063,2010-06-07,12,191.40
85063,2010-06-14,4,67.80
85063,2010-06-21,9,152.55
85063,2010-06-28,10,157.50
85063,2010-07-05,4,67.80
85063,2010-07-12,1,16.95
85063,2010-07-26,10,157.50
85063,2010-08-02,2,33.90
85063,2010-08-09,2,33.90
85063,2010-08-16,2,47.55
85063,2010-08-23,1,16.95
85063,2010-08-30,8,137.25
85063,2010-09-06,2,33.90
85063,2010-09-13,12,191.40
85063,2010-09-20,7,106.65
85063,2010-09-27,10,157.50
85063,2010-10-04,7,118.65
85063,2010-10-11,1,16.95
85063,2010-10-18,4,81.45
85063,2010-11-08,10,171.15
85063,2010-11-15,2,47.55
85065,2009-11-30,18,201.50
85065,2009-12-07,7,89.25
85065,2009-12-14,16,189.29
85065,2009-12-21,4,90.87
85065,2010-01-04,4,51.00
85065,2010-01-11,7,101.99
85065,2010-01-18,26,356.98
85065,2010-01-25,6,76.50
85065,2010-02-01,13,165.75
85065,2010-02-08,18,239.72
85065,2010-02-15,23,290.73
85065,2010-02-22,12,178.48
85065,2010-03-01,13,137.75
85065,2010-03-08,7,114.73
85065,2010-03-15,12,125.00
85065,2010-03-22,9,127.49
85065,2010-03-29,10,127.50
85065,2010-04-05,27,288.25
85065,2010-04-12,16,176.00
85065,2010-04-19,8,114.74
85065,2010-04-26,20,255.00
85065,2010-05-03,2,38.24
85065,2010-05-10,23,290.73
85065,2010-05-17,15,163.25
85065,2010-05-24,17,188.75
85065,2010-05-31,4,63.74
85065,2010-06-07,23,265.25
85065,2010-06-14,5,60.95
85065,2010-06-21,15,191.25
85065,2010-06-28,12,165.74
85065,2010-07-05,21,265.23
85065,2010-07-12,12,125.00
85065,2010-07-19,3,38.25
85065,2010-07-26,17,188.75
85065,2010-08-02,29,341.75
85065,2010-08-09,4,51.00
85065,2010-08-16,5,63.75
85065,2010-08-23,10,127.50
85065,2010-08-30,24,262.74
85065,2010-09-06,8,102.00
85065,2010-09-13,10,127.50
85065,2010-09-20,5,63.75
85065,2010-09-27,11,140.25
85065,2010-10-04,44,446.20
85065,2010-10-18,6,76.50
85065,2010-10-25,23,228.85
85068,2009-11-30,1,7.95
85068,2010-04-26,6,41.70
85068,2010-05-03,57,405.15
85068,2010-05-10,44,366.70
85068,2010-05-17,18,137.10
85068,2010-05-24,22,168.90
85068,2010-05-31,28,204.60
85068,2010-06-07,21,160.95
85068,2010-06-14,18,131.10
85068,2010-06-21,16,143.56
85068,2010-06-28,22,174.90
85068,2010-07-05,25,203.11
85068,2010-07-12,15,121.43
85068,2010-07-19,5,39.75
85068,2010-07-26,10,87.68
85068,2010-08-02,22,179.26
85068,2010-08-09,8,57.60
85068,2010-08-16,11,89.63
85068,2010-08-23,63,452.85
85068,2010-08-30,8,88.14
85068,2010-09-06,19,153.23
85068,2010-09-13,13,103.35
85068,2010-09-20,4,31.80
85068,2010-09-27,10,73.50
85068,2010-10-04,11,87.45
85068,2010-10-11,224,1256.66
85068,2010-10-18,28,218.78
85068,2010-10-25,14,105.30
85068,2010-11-01,27,276.27
85068,2010-11-08,190,1070.66
85068,2010-11-15,1,16.13
85098B,2009-11-30,10,53.62
85098B,2009-12-07,21,94.87
85098B,2009-12-14,15,92.52
85098B,2009-12-21,2,7.50
85098B,2010-01-04,9,33.75
85098B,2010-01-11,3,11.25
85098B,2010-01-18,2,15.24
85098B,2010-01-25,2,15.24
85098B,2010-02-01,1,7.62
85098B,2010-02-08,12,45.00
85098B,2010-02-22,5,18.75
85098B,2010-03-01,12,45.00
85098B,2010-03-08,8,33.87
85098B,2010-03-22,13,48.75
85098B,2010-03-29,7,33.99
85098B,2010-04-12,13,48.75
85098B,2010-04-19,4,22.74
85098B,2010-04-26,2,11.37
85098B,2010-05-03,1,3.75
85098B,2010-05-10,1,7.62
85098B,2010-05-17,1,3.75
85098B,2010-05-24,3,11.25
85098B,2010-05-31,12,45.00
85098B,2010-06-07,6,22.50
85098B,2010-06-14,17,63.75
85098B,2010-06-21,10,41.37
85098B,2010-06-28,9,37.62
85098B,2010-07-05,12,45.00
85098B,2010-07-12,12,45.00
85098B,2010-07-19,10,37.50
85098B,2010-07-26,5,18.75
85098B,2010-08-09,36,106.20
85098B,2010-08-16,3,18.99
85098B,2010-08-23,8,30.00
85098B,2010-08-30,38,117.57
85098B,2010-09-06,4,15.00
85098B,2010-09-13,5,18.75
85098B,2010-09-20,6,30.24
85098B,2010-09-27,5,18.75
85098B,2010-10-11,4,15.00
85098B,2010-10-18,7,26.25
85098B,2010-10-25,5,18.75
85098B,2010-11-01,4,15.00
85098B,2010-11-15,1,3.75
85110,2009-12-07,2,3.40
85110,2010-01-11,12,10.20
85110,2010-01-25,10,8.50
85110,2010-02-01,12,10.20
85110,2010-02-15,2,3.32
85110,2010-03-01,144,27.36
85110,2010-03-08,2,3.32
85110,2010-03-15,144,27.36
85110,2010-03-22,12,10.20
85110,2010-03-29,288,54.72
85110,2010-04-05,2,3.32
85110,2010-05-10,576,109.44
85110,2010-06-07,48,9.12
85110,2010-07-19,72,61.20
85110,2010-07-26,576,109.44
85110,2010-08-09,4752,332.64
85110,2010-08-16,114,21.66
85110,2010-09-27,4752,332.64
85121B,2009-11-30,1,17.35
85121B,2009-12-07,5,60.20
85121B,2009-12-14,4,42.85
85121B,2009-12-21,2,34.70
85121B,2010-01-04,10,85.00
85121B,2010-01-18,3,50.94
85121B,2010-01-25,2,33.96
85121B,2010-02-01,2,17.00
85121B,2010-02-15,6,51.00
85121B,2010-03-01,5,50.98
85121B,2010-03-08,4,34.00
85121B,2010-03-15,7,67.98
85121B,2010-03-22,3,33.98
85121B,2010-03-29,3,33.98
85121B,2010-04-12,2,17.00
85121B,2010-04-19,14,178.36
85121B,2010-04-26,4,50.96
85121B,2010-05-10,2,17.00
85121B,2010-05-17,5,42.50
85121B,2010-06-07,1,8.50
85121B,2010-06-21,1,8.50
85121C,2009-12-07,1,17.35
85121C,2009-12-14,6,68.70
85121C,2010-01-04,11,93.50
85121C,2010-01-11,1,16.98
85121C,2010-01-18,1,16.98
85121C,2010-01-25,1,16.98
85121C,2010-02-01,1,8.50
85121C,2010-02-08,1,16.98
85121C,2010-02-15,2,17.00
85121C,2010-03-08,4,34.00
85121C,2010-03-22,1,16.98
85121C,2010-03-29,4,34.00
85121C,2010-04-12,2,17.00
85121C,2010-04-19,5,59.46
85121C,2010-04-26,9,76.50
85121C,2010-05-03,7,59.50
85121C,2010-05-10,2,17.00
85121C,2010-05-17,5,42.50
85121C,2010-05-31,2,17.00
85121C,2010-06-07,6,51.00
85121C,2010-06-14,3,25.50
85121C,2010-06-21,4,34.00
85121C,2010-07-05,2,17.00
85121C,2010-07-12,9,76.50
85121C,2010-07-19,4,34.00
85121C,2010-08-02,2,17.00
85121C,2010-11-15,2,17.00
85124A,2009-11-30,2,10.34
85124A,2009-12-07,21,56.17
85124A,2009-12-14,7,30.95
85124A,2010-01-11,2,10.34
85124A,2010-01-18,1,5.06
85124A,2010-01-25,10,25.50
85124A,2010-02-01,4,12.71
85124A,2010-02-15,21,53.55
85124A,2010-02-22,3,7.65
85124A,2010-03-01,61,141.86
85124A,2010-03-08,2,10.12
85124A,2010-03-15,6,15.30
85124A,2010-03-22,20,51.00
85124A,2010-04-05,8,30.44
85124A,2010-04-19,31,94.11
85124A,2010-04-26,5,12.75
85124A,2010-05-03,3,10.16
85124A,2010-05-10,1,5.06
85124A,2010-05-17,7,17.85
85124A,2010-05-24,10,30.52
85124A,2010-05-31,4,15.22
85124A,2010-06-07,43,117.18
85124A,2010-06-14,2,5.10
85124A,2010-06-21,13,33.15
85124A,2010-06-28,8,20.40
85124A,2010-07-05,7,30.40
85124A,2010-07-12,14,40.72
85124A,2010-07-19,22,61.12
85124A,2010-07-26,15,40.76
85124A,2010-08-02,10,28.01
85124A,2010-08-09,10,30.52
85124A,2010-08-16,12,29.06
85124A,2010-09-27,2,4.65
85160B,2009-12-14,9,56.94
85160B,2010-02-15,6,7.50
85160B,2010-02-22,24,30.00
85160B,2010-03-08,1,16.13
85160B,2010-03-15,7,23.63
85160B,2010-03-29,1,16.13
85160B,2010-04-26,6,7.50
85160B,2010-06-07,6,7.50
85160B,2010-06-14,6,7.50
85160B,2010-06-21,12,15.00
85160B,2010-07-26,2,2.50
85160B,2010-08-09,2976,386.88
85160B,2010-08-16,6,7.50
85160B,2010-09-06,6,7.50
85160B,2010-09-27,2976,386.88
85160B,2010-10-04,6,7.50
85160B,2011-01-10,1,16.13
85160B,2011-01-24,6,7.50
85160B,2011-03-14,8,3.12
85160B,2011-03-28,4,1.56
85160B,2011-04-04,6,2.34
85160B,2011-04-11,6,2.34
85160B,2011-06-13,6,2.34
85160B,2011-07-04,30,11.70
85160B,2011-07-11,6,2.34
85160B,2011-08-22,6,2.34
85160B,2011-09-19,3,1.17
85160B,2011-11-07,24,9.36
85162A,2009-11-30,1,9.95
85162A,2009-12-07,144,280.80
85162A,2009-12-14,3,24.47
85162A,2010-01-04,48,93.60
85162A,2010-02-22,1,9.95
85162A,2010-03-01,36,70.20
85162A,2010-03-08,26,66.70
85162A,2010-03-29,48,93.60
85162A,2010-04-05,24,46.80
85162A,2010-04-26,24,46.80
85162A,2010-05-03,84,163.80
85162A,2010-05-10,24,46.80
85162A,2010-06-07,144,280.80
85162B,2009-12-07,96,187.20
85162B,2010-01-04,144,280.80
85162B,2010-01-11,24,46.80
85162B,2010-02-15,24,46.80
85162B,2010-03-01,120,234.00
85162B,2010-04-05,168,327.60
85162B,2010-04-19,24,46.80
85162B,2010-04-26,24,46.80
85162B,2010-05-03,36,70.20
85162B,2010-05-17,24,46.80
85162B,2010-06-07,293,571.35
85162C,2009-11-30,24,46.80
85162C,2009-12-07,122,256.52
85162C,2009-12-14,24,46.80
85162C,2010-01-04,96,187.20
85162C,2010-01-11,25,57.82
85162C,2010-02-01,1,11.02
85162C,2010-02-15,24,46.80
85162C,2010-02-22,48,93.60
85162C,2010-03-01,84,163.80
85162C,2010-03-08,4,40.87
85162C,2010-03-15,1,11.02
85162C,2010-03-29,48,93.60
85162C,2010-04-05,144,280.80
85162C,2010-04-12,20,39.00
85162C,2010-04-19,110,214.50
85162C,2010-04-26,24,46.80
85162C,2010-05-03,36,70.20
85162C,2010-05-10,48,93.60
85162C,2010-06-07,21,40.95
85164B,2009-11-30,5,90.33
85164B,2009-12-07,2,25.50
85164B,2009-12-14,5,103.62
85164B,2010-01-04,1,12.75
85164B,2010-01-11,3,63.73
85164B,2010-01-18,1,25.49
85164B,2010-01-25,2,25.50
85164B,2010-02-01,6,51.00
85164B,2010-02-15,1,12.75
85164B,2010-02-22,9,114.73
85164B,2010-03-01,8,76.50
85164B,2010-03-08,6,51.00
85164B,2010-03-22,15,152.99
85164B,2010-03-29,7,76.49
85164B,2010-04-05,2,38.24
85164B,2010-04-19,8,101.98
85164B,2010-04-26,2,38.24
85164B,2010-05-03,7,76.49
85164B,2010-05-10,8,76.50
85164B,2010-05-17,3,63.73
85164B,2010-05-24,3,63.73
85164B,2010-06-07,3,50.99
85164B,2010-06-21,1,25.49
85164B,2010-06-28,6,76.50
85164B,2010-07-05,3,76.47
85164B,2010-07-12,3,50.99
85164B,2010-07-19,16,165.74
85164B,2010-08-30,1,12.75
85164B,2010-09-27,4,51.00
85165,2009-11-30,2,19.90
85165,2009-12-14,1,20.83
85165,2010-01-18,1,9.95
85165,2010-01-25,1,9.95
85165,2010-02-01,1,20.38
85165,2010-02-08,3,29.85
85165,2010-02-22,1,9.95
85165,2010-03-01,3,29.85
85165,2010-03-08,1,20.38
85165,2010-03-22,1,20.38
85165,2010-03-29,2,40.76
85165,2010-04-05,1,20.38
85165,2010-04-12,2,19.90
85165,2010-04-19,13,110.11
85165,2010-04-26,5,42.35
85165,2010-05-03,5,43.83
85165,2010-05-10,6,52.30
85165,2010-05-17,14,118.58
85165,2010-05-24,6,50.82
85165,2010-05-31,11,94.65
85165,2010-06-07,6,53.78
85165,2010-06-14,3,25.41
85165,2010-06-21,1,8.47
85166B,2009-11-30,30,37.50
85166B,2009-12-07,3,15.28
85166B,2009-12-14,3,23.34
85166B,2009-12-21,62,82.50
85166B,2010-01-04,120,150.00
85166B,2010-01-11,60,75.00
85166B,2010-01-25,133,198.75
85166B,2010-02-01,2,7.50
85166B,2010-02-08,2,15.24
85166B,2010-02-15,4,15.00
85166B,2010-02-22,3,11.25
85166B,2010-03-01,4,15.00
85166B,2010-03-08,7,30.12
85166B,2010-03-22,4,15.00
85166B,2010-04-05,3,11.25
85166B,2010-04-12,3,11.25
85166B,2010-04-19,1,7.62
85166B,2010-04-26,35,56.25
85166B,2010-05-03,12,15.00
85166B,2010-05-10,3,11.25
85166B,2010-05-17,1,3.75
85166B,2010-06-28,2,7.50
85166B,2010-07-26,1,3.75
85166B,2010-09-13,4,15.00
85166B,2010-10-04,2,7.50
85166B,2010-11-01,2,7.50
85166B,2010-11-08,4,15.00
85179B,2009-11-30,12,55.80
85179B,2009-12-07,48,202.87
85179B,2009-12-14,33,143.03
85179B,2010-01-11,13,60.45
85179B,2010-01-25,25,96.09
85179B,2010-02-01,9,41.85
85179B,2010-02-08,3,13.95
85179B,2010-02-22,1,4.65
85179B,2010-03-01,6,27.90
85179B,2010-03-08,4,23.27
85179B,2010-03-15,2,9.30
85179B,2010-03-22,9,41.85
85179B,2010-04-12,3,13.95
85179B,2010-04-26,4,23.27
85179B,2010-05-03,1,9.32
85179B,2010-06-07,60,228.60
85179B,2010-06-14,6,27.90
85179B,2010-06-28,1,4.65
85179B,2010-08-16,2,9.30
85179B,2010-08-23,2,9.30
85179B,2010-10-04,2,9.30
85179B,2010-11-15,1,4.65
85184C,2009-11-30,33,109.71
85184C,2009-12-07,10,35.68
85184C,2009-12-14,29,88.31
85184C,2009-12-21,1,6.04
85184C,2010-01-04,37,99.55
85184C,2010-01-11,36,115.08
85184C,2010-01-18,51,162.29
85184C,2010-01-25,91,273.65
85184C,2010-02-01,64,179.20
85184C,2010-02-08,5,20.67
85184C,2010-02-15,14,47.22
85184C,2010-02-22,1,2.95
85184C,2010-03-01,4,17.72
85184C,2010-03-08,12,35.40
85184C,2010-03-15,2,5.90
85184C,2010-03-22,3,8.85
85184C,2010-03-29,2,5.90
85184C,2010-04-05,15,44.25
85184C,2010-04-19,3,14.77
85184C,2010-04-26,7,23.61
85184C,2010-05-03,6,17.70
85184C,2010-05-17,4,17.72
85184C,2010-05-24,6,17.70
85184C,2010-05-31,1,2.95
85184C,2010-06-28,19,59.01
85184C,2010-07-05,6,17.70
85184C,2010-07-12,25,64.15
85184C,2010-07-26,7,20.65
85184C,2010-08-02,3,8.85
85184C,2010-08-09,1,5.91
85184C,2010-08-16,1,5.91
85184C,2010-08-23,13,41.31
85184C,2010-08-30,3,8.85
85184C,2010-09-06,1,2.95
85184C,2010-09-13,15,44.25
85184C,2010-09-20,6,20.66
85184C,2010-09-27,1,2.95
85184C,2010-10-04,1,5.91
85184C,2010-10-11,12,38.36
85184C,2010-10-18,22,64.90
85184C,2010-11-01,7,26.57
85184C,2010-11-08,39,105.45
85184C,2010-11-15,4,14.76
85184C,2010-11-22,6,20.66
85184C,2010-11-29,15,47.21
85184C,2010-12-06,1,5.91
85184C,2010-12-13,165,247.87
85184C,2010-12-20,153,209.42
85184C,2011-01-03,212,307.20
85184C,2011-01-10,444,672.83
85184C,2011-01-17,215,358.51
85184C,2011-01-24,108,155.40
85184C,2011-01-31,62,176.14
85184C,2011-02-07,1,5.79
85184C,2011-02-14,9,35.07
85184C,2011-02-21,52,71.80
85184C,2011-02-28,1,2.95
85184C,2011-03-07,5,14.75
85184C,2011-03-14,1,2.95
85184C,2011-03-21,1,5.79
85184C,2011-03-28,5,14.75
85184C,2011-04-04,2,8.74
85184C,2011-04-18,16,50.04
85184C,2011-04-25,1,2.95
85184C,2011-05-02,2,8.74
85184C,2011-05-09,13,38.35
85184C,2011-05-16,1,5.79
85184C,2011-05-30,2,8.74
85184C,2011-06-06,1,5.79
85184C,2011-06-13,2,5.90
85184C,2011-06-20,1,5.79
85184C,2011-06-27,1,2.95
85184C,2011-07-04,2,11.58
85184C,2011-07-11,19,56.05
85184C,2011-07-18,8,29.28
85184C,2011-07-25,25,66.99
85184C,2011-08-01,5,17.59
85184C,2011-08-15,3,8.85
85184C,2011-08-22,8,26.44
85184C,2011-08-29,2,8.74
85184C,2011-09-05,1,5.79
85184C,2011-09-12,12,35.40
85184C,2011-09-19,3,17.37
85184C,2011-09-26,7,23.49
85184C,2011-10-03,6,17.70
85184C,2011-10-10,10,32.34
85184C,2011-10-17,3,8.85
85184C,2011-10-24,1,5.79
85184C,2011-10-31,8,26.44
85184C,2011-11-07,6,17.70
85184C,2011-11-14,6,17.70
85184C,2011-11-21,2,5.90
85184C,2011-11-28,24,73.64
85184C,2011-12-05,6,23.38
85184D,2009-11-30,5,27.11
85184D,2009-12-07,59,161.03
85184D,2009-12-14,195,504.63
85184D,2010-01-04,1,2.95
85184D,2010-01-11,7,23.74
85184D,2010-01-18,1,5.91
85184D,2010-01-25,2,8.86
85184D,2010-02-01,17,50.15
85184D,2010-02-08,12,35.40
85184D,2010-02-15,6,17.70
85184D,2010-03-01,15,47.21
85184D,2010-03-08,12,35.40
85184D,2010-03-15,2,5.90
85184D,2010-03-29,2,5.90
85184D,2010-04-05,5,20.67
85184D,2010-04-19,1,2.95
85184D,2010-04-26,7,23.61
85184D,2010-05-03,12,35.40
85184D,2010-05-10,3,11.81
85184D,2010-06-07,1,2.95
85184D,2010-06-14,2,5.90
85184D,2010-06-21,1,2.95
85184D,2010-06-28,7,23.61
85184D,2010-07-05,7,20.65
85184D,2010-07-12,6,17.70
85184D,2010-07-19,1,5.91
85184D,2010-07-26,9,26.55
85184D,2010-08-02,27,69.65
85184D,2010-08-09,3936,1653.12
85184D,2010-08-16,8,23.60
85184D,2010-08-30,6,17.70
85184D,2010-09-06,1,2.95
85184D,2010-09-13,1,2.95
85184D,2010-09-27,3936,1653.12
85189,2009-12-14,312,227.76
85189,2010-01-11,24,20.40
85189,2010-01-18,37,32.26
85189,2010-01-25,34,28.90
85189,2010-02-01,83,70.55
85189,2010-02-08,84,71.40
85189,2010-02-15,54,46.71
85189,2010-02-22,74,63.71
85189,2010-03-01,169,144.46
85189,2010-03-08,65,60.92
85189,2010-03-15,185,154.13
85189,2010-03-22,20,17.00
85189,2010-04-05,1,0.85
85189,2010-05-03,1,0.85
85189,2010-05-31,2,1.70
85189,2010-06-14,24,20.40
85189,2010-07-05,1,0.85
85189,2010-11-08,1,0.85
85189,2011-01-10,3,2.55
85189,2011-01-17,3,2.55
85189,2011-03-14,3,2.55
85196,2009-12-07,12,6.60
85196,2010-01-18,108,59.40
85196,2010-01-25,84,46.20
85196,2010-02-01,85,54.67
85196,2010-02-08,50,43.34
85196,2010-02-15,276,133.08
85196,2010-02-22,396,180.36
85196,2010-03-01,132,72.60
85196,2010-03-08,144,77.64
85196,2010-03-15,145,84.55
85196,2010-03-22,120,66.00
85196,2010-03-29,12,6.60
85198,2009-12-07,12,10.20
85198,2010-01-04,24,20.40
85198,2010-01-11,24,20.40
85198,2010-01-18,12,10.20
85198,2010-01-25,12,10.20
85198,2010-02-01,16,13.60
85198,2010-02-08,37,32.26
85198,2010-02-15,3336,1014.00
85198,2010-02-22,13,11.86
85198,2010-03-01,28,27.04
85198,2010-03-08,98,82.40
85198,2010-03-15,19,21.82
85198,2010-03-22,86,74.72
85198,2010-03-29,12,10.20
85198,2010-04-19,2,3.32
85198,2010-05-10,12,10.20
85198,2010-07-12,12,10.20
85198,2010-07-26,1,0.85
85198,2010-10-04,12,10.20
85198,2010-11-15,13,11.05
85198,2011-01-17,14,11.90
85198,2011-02-14,12,10.20
85198,2011-04-04,13,11.83
85198,2011-04-18,15,15.09
85198,2011-04-25,24,15.36
85198,2011-05-16,12,10.20
85200,2009-12-07,12,15.00
85200,2010-01-18,36,45.00
85200,2010-01-25,84,105.00
85200,2010-02-01,51,63.75
85200,2010-02-08,72,90.00
85200,2010-02-15,42,53.76
85200,2010-02-22,89,111.25
85200,2010-03-01,130,165.02
85200,2010-03-08,137,166.45
85200,2010-03-15,89,117.55
85200,2010-03-22,120,157.56
85200,2010-03-29,2,2.50
85200,2011-01-10,2,2.50
85200,2011-01-17,60,75.00
85200,2011-01-24,10,12.50
85200,2011-01-31,2,2.50
85200,2011-02-07,24,30.00
85200,2011-02-14,24,30.00
85200,2011-02-21,21,26.25
85200,2011-03-07,1,1.25
85200,2011-03-14,12,15.00
85200,2011-03-21,2,2.50
85200,2011-03-28,10,12.50
85200,2011-04-04,10,12.50
85200,2011-04-11,3,3.75
85200,2011-04-18,2,2.50
85206B,2009-12-14,6,9.90
85206B,2010-01-04,216,313.20
85206B,2010-01-11,13,21.45
85206B,2010-01-18,140,209.40
85206B,2010-01-25,26,44.61
85206B,2010-02-01,86,141.90
85206B,2010-02-08,114,188.10
85206B,2010-02-15,124,195.51
85206B,2010-02-22,166,264.81
85206B,2010-03-01,156,250.02
85206B,2010-03-08,261,417.86
85206B,2010-03-15,114,196.65
85206B,2010-03-22,94,170.49
85206B,2010-03-29,11,35.25
85206B,2010-04-05,2,3.30
85206B,2011-01-10,3,4.95
85206B,2011-01-17,11,18.15
85216,2009-11-30,73,54.58
85216,2009-12-07,50,46.76
85216,2009-12-14,100,136.30
85216,2009-12-21,24,15.60
85216,2010-01-04,96,62.40
85216,2010-01-11,25,23.22
85216,2010-01-18,18,53.52
85216,2010-01-25,37,31.02
85216,2010-02-01,48,31.20
85216,2010-02-08,42,27.30
85216,2010-02-15,2,15.24
85216,2010-02-22,31,27.12
85216,2010-03-01,36,23.40
85216,2010-03-08,50,46.44
85216,2010-03-15,37,31.02
85216,2010-03-22,56,43.37
85216,2010-03-29,42,27.30
85216,2010-04-05,30,19.50
85216,2010-04-12,49,31.85
85216,2010-04-19,116,103.28
85216,2010-05-03,312,182.64
85216,2010-05-10,13,15.42
85216,2010-05-17,42,27.30
85216,2010-05-24,50,46.44
85216,2010-05-31,19,19.32
85216,2010-06-07,54,35.10
85216,2010-06-14,49,38.82
85216,2010-06-21,294,162.30
85216,2010-06-28,194,125.64
85216,2010-07-05,12,7.80
85216,2010-07-12,84,48.84
85216,2010-07-19,36,65.22
85216,2010-07-26,12,7.80
85216,2010-08-02,61,46.62
85216,2010-08-09,42,27.30
85216,2010-08-16,41,26.65
85216,2010-08-23,6,3.90
85216,2010-08-30,13,15.42
85216,2010-09-06,30,19.50
85216,2010-09-13,72,46.80
85216,2010-09-20,36,23.40
85216,2010-09-27,61,46.62
85216,2010-10-04,63,61.86
85216,2010-10-11,73,54.42
85216,2010-10-18,48,31.20
85216,2010-10-25,36,23.40
85216,2010-11-01,24,15.60
85216,2010-11-08,37,31.02
85216,2010-11-15,12,7.80
85216,2010-11-29,24,15.60
85216,2011-01-17,18,11.70
85216,2011-02-07,6,3.90
85216,2011-07-04,6,3.90
85216,2011-07-25,6,3.90
85216,2011-10-24,6,3.90
85216,2011-11-14,1,0.65
85217,2009-11-30,56,50.66
85217,2009-12-07,37,31.18
85217,2009-12-14,58,51.96
85217,2009-12-21,12,7.80
85217,2010-01-04,120,78.00
85217,2010-01-11,1,7.62
85217,2010-01-18,25,23.22
85217,2010-01-25,48,31.20
85217,2010-02-08,48,31.20
85217,2010-02-15,241,134.82
85217,2010-02-22,37,31.02
85217,2010-03-01,37,31.02
85217,2010-03-08,49,38.82
85217,2010-03-15,104,81.54
85217,2010-03-22,37,24.05
85217,2010-03-29,42,27.30
85217,2010-04-05,132,71.40
85217,2010-04-12,54,35.10
85217,2010-04-19,63,61.86
85217,2010-04-26,54,35.10
85217,2010-05-03,264,151.44
85217,2010-05-10,109,77.82
85217,2010-05-17,51,50.34
85217,2010-05-24,90,58.50
85217,2010-05-31,19,19.32
85217,2010-06-07,144,93.60
85217,2010-06-14,67,50.52
85217,2010-06-21,36,23.40
85217,2010-06-28,150,97.50
85217,2010-07-05,43,34.92
85217,2010-07-12,96,56.64
85217,2010-07-19,134,101.04
85217,2010-07-26,109,77.82
85217,2010-08-02,31,27.12
85217,2010-08-09,85,62.22
85217,2010-08-16,120,78.00
85217,2010-08-23,57,30.93
85217,2010-09-06,15,9.75
85221,2009-11-30,157,93.17
85221,2009-12-07,266,126.34
85221,2009-12-14,145,79.49
85221,2010-01-04,732,288.60
85221,2010-01-18,25,31.25
85221,2010-01-25,12,15.00
85221,2010-02-01,180,68.40
85221,2010-02-15,144,75.60
85221,2010-02-22,120,150.00
85221,2010-03-01,134,65.62
85221,2010-03-08,128,55.60
85221,2010-03-15,156,86.04
85221,2010-03-22,720,273.60
85221,2010-03-29,120,45.60
85221,2010-04-05,480,182.40
85221,2010-04-19,3,3.75
85221,2010-05-03,24,30.00
85221,2010-05-10,12,15.00
85222,2009-11-30,45,96.70
85222,2009-12-07,144,128.40
85222,2009-12-14,144,128.40
85222,2010-01-04,384,284.40
85222,2010-01-11,36,75.60
85222,2010-01-18,12,25.20
85222,2010-01-25,12,25.20
85222,2010-02-01,15,37.83
85222,2010-02-08,12,25.20
85222,2010-02-22,12,25.20
85222,2010-03-01,132,103.20
85222,2010-03-08,24,50.40
85222,2010-03-15,7,16.81
85222,2010-03-29,264,206.40
85222,2010-04-19,3,6.30
85222,2010-05-03,36,75.60
85222,2010-05-10,86,184.82
85222,2010-05-17,12,25.20
85222,2010-05-24,12,25.20
85222,2010-05-31,13,29.41
85222,2010-06-07,1,4.21
85222,2010-06-21,1,2.10
85224,2009-11-30,122,52.00
85224,2009-12-07,201,114.70
85224,2009-12-14,62,31.40
85224,2010-01-04,312,139.20
85224,2010-01-18,1,4.21
85224,2010-02-01,60,22.80
85224,2010-02-08,13,29.41
85224,2010-02-22,12,25.20
85224,2010-03-01,27,58.81
85224,2010-03-08,6,12.60
85224,2010-03-15,1,4.21
85224,2010-03-22,1,2.10
85224,2010-03-29,60,22.80
85224,2010-04-05,1,4.21
85224,2010-04-12,4,8.40
85224,2010-04-19,12,20.28
85224,2010-04-26,12,25.20
85224,2010-05-03,121,49.81
85224,2010-05-10,60,22.80
85224,2010-05-17,3,12.63
85224,2010-05-24,4,10.51
85224,2010-05-31,132,70.80
85224,2010-06-07,205,79.62
85224,2010-06-14,63,29.10
85224,2010-06-28,12,25.20
85224,2010-07-12,60,22.80
85224,2010-07-26,2,8.42
85224,2010-08-02,60,22.80
85224,2010-08-09,60,22.80
85224,2010-08-16,60,22.80
85224,2010-08-23,12,25.20
85224,2010-08-30,120,45.60
85224,2010-09-06,60,22.80
85224,2010-09-13,48,18.24
85224,2010-10-11,7,14.70
85224,2010-10-25,5,10.50
85224,2010-11-08,4,8.40
85224,2011-03-21,3,6.30
85226A,2009-11-30,46,29.90
85226A,2009-12-07,501,217.75
85226A,2009-12-14,55,37.15
85226A,2009-12-21,14,10.00
85226A,2010-01-04,3,1.65
85226A,2010-01-18,21,12.66
85226A,2010-02-01,23,12.65
85226A,2010-02-08,24,13.20
85226A,2010-02-15,53,29.15
85226A,2010-02-22,74,40.70
85226A,2010-03-01,15,8.25
85226A,2010-03-08,7,3.85
85226A,2010-03-15,24,13.20
85226A,2010-03-22,45,24.75
85226A,2010-03-29,6,5.48
85226A,2010-04-05,2,1.10
85226A,2010-04-19,26,16.52
85226A,2010-04-26,37,20.35
85226A,2010-05-03,8,5.51
85226A,2010-05-10,29,20.39
85226A,2010-05-24,12,6.60
85226A,2010-05-31,6,9.96
85226A,2010-06-14,69,37.95
85226A,2010-06-21,1,0.55
85226A,2010-06-28,7,3.85
85226A,2010-07-05,10,5.50
85226A,2010-07-12,56,30.80
85226A,2010-08-02,12,6.60
85226A,2010-08-23,12,6.60
85226A,2010-08-30,28,15.40
85226A,2010-09-06,1,0.55
85226A,2010-09-13,24,13.20
85226A,2010-09-20,8,4.40
85226A,2010-10-04,85,47.86
85226A,2010-10-11,33,18.15
85226A,2010-10-18,31,17.05
85226A,2010-10-25,42,23.10
85226A,2010-11-01,38,22.01
85226A,2010-11-08,105,68.85
85226A,2010-11-15,101,57.77
85226A,2010-11-22,23,13.76
85231L,2009-11-30,140,119.00
85231L,2009-12-07,55,46.75
85231L,2009-12-14,148,115.80
85231L,2009-12-21,2,1.70
85231L,2010-01-04,25,21.25
85231L,2010-01-11,42,35.70
85231L,2010-01-18,49,41.65
85231L,2010-01-25,38,33.92
85231L,2010-02-01,13,14.29
85231L,2010-02-08,61,53.47
85231L,2010-02-15,13,11.05
85231L,2010-02-22,217,161.86
85231L,2010-03-01,170,125.00
85231L,2010-03-08,27,23.76
85231L,2010-03-15,36,30.60
85231L,2010-03-22,5,4.25
85231L,2010-04-19,1,0.85
85231L,2010-04-26,1,0.85
85232A,2009-11-30,10,49.50
85232A,2009-12-14,4,19.80
85232A,2009-12-21,2,9.90
85232A,2010-01-04,4,19.80
85232A,2010-01-11,9,44.55
85232A,2010-01-18,7,34.65
85232A,2010-01-25,12,59.40
85232A,2010-02-01,3,20.07
85232A,2010-02-08,5,24.75
85232A,2010-02-15,7,34.65
85232A,2010-02-22,6,29.70
85232A,2010-03-01,27,133.65
85232A,2010-03-08,1,10.17
85232A,2010-03-15,3,14.85
85232A,2010-03-22,10,49.50
85232A,2010-04-05,31,141.87
85232A,2010-04-12,10,49.50
85232A,2010-04-19,5,29.97
85232A,2010-04-26,8,39.60
85232A,2010-05-03,5,24.75
85232A,2010-05-10,6,29.70
85232A,2010-05-17,1,4.95
85232A,2010-05-24,2,15.12
85232A,2010-05-31,6,29.70
85232A,2010-06-07,1,4.95
85232A,2010-06-14,20,104.22
85232A,2010-06-21,4,19.80
85232A,2010-06-28,7,34.65
85232A,2010-07-05,9,49.77
85232A,2010-07-12,3,14.85
85232A,2010-07-19,4,25.02
85232A,2010-07-26,10,49.50
85232A,2010-08-02,4,19.80
85232A,2010-08-09,3,14.85
85232A,2010-08-16,1,4.95
85232A,2010-08-23,6,29.70
85232A,2010-09-06,5,24.75
85232A,2010-09-13,4,19.80
85232A,2010-09-27,1,10.17
85232A,2010-10-04,9,44.55
85232A,2010-10-11,9,44.55
85232A,2010-10-18,1,4.95
85232A,2010-11-01,2,9.90
85232A,2010-11-08,3,14.85
85232A,2010-11-15,2,9.90
85232A,2010-11-22,7,39.87
85232A,2010-11-29,1,10.17
85232A,2010-12-13,4,25.02
85232A,2010-12-20,6,29.70
85232A,2011-01-03,1,4.95
85232A,2011-01-10,8,39.60
85232A,2011-01-17,5,29.76
85232A,2011-01-24,2,14.91
85232A,2011-01-31,1,9.96
85232A,2011-02-07,32,141.60
85232A,2011-02-14,7,34.65
85232A,2011-02-21,3,14.85
85232A,2011-02-28,4,19.80
85232A,2011-03-07,1,4.95
85232A,2011-03-14,2,9.90
85232A,2011-05-30,1,4.95
85232A,2011-06-06,1,4.95
